productId,userId,profileName,helpfulness,score,time,date,summary,text
B002QZ1RS6,A34F6FXWRU96I6,"Maria De La Rosa ""Lucia""",49/61,5.0,1254268800,2009-09-30 00:00:00,Amazing Program it have change my life for better and it is by far the best fitness program out there.,"Shaun T uses a technique called Max interval training. Basically he has you workout at 110% for a period of time and then do an extremely short break before you jump right into the workout routine again, but this time do it faster.<br /><br />This method is proving to be extremely effective and popular. It is interesting to note that at this point 64% of people think Insanity is a better workout then the ever popular P90X workout.<br /><br /> I believe it has exceeded the expectations of most that really care.<br /><br />The workout is 60 days long, and the first half is easier then the second half. The workouts start out at about 40 minutes long on average and in the second month increase to an hour long each day. And with the difficulty of the first 30 days the second 30 days should prove to be a real challenge for those willing to give it a shot.<br /><br />Shaun T's Max Interval training takes you through a series of workouts, then he repeats these workouts, but at a faster pace then before. Then once again you must repeat it a third time, but even faster. This makes the workouts easier to follow along with and is extremely effective... and difficult.<br /><br />Some of the most difficult aspects of the insanity workout is the level 1 and level 2 drills. These are a lot of up and down movements with push ups, jumps and they are very difficult to do.<br /><br />Many people are calling Insanity the P90X of cardio, but I think it is much more then that. It is a full body workout and is pretty difficult to do.<br />An let me tell you it does work you just have to be consistent with your work out and remember is not the program hows going to change you is you who decide to change with the help of this program. Good luck"
B002QZ1RS6,A1TU0BJNY0P9TW,"Scott E. Vezina ""thevez""",115/122,4.0,1255564800,2009-10-15 00:00:00,"Really good. Really, really, really HARD!","I've done and continue to use at home workout DVD's.  I am a P90X advocate and still enjoy it.  The ""Insanity"" workout is just that, INSANEly difficult.  I consider myself in an advanced category (or very close) in cardio workouts, but it took me three weeks to finish any of the workouts for the duration.  I found that after 30 minutes I just couldn't muster enough energy to complete the entire workout at the expected pace.<br /><br />This is a really tough workout.  It' the first time I've ever seen the actual participants take breaks during the routine.  Unless your ready to workout out to exhaustion, don't buy this yet.  Try P90X and P90X+ workouts.  If you can finish those without any breaks or exhaustion then this might work for you!"
B002QZ1RS6,A3B57GQU9GVTG5,T. Gamble,30/42,3.0,1255996800,2009-10-20 00:00:00,WHEW!!!!,"Let me  say this workout is way way over the top for cardio. I agree what Scott wrote about,if you haven't finished P90x don't even bother with this. I have done many cardio dvds before and never had to keep stopping to catch my breath.  I even saw some of his people in the video stopping and half doing it.  You will have to be in perfect shape for this. I had about 14 minutes left in the video so I stopped.  My pulse was beating so fast,and I got worried. Now it's a good video if you have the stamia to keep up. The video does tell you to go your own pace, but oh my, you will still pass out. I call it a quick, fast, stop for 30 seconds and back at it again cardio.  They named this dvd with the right title. I probably won't be doing this workout video. I will stick with what's best for my body."
B002QZ1RS6,A2CPC9OTB10XR7,L. Schulz,16/17,5.0,1256169600,2009-10-22 00:00:00,This is insanity!,"No bones about it- this is a tough workout dvd set. It is well made and I like Shaun T's style. It is tough. The latest research on CARDIO Fitness shows that 2 hours of intense cardio a week is the way to train your heart for all kinds of heath benefits. Well this DVD set will accomplish that. It is tough and you can take breaks, Shaun also encourages the use of a heart rate monitor. You have to listen to your body, take breaks when needed but also dig deep and push yourself."
B002QZ1RS6,A2CDESQB8MJTQH,Denise Arsenault,0/2,5.0,1258848000,2009-11-22 00:00:00,Excellent product!!,Excellent product! You see results within 60 days just like it says. I love it!!
B002QZ1RS6,AQ56Z8MOFLOLF,P. R. Ortega,6/20,3.0,1258848000,2009-11-22 00:00:00,good videos but mislabeled,The DVDs are fine but the labels on them are not what DVD is actually.  We had to go through and watch the videos and relabel them by what DVD it should say on the outside.
B002QZ1RS6,A22CXUZJN9L25R,Johanna Seele,18/89,1.0,1259020800,2009-11-24 00:00:00,"Insanity Workout - unable to ""really"" rate this product","I haven't been able to use the workout.  While it plays on my computer here at work, it won't play on my DVD player at home.  I emailed Lorraine Sperrazza twice, heard back from her once but haven't heard back from her with an answer to my second email. My first email stated that I could not play the Fitness DVD, that was before I found out that the entire set doesn't play on my DVD player at home. It's insane for them to think that I can do the work out at work!<br /><br />I also do not want a refund, I really want this program.  Any suggestions?  Can you guys help me instead?  I don't know where to return this so that I can get a replacement.  They obviously have my money...  HELP!!!<br /><br />Johanna"
B002QZ1RS6,A2CDESQB8MJTQH,Denise Arsenault,1/3,5.0,1259107200,2009-11-25 00:00:00,great product!!,"This is a GREAT workout!! You see results in 60 days,just like it says. I LOVE it!!"
B002QZ1RS6,A1ZOO9NUH3EVE,"PushingDaisies ""Stacy Trish""",9/9,5.0,1259625600,2009-12-01 00:00:00,"Shaun T kicks my butt, and his isn't half bad either!","I have played basketball, tennis, golf and soccer consistently throughout my life; I also attend a gym almost daily, live an active lifestyle and had a personal trainer for almost 3 months this past summer (longer than Insanity takes). I eat well (especially for a college student), but do drink a bit to cancel out some hard workout time. However, I have NEVER had results like I have with this DVD. I push myself when working out, especially when I'm with others who challenge me further, so this DVD set was right up my alley.<br /><br />Initially, the workout was a little intimidating and I had a hard time keeping up, but it was supportive to see that the workout was giving a good challenge even to people with ripped bodies - that told me that I would never get bored with this workout because I would always have something to work to. Plus there's always room to ""dig deeper!"" Furthermore, there's a woman in her 40's on his team - at 21 and in active shape I should be able to keep up!<br /><br />Shaun T presents a very intense, diversified and energetic workout that has left me feeling much stronger, more flexible and with greater stamina. Lastly, when I get out of a late class or work and the gym is closed, these DVDs are always ready to go no matter the time of day. I recommend this to any one looking for an incredible workout - as Shaun T would say, ""it's insanity!"""
B002QZ1RS6,A2ACXWMY4B61XS,"R. Benson ""CelticOne""",2/2,5.0,1259798400,2009-12-03 00:00:00,I'm sore!,"Great workout.. on day five and my legs have felt sore since day one.  Think it will be very beneficial, but I don't recommend it for people who are not already fairly active; it really is a difficult workout.  Enjoy!"
B002QZ1RS6,A2Q1CL5XJVRG0R,A. Larios,7/8,4.0,1260057600,2009-12-06 00:00:00,Insanity Video workout,"If you're not in shape, you're in for a ride. Personally went into it thinking I could handle it, but listen to others advice. Make sure you're in good physical condition to do it otherwise  you're just going to invest your money in something that you're not going to use. Nothing is impossible, but you have to really want it, and bad to keep going with this."
B002QZ1RS6,A320JWOLICLEX7,B. Miller,8/20,5.0,1260835200,2009-12-15 00:00:00,ATTENTION REVIEWERS,"Attention Reviewers:<br /><br />Potential customers would appreciate it if when you reviewed this particular product that you give your age, height, weight and workout history.  This would help in determining if this product would work for them.<br /><br />Simply complaining because the workout was to ""INTENSE"" is simply not a good review and doesn't help out someone seriously considering purchasing this product.<br /><br />I'm 25 years old, 165lbs, 5'11"" and have had a history of not going to the gym but participating in outdoor activities such as backpacking, skiing, rock climbing, and any other intense outdoor adventure.<br /><br />I currently don't have this product but from some reviews I've read [...] I've found some honest descriptive advice and linked up with some people who are just normal people like you and me that has helped me make my decision.<br /><br />I will post my review after I get this product and after about 2-3 weeks."
B002QZ1RS6,AUR08D0T6MZK5,C. N. Sheridan,471/484,5.0,1261526400,2009-12-23 00:00:00,"If You Do It, It Will Do It","Okay, I'm 54 and have run regularly, lifted weights but couldn't get the reduction in inches and bodyfat that I wanted.  I did P90X in the summer and a month of P90X+.  Great programs that got me into the consistent routine of early morning (5 AM) workouts and built overall strength, coordination, and flexibility.  With a 2 pound weight loss, but, I admit I was not very careful with the nutrition plan.<br /><br />Enter Insanity.  I cut out white[flour]bakery products, sweets, sweetened drinks, all sodas, and desserts except for once a week.  Then I started the craziness.  There's no need to tell what's in the package, others have done that.  Let me say I lost 12 pounds and an inch and a half off my waistline in 60 days.  This on a frame my family and friends said had nothing to lose.<br /><br />This program works if you follow it.  Don't worry about keeping up with the folks on the video because NONE of them do all of the routines to completion on any of the DVDs.  You do your best at YOUR pace but it has to be your BEST.  It never gets easier because as you get more conditioned, you do more repetitions.  You must do the Fit Test because you WILL see improvements and the test won't lie and it will keep you motivated.<br /><br />It's not easy but it works.  Nothing worthwhile is easy so why should this be different?  You have to be in decent, not great, shape, and follow the warnings about injuries and other potential health problems because it is a serious workout.  But if you get the green light and you stick with it, you won't regret it.  There's nothing to it but to do it.<br /><br />PROGRAM UPDATE: I have completed another four cycles since this first review.  I have added some variations such as some running and weight workouts.  STILL, I cannot do ANY Insanity routine all the way through without taking a break a couple of times.  It's not the agony of when I first started but it's still hard and remains a challenge to keep doing. However, I feel better than I ever have in terms of conditioning and stamina and so does my wife who has started and continued this program after I finished my first cycle.<br /><br />Give it YOUR best!"
B002QZ1RS6,A3Q2HFUIRCUGI8,"Rolando Aguillon Aguilar ""Rolando Aguillon""",2/3,5.0,1261958400,2009-12-28 00:00:00,Great Workout,"If you are looking for the next way to push your body to your limit, insanity is the thing for you!!! it is explosive, intense and demands mental toughness. Stick to the program and you will know it works.. If you are a begginner, please dont try this at home.. you can injure yourself.. try something lighter until you feel physically ready to commit to this program"
B002QZ1RS6,AIXCOWSM3GLI5,"Mommasita ""Rby2zdy""",13/14,5.0,1262304000,2010-01-01 00:00:00,JUST DO IT!!,"JUST DO IT!!<br />I wasn't hestitant at all about ordering this dvd! I know it's mind over matter. Yes It's hard...but worth it! My husband and I both are on the program together. I am a 31 years old and a stay at home of two. I am 5 feet 102 lbs. I AM NOT DOING THIS PROGRAM TO LOSE WEIGHT! I am however doing this to get muscle tone (especially in the stomach area).<br />My husband is 5'11"" tall and 190 lbs. He wants to tone as well.<br />We've been following the diet and exercise program religiously and after three days, my husband lost 4 lbs and I can see my abs!<br />We've only been doing this program for 2 weeks and LOVE it. Seeing the results so quickly make us keep on going.<br />Neither of us are P90X graduates. Listen to the advice of Shaun T: 1.)go at our own pace and 2.) frequently take breaks.<br />See you at the finish!!!"
B002QZ1RS6,A1JBK4HHU0XWMI,C. Widman,0/0,3.0,1262649600,2010-01-05 00:00:00,I want to love this...  BUT,"I got this for Xmas and was very excited - spent the first four days doing this according to plan.  I should add that I am in my 30's and teach fitness classes at my gym and am in pretty decent shape.  I exercise regularly.  However, I have a history of issues with my knees.  I can avoid flare ups if I avoid lunges, etc. This DVD set makes it literally impossible for people with joint issues - especially knees - to participate in this without seriously injuring themselves.  This is stated on the warning at the beginning of the program - however, nowhere did I read that before dropping $150 to order.  Shaun T is awesome - the program is challenging and if you are looking for something to use at home, get this.  It is addicting and intense.  However, if you have even the slightest issue with your knees, DO NOT BUY THIS!"
B002QZ1RS6,A2FYATCIFDNMB2,M. Moon,13/15,4.0,1262822400,2010-01-07 00:00:00,really intense killer workout,"i have been doing this workout quite regularly for about a month now. just this week, i decided to follow the schedule to see if i can keep doing it for the full two months. let me start by saying that this is damn hard!! i haven't been able to complete any of the workouts without stopping for breaks or modifying some of the harder moves (walking planks, push ups on one leg, etc etc). at the end of the workout, i feel exhausted...like i have nothing left.<br /><br />my only concern about this workout is the fact that i just can't do all the exercises.i know that i am sometimes compromising form for speed b/c it's so hard to keep up. i wonder if it's better to do something a little easier like Jillian Michael's Banish Fat Burn Metabolism and be able to complete the entire workout. in the end, which workout is burning more calories? both are about 45 minutes long. both work every muscle in the body. however, beach body is so hard that i have to take a lot of breaks, modify and go at my own pace. (BFBM is tough but doable and i can do everything i'm asked to do.) i think i'd have to strap myself up to some sort of calorie burning device to know for sure.<br /><br />anyway, i would definitely recommend this to people who are looking for a challenging, intense, high energy workout.<br /><br />Ps. i should add that i am an active person. i run half marathons and paddle on a competitive dragonboat team. i guess, you can say that i am in shape; however i still find these dvds to be insanely challenging!"
B002QZ1RS6,A3INFCS5UXKW7C,N. J. Johnson,43/53,3.0,1263081600,2010-01-10 00:00:00,From a beginner's view.,"Age: 26  Weight:185 lbs<br /><br />I usually do some pushups and situps about 4 times a week and in my job I walk about 2 miles a day, sometimes fast paced walking. When I stepped into this program I knew it was going to be tough but it was way harder than any workout I have ever done. It is like some other reviewers have said, ""impossible"" ,to keep up with the instructer during the excercises. They move way to fast and it seems like I'm constantly staring at the screen saying ""Are you F#$@ing serious?"" a lot. The program is very repetitive so I don't know why it comes with so many DVD's when a lot of the same excercises are on each DVD. They also only put one to two workouts on each DVD which range from 30 to about 45 minutes a piece so they obviously could have made this into a 3 to 4 disc set easily. The nutrition guide isn't of much help because basically all it suggests is just different meals with what could easily be summed up on the back of the box as---> (During the 60 days of this workout DO NOT EAT FRIED FOOD) The instructer, Shaun T., is a great motivator and teacher but I think he had some other single disc DVD's that could offer the same advice but keep a lot more money in your wallet. I would try looking those up. All in all I just don't think this workout is worth the money. Make sure you check with your doctor before you start this or any workout. Peace."
B002QZ1RS6,A473HP8RAU6Z5,J. Huesmann,6/6,5.0,1263168000,2010-01-11 00:00:00,Puddles of Sweat!,"This workout is insanely tough.  You will drink buckets of water, and sweat it all out.  The workout consists of a bunch of exercises using only your own body weight to work your entire body: pushups, suicides, high knees, all kinds of stuff.  There are a lot of intervals, where Shaun T has you doing exercises in three progressively faster stages.  As has been mentioned, you just gotta go at your own pace--if you can't keep up with the people in the video it's OK as long as you're doing your best.  Even the people in the videos take occasional breaks when things get too much for them.<br /><br />FWIW, I'm 39, 5-10 and was 162 when I started the program.  I only lost about 5 lb, but got pretty cut.  IMO the real benefit of the program is the cardio shape it gets you in."
B002QZ1RS6,A3QJGC6TBUW6BB,"bballer ""E""",20/22,4.0,1263168000,2010-01-11 00:00:00,Bananas,This workout is bananas!  Crazy sweat comes off you fast.  If you want to sweat a lot this is your workout.  I use to have bad knees before this workout having popping and cracking noises and I did have problems with them in this workout.  But if you press on through it your legs will get crazy strong.  Like my biggest problem was if i needed to all of the sudden run across the street or just run spontaneously I could not without having pain in one of my knees.  But now i can jog or sprint across without having to do a stretch or warm up first.<br />I still need to do the last part of the program which is the Max cardio portion which i know I am going to get hammered!<br />The ab routine is like nothing you ever done before.  You definitely feel your stomach working.  The only thing is I would like to have some weights included in some of the routines.
B002QZ1RS6,A38MDTOGKJCD5G,"J. McLean ""hey man""",8/9,5.0,1263340800,2010-01-13 00:00:00,Fantastic Cardio Program,"This is an unbelievable cardio workout program.  I've finished 3 rounds of P90X and love that product, but it really lacks a good cardio component.  With Insanity I'm burning between 600 to 800 calories a workout (and that's with taking breaks).<br /><br />A couple of important points: You should already be in very good shape before you do this type of program.  It is designed for individuals who want to take it to another level, not for sedimentary individuals who want to lose 50 pounds.  Also, if you have knee issues, this may not be appropriate-there are a lot of high impact moves.<br /><br />I would suggest getting cross-training shoes with very good support, a mat (if you are working out on a hard surface like concrete), and a heart rate monitor.<br /><br />The program is based upon interval training, which is a scientifically proven way to very effectively lose weight, so it is ideal for those wanting a more toned and hard body.  One thing I've done is incorporated two days of upper body strength training because Insanity has very little in the way of upper body work. 60 days without any strength training for your upper body can cause some atrophy.  There is sufficient plyometric training for the lower body so no real need to include any additional work for your legs.<br /><br />Overall a great (very) intensive cardio program. Some repetition in the workouts, but Shaun T. does a very good job of continually giving pointers about form and breathing.  Highly recommended."
B002QZ1RS6,A344N7ISB0S4TT,"Tanya ""Tanya""",5/6,5.0,1263427200,2010-01-14 00:00:00,Love Insanity!,"Great, great workout!  Extremely hard, but that's what's great about it.  I am a big advocate of the P90X program, but I'm seeing results much faster with Insanity.  I've lost 4 lbs and 2 inches from my waist in the first four weeks. (I'm 5'6 and 135 lbs).  I definitely recommend this product.  Even if you are a beginner, you can always ""go at your own pace""."
B002QZ1RS6,AFUL4RWG344J3,"A. Cohen ""Andy""",37/39,5.0,1263600000,2010-01-16 00:00:00,WORKING SO FAR FOR THIS FAT GUY,"This workout is without a doubt the most intense workout I've ever done.  To make a long story short, I've lost fourteen pounds in the first two weeks with this program.  I've eaten healthier which played a big part, but I also am committed to this program.  I can't wait to see the results I will have at the end of the sixty days.  I will update this review then.  Keep in mind though this isn't some easy workout.  I knew I was in for a challenge when the people with perfect 10 bodies in the video were having to take rests throughout these workouts.  What's cool is Shaun T. is encouraging and it feels like he's in the room with you.  I also save time going back and forth to the gym and can do it all in the comfort and privacy of my own home.  It comes with a calendar so you are sure to be on the right page everyday with this program.  If I can lose 14 pounds in the first two weeks imagine what you can do.  If my results continue to be this great I will write Shaun a letter and thank him.  I really appreciate him putting this program together."
B002QZ1RS6,A595T15OO91DC,"A. Ort ""aorto""",0/0,4.0,1264204800,2010-01-23 00:00:00,P90X this isn't...,"I'm a former P90X junkie.  That program literally changed my life and got me into the best shape of my life, even at 40 years old.  However, this is not P90X.  That is not a criticism at all, just don't expect more of the same.<br /><br />This is all floor exercises using your body weight with lots of plyometric and isometic exercises, cardio and core exercise that will work you - hard.  The exercises come fast and furious with a good mix of cardio and strength building (e.g. squat type exercises and push-up type exercises).  But its primary focus is the CORE.  If you didn't know what that meant before Insanity, you will definitely understand it once you begin.<br /><br />It's broken into two four week segments with a ""recovery"" (I use that term loosely..) week in between.  The warm-up itself is a workout.  The first four weeks are two rounds of three sets of a series of exercises equaling about 40 minutes per session.  In the second four weeks you'll find some of the warm-up exercises were exercises from the actual program from the first four weeks.  And the program itself moves to three rounds of three different sets of exercises equaling about an hour.  You'll actually be begging to go back to the first four weeks. If you like crazy, you'll love it...<br /><br />Shaun T is a good motivator and provides good tips about proper form and techniques.  The music adds to the program as well; as each routine picks up intensity, the music is well designed to keep you going.<br /><br />It is tough on the body, though, so be forewarned.  If you aren't in some semblance of shape, you may want to rethink this one.  I pulled a neck muscle during the first week because I didn't breathe properly.  It will tax your joints, your knees, your feet, your back.  If you are injury prone, be extremely careful.  Modify if you need to or pass on it altogether.<br /><br />It requires serious focus.  Breathing is key.  Drink lots of water.  And move at your own pace. Even the participants in the DVD (including Shaun T) have to quit and take breaks.  It's that intense.<br /><br />The caveat is really only this: you may lose some of the ""glamour"" muscles.  This doesn't mean you will get less strong but there are no no exercises for the biceps or the lats (no pull-ups here).  However, the muscles you do have (especially the legs) will be stronger and more defined.  If you want to maintain weight, you will need to increase your food intake big time, especially as the program progresses.<br /><br />Your body will change and your core (including the abs) will be stronger than you ever thought possible and you will be in incredible shape, even if you only do the program at half the intensity.<br /><br />I give it a definite thumbs up but know what you want to get out of the program and understand what it is about before investing your time and money in it.<br /><br />UPDATE: The first time around I was surprised and frustrated with the loss of size (due to lack of adequate calorie intake) but a second round with more focus is producing positive results.  The body fat reduction happened from the top down.  I am seeing more definition in the shoulders and the chest and seeing muscles in and around the abs, especially the obliques.  Things just feel tighter all the way around.  The ""spare tire"" thing is not completely gone though I feel quite ok in a t-shirt that fits rather than a larger size to hide behind.  Results: maintained my body weight and dropped from 20 to 16% body fat which means I actually built muscle.<br /><br />Final reflections: Using the CORE (which is much more than just your abs) makes all the difference.  Keep it tight, no shortcuts and you'll feel your power increasing.  The true test of this is during the high knee run in the warm-up and in the high jumps on the cardio power and resistance disc.  If you use anything other than your core, you will never get the speed and power and you risk injuring your back.<br /><br />If I could emphasize one other thing it is to continually push through.  One more rep, one more second, just a little further than you think you can.  Don't be foolish, recognize your limitations, but don't confuse your body's need for rest with your mind's tendency to quit too soon.<br /><br />And, just as a reminder, drink lots and lots of water before, during and after.<br /><br />Heads up: Shaun T has a new program just out called <a href=""http://www.amazon.com/gp/product/B004X81ZXG"">Insanity: The Asylum Deluxe</a>.  It's a 30 day program using sports training techniques that looks brutal.  And that's a good thing..."
B002QZ1RS6,A111WVXDVT57VE,Sammy,4/4,4.0,1264204800,2010-01-23 00:00:00,"Tough, but fair","This is my second time trying this program, not because I felt defeated but because I couldn't keep up with the time schedule.  I was time restricted and during long days at work, the last thing I wanted to do was go home and work out.  That and I always felt like I was failing at his program because I wasn't able to keep up.  But, I'm back and I have to say it's a tough program, but I'm actually listening to Shaun T's words this time.  It may seem like he's pushing you to go as fast as him and the rest of the people in the video, but he clearly states in every video to take your time.  Don't neglect form for speed.  And he's right.  I'm only in the first week and I feel like I want to curse him out every single time, but it's all worth it.  The muscles are sore, but in a good way.  And I'm positive that this time I will finish it.  If anyone's wondering, I'm an avid gym goer.  I'm there 4 days a week (at home 2 days) mixing intense cardio with strength training, so exercise is not a foreign term to me.  Just stick with it and I'm sure you'll see results."
B002QZ1RS6,A2Y3MEHTGRVRMA,Nagafighter,17/23,3.0,1264204800,2010-01-23 00:00:00,DVD's messed up,"The workouts themselves are great.  Anyone who complains about them being too tough just has to modify and slowly build up to doing what the on-screen crew is doing.<br /><br />The problem that I have has to do with the quality of the dvd's.  I ordered two sets -- one to give as a gift.  In both sets the routines ""Max interval sports training & Insane abs,"" and ""Insane abs,"" jump from one part of the routine to another every ten seconds or so.  The on-screen timer jumps around with the sceen-changes, but the dvd timer clicks along in the normal fashion, so the dvd's were 'printed' this way.  In one of the sets I received, all of the dvd's that are supposed to contain two routines do not have the second one.<br /><br />Beachbody publishes this and does not seem be a quality company.  When I contacted them about the problem, they were uninterested because I had purchased from secondary sources.  If you want to purchase this workout, do so knowing that you may be getting only part of what you are paying for."
B002QZ1RS6,AJDUFPXV9FO0Y,A. Hsu,2/2,4.0,1264291200,2010-01-24 00:00:00,Best Workout Ever!,"I was very impressed with the DVDs.  I admit it is challenging, but in a good way.  Also, the exercises are not extremely complicated like in some other workout programs.  It makes you work and work hard.  I also like this better than P90X (which I also own). So if you are looking for something to step your game up then this is it."
B002QZ1RS6,A2MGWX5R37UQ0U,Michael T. Benusa,17/69,1.0,1264291200,2010-01-24 00:00:00,Faulty product,"So far 3 of the discs in my set don't work. Some skip the entire workout and just go to the cool down, others skip parts of the workout or start in the middle."
B002QZ1RS6,A2LIH90J2KCFUB,Chad Roberts,9/10,4.0,1264550400,2010-01-27 00:00:00,Everything it says it will be,"I bought this product on eBay (which was less than half the price of the official site) and it works very well. I am overweight and out of shape and was warned that this was not for beginners. However, I went for it anyway. I just do what I can and rest when needed. This series gets the heart pumping and is a great way to lose weight and get in (better) shape. I've completed two weeks and I can already tell I'm doing better as I can get through most of the warm-up without stopping now. My only issue is that 90% of the workouts and stretches focus on the legs. There are little upper body exercises to be done. Yes, there are some but it is extremely disproportionate. Most of the time I have to stop because my legs are burning, not necessarily because I'm out of breath. One will not get a six-pack and a ripped upper body with this set. Overall, it's worth the money if you buy it elsewhere because $150 for 11 discs is ridiculous imho."
B002QZ1RS6,A1E120JISHSKRH,Anne,5/5,5.0,1264636800,2010-01-28 00:00:00,Hardest Workout Ever!,"I have done a lot of video/DVD workouts over the years, starting with Jane Fonda in the 80s, The Firm, Cathe Friedrich, Jari Love, P90X, etc...and I love them all but this is definitely the one that gives you the most bang for your buck.  I like weights but I also like that there are no accoutrements with this workout, it's just you and your sweat.  I love P90X, but hated all those damn pull-ups.  This workout is really, really hard but the exercises are very straightforward and achievable.  I love it.  The guy who said don't do this before bed because you won't sleep is right - you will be leaping out of your skin with energy!  I lost four pounds the first week and all my muscles feel firmer.  I am a 43 y.o. woman, 5'8"" and need to lose at least 20 pounds but I've been exercising a long time and am very fit under my fat.  This workout is NOT for the novice exerciser."
B002QZ1RS6,A2F8FRYT1CXIBK,"Roy Lederman ""Advisor""",5/5,5.0,1264809600,2010-01-30 00:00:00,AWESOME!!!,"Absolute best workout videos ever!  Prior to starting Insanity, I worked out 5-7 days a week for a minimum of 50 minutes.  I had definitely reached a plateau with my gym workouts and running and was ready for a change.  After just under two weeks, I am already seeing results.  I haven't even started the ab workout yet, and the definition I am already seeing is awesome!  While the workouts can be a challenge, Shaun is highly motivating and makes me push myself harder.  I have several other workout videos, and Insanity, hands down, is the BEST.  I've actually started a little workout group at my office.  While they can't commit to the six days a week schedule (and they're just now beginning to incorporate exercising into their lives), three days a week I will bring in whatever workout I'm on and we all do it together.  Great fun!  Prior to ordering Insanity, I read a lot of the reviews and having had some knee problems, I was a little nervous.  If you follow Shaun and his instruction (plus invest in some good cross trainers), you should be okay. I am keeping my fingers crossed that I don't encounter any problems because I honestly don't know what I'd do if I couldn't do the Insanity workouts.  I'd probably be very b*%chy!  Buy it, do it and be amazed!  Shaun, I LOVE IT!!!"
B002QZ1RS6,A2CBLP65NUWH3Q,kalika1823,3/3,5.0,1264809600,2010-01-30 00:00:00,Great Product,"I am a graduate of both P90x and P90x Plus and I love the Insanity workout program.  While P90x gave me fantastic results, I wasn't such a big fan of all the lifting and wished there was more intense cardio.  This program gives me an amazing cardio workout and I've seen great results so far in the first three weeks alone.  After the 60 day program I plan on going back to P90x Plus for 120 days and then doing Insanity for 60 days.  Just a warning, this program is not for beginers or people trying to get into shape.  You must already have a high level of fitness ability before attempting this program.  If you are trying to get into shape, start with P90x...another fantastic fitness program.  These cardio workouts are very, very difficult and a great challenge.  My husband thought it was too much cardio for him to maintain his muscle mass and weight, so he just added the cardio workouts into his P90x routine."
B002QZ1RS6,A3ES44HLS91BOK,"D. Sharpe ""WISDOMSEEKER""",5/5,5.0,1264896000,2010-01-31 00:00:00,Great Change of Pace!!!!,"I kept searching and searching for a high intensity workout and came accross Insanity.  This is a great investment (it cost $155.00), that is well worth the price.  I have to warn those who are considering purchasing this program of several things:<br /><br />1.  This workout is in no way suitable for beginners!  This workout is more suitable for those who do high intensity workouts or athletes.  Beginners should start with Crunch, Kathy Smith, Self, or even Shape workouts.<br /><br />2.  If you have any type of problems with your knees or legs, or even heart.  You may want to look for something else.<br /><br />3.  $155.00 seems like alot of money, but if you are like me and you purchase workout dvds every few months or so, it will pretty much add up to about 14.99 a workout, and a recipe book is included in the package.<br /><br />4.If you are going to purchase this from the amazon website, I would suggest ordering it straight from Amazon, as opposed to one of the other sellers, because you are guaranteed  your package and it only takes a few days to arrive.<br /><br />5. You get 10+ workouts (some of the dvds have more than one workout on them)<br /><br />I am really excited about this workout.  Everytime I finish a workout, I feel accopmlished becuase it is really, really, tough!<br /><br />No pain, no gain!"
B002QZ1RS6,ATJ5Z59YD0OE0,"Thomas E. Mason ""T. Mason""",0/0,5.0,1264896000,2010-01-31 00:00:00,Insanity is a great workout.,Shaun T does it again. Insanity is a great workout. I would definitely recommend this product.
B002QZ1RS6,A2LV9UPUNC6LP7,"Michele E. Dean ""HappyBuyer""",0/0,4.0,1265068800,2010-02-02 00:00:00,Excellent seller,"I purchased Insanity looking for a fast/fun way to become fit. This is definitely the hardest workout I have ever done, but it is worth it. When I purchased the product it was shipped  the first day I ordered it and it was received in a timely matter. One of the 10 discs was not working properly, but the seller replaced the broken disc without hesitation.  Overall good product and good seller."
B002QZ1RS6,A13ULKP9XZMJ9B,sherbert,2/2,5.0,1265155200,2010-02-03 00:00:00,high impact - increases goals - good for shorties,"i hate those dvds that are so simple you can't ever push yourself to improve.  this one, you will have room to improve!<br /><br />this is high impact.  Once i was doing high knees / tucks and landed on my foot the wrong way. Oops i kinda twisted my ankle!  but it is WORTH IT.... b/c then i healed up in a day and was on my way to doing it again.  I like it b/c i am short 4'10"" and it makes me feel bad when i can't run as fast as others  b/c of short gait but I can kill in Insanity b/c just using our own body weight & gravity!  Then i am on even footing w/ everyone.<br /><br />Also good for runners on a rainy day or a day off.<br /><br />Shaun T is very motivational and will get you in shape!"
B002QZ1RS6,A2679LOKSVVPWL,TED,2/2,5.0,1265241600,2010-02-04 00:00:00,This is definitely a tough workout!,"I have been doing insanity for about 3 weeks now, and I really love it.  It is definitely a tough workout!  I was not in very good shape before I started as I only worked out about once a week.  However, even though I don't look like the people in the video, I have still been able to get through these workouts.  I do have to pause a few more times and take a few more breaks, but I get right back into the workout as soon as I can.  I have started noticing some improvements in my cardiovascular health already, and I have lost 5 pounds by sticking to the nutrition plan that comes with the videos (it seems like most men lose even more).  I still agree with other reviewers who say this is a very difficult set of videos to get through for those who are not in great shape.  Thus, you should follow the videos' advise and consult with your doctor before starting.  Also, if you have joint issues, you will probably have to either buy a plyometric mat, or modify several of the exercises.  However, if you think you can do it and are willing to put in the effort, give it a try."
B002QZ1RS6,A1QFYEI9E9H29P,L. MCELWEE,2/2,5.0,1265414400,2010-02-06 00:00:00,Love it!,"This workout is brutal!!! for just the regular person who is  not in great shape trying to lose weight and tone up its gonna be real hard for you to keep up! I suffered through the first few times. I took the fit test at the begining of the program and was a little embarassed at my numbers, but thats not what the program is about. it pushes you hard and helps you to set goals for yourself. do what you can and do it hard. I highly recommend this to any active person that wants a great workout program!"
B002QZ1RS6,A1IBY7ULVWAVYF,"M. Haywood ""Honsalons""",9/9,5.0,1265414400,2010-02-06 00:00:00,"If you commit, it works!","This program is not just hype, it works.  My husband and I started after the new year, and in 5 weeks he has lost 17 pounds and looks so much better!  Also wearing pants he hasn't worn in about 5 years.  My weight is down a couple pounds, but I didn't really need to lose any; I'm getting in way better shape and and firming up my arms and butt, very noticeable.  We follow the diet plan that comes with it and are taking it seriously, but we're not totally crazy.  Anyway, if you are serious about getting in shape, this program WILL work and is worth the money."
B002QZ1RS6,A1MDL2VU9XE17Q,"Joshua Gonzalez ""Josh""",1/1,5.0,1265500800,2010-02-07 00:00:00,GREAT....,"This video is simply great. You have to have heart and be motivated, but if you at least give 100% it works great, plus you'll be extremely sore. I love that i couldn't finish the first work out, that makes me motivated to keep at it and finish it. Anyone complaining of it being to hard simply doesn't have the drive or will and probably are the same ones to drop out of a gym membership 1 month in and still pay for the other 11months without going. You probably won't end up looking ripped like the people in the video, but you damn sure are going to look completely different if you stick with it. Great buy"
B002QZ1RS6,A29YXSKIHUKDD4,Priscilla A. Smith,0/2,5.0,1265846400,2010-02-11 00:00:00,great workout shaun t is wonderful,"Shaun T is a wonderful trainer this workout is excellent the soreness crips up on you, if you like cardio I would suggest you buy this, he knows his stuff."
B002QZ1RS6,A2Z7W7ANFMET3Y,Joan I. Strautman,39/40,5.0,1266105600,2010-02-14 00:00:00,insanity and p90x,"I have had p90x for awhile and love it. Got good results from it. I enyoy working out with Tony. I wanted some thing new to use with p90x so got insanity,Its alot of work but its good to keep you fit too.I made up my own schedule with the p90x and insanity.I also belong to Anytime Fitness, Have lost over 20 lbs,lowered my cholesterol and cut my blood pressure meds in half.By the way I'm 70 years young."
B002QZ1RS6,ACPVLUD240YF9,"Deanna L. Hanshew ""ntebte""",2/2,5.0,1266105600,2010-02-14 00:00:00,AMAZING Workout Program!  Will Make You Sweat!,"I am 37 and 5ft 2in.  I am in average shape and I decided to get this product as a way to kick me back into a more regimented work out program!  Let me say that it is not only an amazing program it is also motivating and you can never get tired of it because it changes daily.  The level that you put into it is up to you.  I do agree with another review this workout is not for people with weak knees or knees injuries.  You do alot of squats, and jumping.  I would recommend this program for anyone who is in good / fair health condition and is looking to jump it up a knotch!  I love it!  Check out the facebook page to, lots of support and encouragement there! Shawn T is also really motivating and you will feel good when you see all the people in the video dropping out to take breaks too, this is some serious fun and serious working out!  Worth every penny!"
B002QZ1RS6,A34P8GRUF9A16I,Mark Bullock,5/5,5.0,1266192000,2010-02-15 00:00:00,Great cardio.,"I have done P90 for over a year and love the results I've gotten.  At heart I've always favored cardio a litlle more though, and felt the cardio routines in P90 were just a little lacking.  I saw Insanity in an infomercial and noticed it was from Beachbody as well.  I decided to give it a try.  My girlfriend and I have been doing it for a month now and we are loving it.  I'm dripping sweat by the end of the routines.  It's a great core workout.  Recommended."
B002QZ1RS6,AR8QC9TDX5E4,"C. Leung ""alproosh""",5/5,4.0,1266278400,2010-02-16 00:00:00,To push yourself harder without going to the gym!,"We all need to stay on our toes and keep moving forward.  After P90X I started doing ""maintenance"" workouts enjoying Jillian Michael's ""Banish Fat Metabolism"" and ""No more troubled zones"" and going back to my old favorite ""Barry Workout System"".<br />Both P90X's Plyometrics and the Barry Workout System are based on interval training concepts with high to medium intensity moves separated by rest periods.  Very effective but I wanted something different for a change (it is 2010 afterall)!<br />Insanity is based on the same concept but with more ""Maximum"" and ""High intensity"" moves built into the workout.  This maybe one of the hardest workout for home exercisers in terms of intensity and Shaun T wants you to go into maximum pushing mode.  We get sore and our body changes.<br />Room for improvement I have noticed are:<br />1) Shaun T needs to correct the stance/posture of the class a bit more especially when doing warm up butt leg lifters.  I noticed that Shaun T maybe the only person in the class doing that move correctly.  This move could be a lower back killer if not done right.<br />2) P90X is conducted in a very calm, poised, and controlled environment and descriptions/explanations of moves are very well explained (if not over)  Same with Jillians' 2 DVDs above with Jillian walking the room correcting and coaching.  Shaun T's DVDs are certainly motivating (music chosen feels like mountain climbing anthems), however, I can hear him huffing and puffing into the microphones more so than his own voice announcing/talking/cueing in a less hassled tone.  I fee like the huffing/puffing is adding to the intimidation unnecessarily.<br /><br />Thanks BeachBody for another one to push us to the next level!"
B002QZ1RS6,A384PD9HCK4D1L,"All Knowing ""GAWD""",16/107,1.0,1266364800,2010-02-17 00:00:00,"I would love to review this item,","However my I never received it.  I ordered it over two weeks ago and no emails indicating the status of my package or anything.  I've never had a problem dealing with Amazon before, even when I was deployed my stuff would get there within a week of placing an order!!!!  I guess this is what happens when Amazon starts to outsource their operation to small amateurish firms...  I want my money back!!!!!  Before people start whining about me not reviewing the product, let me initiate the conversation, get a life, I want what I paid for, I didn't receive anything so here is my review on the product!!!!  NOTHING!!!!!"
B002QZ1RS6,A2YH31LGPINTEB,Stephen Maddox,5/5,5.0,1266451200,2010-02-18 00:00:00,It really works!,"I am on week 6 of this workout program and I have to say that I have been very pleased with the results. I have lost 12 lbs so far and almost have a visible six pack, but more importantly my energy level and overall physical state has improved tremendously. One caveat, I would heed the warnings before trying it out, it is extremely intense. I have a chronic knee injury which is starting to act up. If you have any chronic medical issues use caution and seek medical advice before starting this program."
B002QZ1RS6,A19CS91MUCOY22,"Chokechai Vayavananda ""Tatum""",9/9,4.0,1266451200,2010-02-18 00:00:00,Not a gimmick workout,"If this isn't the most effective workout on DVD, I don't want to know what is! Insanity is a great workout that, if you stick with (with a proper diet, should work. There are some moments where I'm just on the floor gasping for breath or mustering every once of strength to keep going. Did I mention I'm a Marine and a marathoner? (Although, a LITTLE bit out of shape, this really gives me a workout.)<br /><br />In my opinion, this is not a workout you want to start out with; you want to make sure you are fit enough to exercise and want to take it to the next level. I consider myself pretty fit and pretty strong, but these exercises push it to the limit. (You know it's challenging when the demonstrators on the DVD, who are fit as heck, start dropping out :P)<br /><br />Shaun T is really motivating and keeps you moving. It might be a bit hectic at first, when you're not familiar with the moves, but once you have it down you can really work it all out and give the 100 percent. When your body starts to think ""I want to quit,"" is when Mr. T kicks in with that extra motivation to ""dig deeper"" and give it your all. The stretching sequence feels awkward for me but it's still important. What is more important is that you pace yourself - Don't just jump right into this. Make sure you take a few seconds to loosen up before the ""warm-up,"" because it's pretty intense itself. Make sure you stop if you feel any pain and don't be discouraged to take breaks when you need to.<br /><br />THE MUSIC IS GREAT! It really kicks in when you think you're about to quit. It really uplifts me and makes me want to finish each repetition and finish strong with Shaun and the gang.<br /><br />This is a really great workout program. Once I'm finished with it and move on to another training regimen, I'd definitely like to revisit this to hopefully be able to contrast how much better I am. (Or perhaps an Insanity 2 will be released? hehe)"
B002QZ1RS6,A3VS15K8YG77XY,Timothy,134/138,5.0,1266624000,2010-02-20 00:00:00,Building Better Humans,"I'm on day 36 of the workout which is the first day of month two.  I have been so happy we bought this.  Since I saw this on an infomercial, I was kinda expecting it to be (bluntly) cheap crap.  I was just hoping for a workout to do on days that I don't run or punch the bag.  I also wanted a video workout that wasn't feminine in nature with a bunch of girly moves ie. 'sashay left, sashay right.'  I don't sashay.<br /><br />From the time you open the package you can tell that they put a lot of effort into making this a serious workout program. The packaging and accompanying literature alone give you an indication that this isn't going to be cheap crap.<br /><br />Once I started with the first DVD I was hooked. The production quality is very good.  The music (which you can choose to turn off) adds to the overall effect of the intensity.  I soon decided to stop every other workout I was doing and give this program the two months to see if it works as well as advertised.  As of day 36, I'm pretty sure it does.<br /><br />As everyone has clearly explained - THIS IS NOT EASY!!  Keeping up with the pace of the workout is difficult although there really aren't that many hard exercises.  You just do the exercises with enough intensity and for long enough to get results.  Staying motivated to continue hasn't been nearly as hard as I thought it would be. In fact, I've been super-motivated to make time every day in order to not miss any days.  So far I'm on track.  The motivation comes from the fact that you can see and feel results.  After only the first few days I felt like my core had been coated in steel.  On days when you can't see your progress, you can usually feel progress.  I feel stronger everywhere.<br /><br />Another thing that keeps you motivated is the variation. There are various exercises on each workout DVD and variations of workouts throughout the program.  You may repeat the same workout a few times in one month, but the order of the workouts is mixed up so it is never monotonous.<br /><br />Somebody with a lot of experience and knowledge of physical fitness - presumably Shaun T - put a lot of thought into this program.  I'm usually sweating by the end of the warm-ups at the beginning of each workout.  After the warm-ups comes the stretching.  Then you get to the exercises and finally more stretching at the end.  There is a lot of intensity in the workouts but I haven't had any injuries yet. The program pushes you to your limits but the rest days and recovery workouts seem to be inserted at just the right time to make it possible for your body to continue.<br /><br />I also like the format - a group of about 12-15 people, led by Shaun T, inside a gymnasium.  Everyone looks very athletic but that doesn't mean they can keep up.  It's inspiring to see so many apparently fit people suffering and sweating as much as you are.  I like that they didn't try to hide that.<br /><br />Oh yeah - I like that running clock at the bottom of the screen which tells you how long you have left in each exercise set and how long you have in the entire workout.<br /><br />FYI I'm a guy. I turn 40 this year and am in pretty good shape. I'm a casual runner but ran my first marathon a few months ago.  The Insanity workout is difficult regardless of what physical condition you are in or what sports you currently participate in.  There are so many exercises targeting so many parts of the body - with overall emphasis on the core - that you are literally transforming your body into an overall stronger, faster, more finely tuned machine.  I think I'll be a better runner after I finish this program.<br /><br />Don't get frustrated if you can't keep up.  This workout program wouldn't be as effective if it were easily mastered.  You'll see improvements as long as you keep trying.<br /><br />I'd recommend this for ANYONE who doesn't have physical impediments or injuries keeping them from completing the moves.<br /><br />The Insanity workout is a roadmap to transforming your entire body into a higher performing machine.<br /><br />DAY 57 UPDATE<br /><br />I did the first workout of week 8 today and am still alive.  Entering the home stretch. I still haven't missed a workout.  I know from running that if you take too much time off from an intense workout, little de-motivating aches and pains start to show up that try to convince you to take another day off and another.  I don't want to go down that road. I also still haven't had any injuries although my hands are the latest part of my body to be sore.  I think its from all of the push-ups and push-up-like moves.  As advertised, they really step it up for month 2.  The workouts are all longer and more intense.  The longest one is 59 minutes.  During month 1 I would get up early and work out before work. I can't do that for month 2 - partly because the workouts are too long and partly because I'd be worn out for the rest of the day.  I've switched to working out in the afternoon.  It's a great way to work off stress.  It also gets you worn out just in time for bed.<br /><br />One thing I wish I had figured out earlier was to have some kind of recovery formula for rebuilding your muscles more quickly.  Mr. T (my name for him) says to drink your 'Results and Recovery' formula, but I'm still paranoid about getting ripped off so I didn't buy their formula.  Instead, I went to Sam's Club and bought a case of Myoplex Lite.  At 170 calories with 20 grams of protein this is working well for me.  It helps me recover faster.<br /><br />Still absolutely no regrets about doing this.  I can see my ab muscles but still have some fat that probably won't be gone by the end of the program.  That's ok because I plan to keep going with the month 2 workouts beyond the end of the program while incorporating other activities.<br /><br />I can see using these DVDs for a very long time - hopefully til I'm 92."
B002QZ1RS6,A3KJZUS9NWI3CY,"Barbara Ann Ritter ""B.A.Ritter - Avid reader""",0/10,5.0,1266796800,2010-02-22 00:00:00,Insanity: The Ultimate Cardio Workout and Fitness DVD Program (Purchased on 01/21/2010),Insanity: The Ultimate Cardio Workout and Fitness DVD Program (Purchased on 01/21/2010)<br /><br />Amazon seller 'R&A Beauty Store' answered all of my questions and delivered my order promptly.<br /><br />I look forward to doing business with Amazon seller R&A Beauty Store in the future.
B002QZ1RS6,A2Z9B6ZLVGYD5W,Mohamed Elnazer,12/31,3.0,1267401600,2010-03-01 00:00:00,my knees couldn't take it,"I finished the first 4 weeks, and my fitness level really jumped, but i started feeling pain in both knees whenever i do the workout, then the pain continued to be with me in everything i do in my life....<br />I was really dissappointed because i started to feel the defference at the same time i decided to quit the insanity workout.<br /><br /> This is an update for my past review, After i stopped this program and found how my fitness level became soooooo bad, i knew that insanity workout was an excellent product, Although my knees are better now, I really miss the insanity days.<br /> Insanity workout is a great program BUT u must get ready for it first, U have to strengthen your quadriceps muscles very well befor starting in order to prevent knee problems."
B002QZ1RS6,A1QIS66FLK0GYK,S.V.,2/3,5.0,1267833600,2010-03-06 00:00:00,Awesomely hard,"This DVD set is fantastic.  The workouts are difficult, but they are *not* for folks who cannot perform high-impact exercise.  I am most impressed with the format.  Shaun T comes across as very genuine and motivates you without patronizing you.  A lot of other DVD fitness instructors seem like people who are insecure because they couldn't get a date in high school, but Shaun checks his baggage at the gym door and encourages you to motivate yourself.  The other people in the video are fit and attractive, but they come across as real people.  No matchy-matchy outfits and 'fitness models' with implants, here.  Everyone in the video is moving at their own pace, and pushing themselves.  The clock at the bottom of the screen helps you keep going.  This would be a great program for people who travel, since you don't need any equipment.  My preschooler loves to do the videos with me.  She likes to try all the running in place and jumping, so this has been a fun way for me to model healthy behaviors for her, as well."
B002QZ1RS6,A2PCI44R4DAJTF,Jeffrey A. Schuler,2/2,5.0,1267920000,2010-03-07 00:00:00,It's Insane!,"Watch the info-mertial on TV or go to the web site and watch the short ad.  If you want to get in great shape and have no medical problems, then buy this.  Lost 8lbs in 4 weeks.  It feels like more but that's the inches.  They suggest measuring but I didn't bother.  It is as hard as they say.  But I feel great."
B002QZ1RS6,A206982BYGRYU7,William Duenges,1/2,5.0,1268179200,2010-03-10 00:00:00,If you want to get in shape fast this is the product to get.,"This product is great.  I purchased it at the beginning of February to help me with my cardio.  I have also done P90x from Beachbody and found that Beachbody is a top notch organization.  This workout is not easy, but like Shaun T says you can push pause at any time.  The concept behind the videos are quite easy, getting you to stay in your fat burning heart rate zone for as long as possible.  The enclosed nutrition plan gives you the fuel for the intense workouts.  Plus you have an organization like Beachbody that stands behind the product and can answer any questions that you might have.  I enjoyed P90x and now Insanity so much that I became a Independent Team Beachbody Coach so that I could help people achieve the goals that they set for themselves.  Visit my site at [..] to learn more about Beachbody products."
B002QZ1RS6,A171G6WUUQUUOM,Lyndsay M. Ott,2/2,5.0,1268265600,2010-03-11 00:00:00,Insanity,"I love this product! I am on the recovery week right now and it has been tough, but I can already see changes in my body. I even needed to buy a belt, and my tummy is my trouble spot when it comes to losing weight!"
B002QZ1RS6,A3MTILHS9N4EO4,"Victoria Tristan ""harle_quinn""",6/6,5.0,1268524800,2010-03-14 00:00:00,INSANITY review,"These workout videos were a good buy, wouldn't trust any other online source.<br /><br />Here's a housing tip to take into consideration before purchasing the set -Have plenty of room to work out in your home, be prepared to sweat all over the floor, and (if you're staying in an apartment or town house) theres a lot of jumping so watch out for neighbors. To avoid any of these frustrations, I bought a big mat at WALMART. Totally worth it to not sweat on my carpet."
B002QZ1RS6,A1LPMSOMAM9WH,Karen Cress,5/5,5.0,1268524800,2010-03-14 00:00:00,My skinny jeans are loose and I'm only half way in!,"This is a great workout program! You have to push yourself, but the results are awesome. The workouts are as challenging as YOU make them, and as you get hooked you will continue to push yourself to the next level. I just finished the first month and am about to start recovery, and then on to month two! So far I've only lost a few pounds, but even my skinny jeans are loose now! I'm starting to see more definition in my abs than I've seen since I was a gymnast! I will admit I do have to modify some moves as I have injured knees, but I've been able to do the workout just fine. The hardest part for me is the diet. You eat well-balanced meals/snacks 5 times per day. It's easy for me to find things I like and stay full, but it's hard to turn down those fancy drinks at happy hour and delicious fried stuff when eating out.  I remind myself that nothing tastes as good as skinny feels, and as someone who recently pulled once too-tight jeans off without unbuttoning or unzipping them...I can't tell you how true it is! Insanity has definitely been the change from my previous two-a-day workouts that made me lose the inches!"
B002QZ1RS6,A3KDC6ZO98XGGR,Anthony J. Manzella,2/2,4.0,1268611200,2010-03-15 00:00:00,Insanity,The program is really insane. Great for already fit people who want a challenge and a way to get to the next level of fitness. Program involves a lot of plyometric or jump training which may be harmful to people with arthritis or painful joints due to the impact of the exercise moves. Its been 4 weeks and its been very challenging thus far.
B002QZ1RS6,A3QLIMPYGH0PJP,M. Blanco,2/2,5.0,1268697600,2010-03-16 00:00:00,Great product,Great exercises and really will work you out. It is a bit tough at first but eventually you will build your way up.
B002QZ1RS6,AR3S3CRZ24X09,"smartcad ""miact""",62/155,1.0,1268697600,2010-03-16 00:00:00,Definitely NOT for everyone!,"there should be an extreme notice for this workout: it is most definitely not for everyone.  if you are already in great shape, and are looking to enhance your workout, then this might just be for you.<br />If you are looking to get into shape, this is most definitely not for you! There is no way that a beginner or intermediate could handle this, which sort of goes against the grain of buying such a product to get back into shape!"
B002QZ1RS6,AFWREUB862PT3,M. Collister,9/9,5.0,1268784000,2010-03-17 00:00:00,This is GREAT,"I run regularly- generally 45 minutes to an hour 3-4 times a week. I bought this hoping to step up my exercise and it delivers. I've been disappointed by other fitness DVD's that are easy after the first few times or too complicated to follow. The warm up on this one is harder than most fitness DVD's are all together.<br /><br />This one is great- the workouts are simple to follow, but really hard. I need to take breaks and modify exercises at times, but I still feel I get a killer workout. Truth be told, I'd be disappointed if I didn't struggle the first few times. I feel like I am getting a great total body workout- the plank work is helping my upper body, something running does not address and the plyo jumps are taxing my legs in a good way. The stretching is good as well.<br /><br />I will say- I have some back issues but a week into this and my back is not hurting. I think this DVD is not for a ""first time exerciser"", but if you have a level of fitness and some idea of how to modify exercises on your own, you'll get use out of this. For example- if jump squats are killing me, I might do the last 10 seconds as regular squats. I look forward to being able to match Shaun jump for jump!<br /><br />And this is a great workout- it leaves me good sore and good tired. I'd put the exertion up there with a 10 mile run in terms of what it takes out of my body. It also includes a sensible looking eating plan."
B002QZ1RS6,A1JWZ1XP4HU8V4,"Whitney Chisholm ""whitney""",2/4,5.0,1268870400,2010-03-18 00:00:00,OMG! This is IT!,Wow! This is all I can say. This will WORK you OUT. I mean if you want to get insane results fast this is IT
B002QZ1RS6,A1NVJ50U388JMV,B. Burlison,1/3,5.0,1268956800,2010-03-19 00:00:00,AMAZING!!!,"I have been using INSANITY for three weeks and  I LOVE this workout!  It isn't too long, but it kicks butt!  I purchased it to tone up and only drop a few pounds, and it really seems to be working!  I'm going to continue to go INSANE everyday!"
B002QZ1RS6,A14J7YYDRKVPZA,"J. Brown ""thepenmaster""",6/6,5.0,1269216000,2010-03-22 00:00:00,Insanely Fit After This Program,"I just finished this program on Saturday and I am very pleased with the results. I am stronger than ever and have more stamina. By the end I could get through a good deal of the workouts without stopping for more than the alloted time.<br /><br />Don't get me wrong; I was still left gasping for air at the end of each set but I was able to push myself for those 3 minutes take my 30 second rest and continue...except for ski abs and power jumps! This is also the first ever workout that I've done that has not only left me sore at the end but has also left me dripping in sweat!<br /><br />Don't expect to have a well definied 6 pack and cut arms if you aren't already in reasonable shape to begin with after only one 2 month session. You will however get in shape, lose weight and tone up. With one or more sessions or some trips to the gym, you can expect that.<br /><br />I was already in good shape, so my abs are more defined than ever and my arms (the biceps) are reasonably bigger and my thighs are thicker.<br /><br />Sometimes it does get repetitive and/or very painful but you just have to stick with it and eat right and you will get great results. I personally glanced at the food plan but didn't use it. It was basically an outline of foods that I already eat but is a great tool for those who are not used to eating so healthy.<br /><br />This is a workout that I will definitely do for a long time to come."
B002QZ1RS6,A2TIBRU04W4F1K,"Danielle Mulvey ""Maverick Strategist""",11/22,5.0,1269388800,2010-03-24 00:00:00,The Name Says It All!!!!!,"WOW! It truly is an INSANE workout and WE LOVE IT!!!!! It is a no brainer program...just follow the schedule and hit ""PLAY!"" My husband and I do it together every day (except for Sunday which is the weekly ""off"" day). Overall the workouts are challenging and get you moving. After we complete INSANITY we are going to rotate through the other Beach Body programs (i.e. P90X and other ""vintage"" Tony Horton DVDs I have already) and then come back and do INSANITY to keep things challenging and fresh.<br /><br />We were sore for the the first four days, but now we feel incredible and our bodies seem to ""crave"" more INSANITY every day!!!!!!!<br /><br />If you want to stand up against Health Reform than DO SOMETHING...exercise every day, eat right, don't smoke, do not excessively drink and curb your stress (these five ""triggers"" account for 70% of the total cost of healthcare in this country....we do not need the government to be involved in healthcare; we need to TAKE CONTROL OF OUR OWN LIVES - WORK HARD & BE HEALTHY!)"
B002QZ1RS6,A133I7MKTW1ZBO,"Deanna Griffith ""Dee Koss Griffith""",2/2,5.0,1269475200,2010-03-25 00:00:00,Great Challenge,"I bought this after watching the info-mercial and was very pleased. I wanted to really rev up my work outs and change it out at the same time -- all of these videos do just that.  Shaun T. is a great motivator and I am now thoroughly hooked on this series.<br /><br />I was concerned I would not be able to complete any of these videos because I am 48 years old. However, I do work out quite a bit -- I believe that is what allowed me to finish the various DVDs. No matter what your age, if you are looking for motivation and some change-up's with your current routine, I highly recommend this series."
B002QZ1RS6,A226HGNCKRGBTS,J. Rodriguez,2/3,4.0,1269648000,2010-03-27 00:00:00,Killer workout..no equipment needed,The toughest home workout you can find. No pain..no gain..<br />Stick it out and you will love the results.
B002QZ1RS6,A3IBBCTF13GOOT,Blink1976,86/86,5.0,1269820800,2010-03-29 00:00:00,Review from the average guy,"I have just completed week 1 on Insanity and wanted to provide a review from the prospective of the average guy.  I am 33 years old and have been an avid weightlifter since high school.  While I am muscular, I have little to no cardiovascular fitness and as I have gotten older and focused on a career, I have begun to hold more weight around my stomach.  I have finally hit the point where I am tired of seeing the scale and my waist line increase and have committed to the 60 day program along with some lifestyle improvements.<br /><br />A couple of my opinions on the program:<br /><br />* First off the intensity is high, but it is also has a fair amount of rest breaks in between.  I would highly recommend watching the DVD before you start the program.  Do a couple of the moves at your own pace and focus on getting the correct form.  I am a klutz when it comes to cardio moves so it helped me keep my intensity up instead of learning the moves as I go.<br /><br />* I would start the program on a weekend especially if you plan on doing the workout before going to work during the week so that you get a feel for the recovery time needed after a workout.  It takes me about 30-45 minutes post workout to get going again.  I don't think I could do it before work.  However, about an hour after the workout I feel great and have a tremendous amount of energy.<br /><br />* Don't ignore the value of a good pair of shoes.  You spend a lot of time on your toes and in jumping positions.  Running shoes generally support the heel so you may be better off in cross-training or basketball shoes.  A lot of the moves actually remind me of football and basketball warm-ups.<br /><br />* If you are starting this program without much of a cardio base built up, I would strongly consider holding off a week and spend some time running, jumping, and doing squats on your own first.  This will help you get through the soreness you are sure to face.  It gets really easy to quit a program when you are super sore after the first day and start telling yourself I need a day off then I'll restart...  I would say using the treadmill and other types of cardio machines at a gym aren't necessarily going to prepare you for the type of moves in this program.  Those machines keep you in a liner path while Insanity will have you moving in different directions and exploding from a position.  It definitely hits the muscles differently.<br /><br />* I haven't made hardcore adjustments to my diet, but I have cut out the obvious junk foods and have focused on portion control.  To be honest I feel real guilty eating junk now after knowing how much work I put into the program.<br /><br />Week 1 done and moving on!  Hope the review helps and good luck!"
B002QZ1RS6,A1Z84SAD2WLT4F,Michael S. Lambert,3/3,5.0,1269820800,2010-03-29 00:00:00,Amazing,"Possibly one of the best products out there.  Packaging was pretty good.  Strange to get 3 CDs with Cardio Abs on it.  Sometimes the Pure Cardio/Cardio Abs doesn't work, as in would skip around from chapter to chapter but that could be my cheap DVD player.  Simple fix in throwing in a different DVD for a few seconds and then putting the other DVD back in"
B002QZ1RS6,A3H9OUA7O6TFU6,Chitra,3/9,3.0,1270339200,2010-04-04 00:00:00,Insanity Work Out,"This workout is as it suggests insane, it's been a month since I started this workout routine, but I have yet to see any results. I wish there were more focus on abs. It does make you sweat like crazy, but is very repetitive and warm up, and stretching takes up most of the 45 min. of the total workout."
B002QZ1RS6,A2UJLJEEOAO2NY,"Always Summertime ""Lifetime Amazon Customer""",4/9,3.0,1270425600,2010-04-05 00:00:00,Good...but not Great,"You get a better workout with 90X.<br /><br />Insanity is good, it is heavy duty jumping and there is too much time between exercises. P90X is harder and keeps my interest. The hardcopy material were visually pleasing, but lacked content. I will keep Insanity, but it wasn't worth the $$$. Also I had multiple problems with DVDs being bad: one wouldn't load, others had video issue halfway through the DVD. Be sure to check your copies and use all disks immediately if you purchase this product.<br /><br />Update:  P90X is much better. I returned this product."
B002QZ1RS6,A1U78G2IRV4EIP,"K. Uyeda ""fish hunter""",1/2,5.0,1270512000,2010-04-06 00:00:00,Insanity Cardio Workout DVD,"I haven't finished the entire DVD set, but this is THE HARDEST workout I have ever gone through and it lives up to its name ""Insanity"" to a T (Shaun T that is). Haha! I'm 4 weeks in and I'm seeing great results so far. Like I said earlier, this is a tough workout and is not for the faint at heart, but if you want an extreme cardio workout this is for you! Like they say on Team Beach Body, ""Decide, Commit, Succeed!"""
B002QZ1RS6,A2OXAZSHQ9BS6P,"redstarsofar ""redstarsofar""",7/9,5.0,1270598400,2010-04-07 00:00:00,One of the BEST home workouts,"This is an excellent home workout program for advanced exercisers. It'll help you break through any plateau.<br />The first four weeks are 25-30 minutes of all out, can't-do-anymore cardio, not including the warmup and cool down which are VERY necessary. If you're a fitness nut like me you're probably thinking that isn't enough for you. Look, you can run or spin on the other days, but you need those 4 weeks to prepare for the second round. Take The recovery week to maintain your mileage or what not, but you'll need those first 4 weeks to build up for the CRAZY last 4. We're talking at least 45 minutes of the hardest cardio you can do. The only deficit in the program is strength training. Lower body is there and abs are mostly accounted for, but you'll need to add light upper body.<br /><br />I thought p90x was too easy (the cardio anyway), but I recommend trying P90X plyo so you'll know what to expect with Insanity. Jillian Michael's Burn Fat/ Boost Met. has similar exercises too, although NEITHER is ANYWHER near the intensity of this workout program. Sometimes I'm so sweaty steam comes off of me. I can wring out my workout clothes. I've toned up and shrunk down and I feel excellent. This will be a permanent part of my collection."
B002QZ1RS6,A3U2SNTE9NR2Q4,"Latoya M., Jones ""LMJONES""",3/5,4.0,1270684800,2010-04-08 00:00:00,great workout.however,This workout is not for the ill willed. However due to the current price here on amazon your better off buying it from beach body. Here the dvds are over 100 dollars!!! their less than 90 with beachbody....get in shape...yes...but dont get ripped off....best of luck on your WLJ
B002QZ1RS6,ARRQBSAF3NGV5,Rachel L. Andes,2/4,4.0,1270857600,2010-04-10 00:00:00,Insanity,Great workout DVD's!  Shaun T gives instructions throughout the video which makes it easy to follow.  It does help if you are familiar with exercise moves/names.  This is definitely not for the beginner.  I gave it 4 stars because one of the DVD's skip.
B002QZ1RS6,A2PG7COY5S0DOF,"Nicole Ross ""happymedium""",4/4,5.0,1270944000,2010-04-11 00:00:00,Fantastic set of workouts,"I love this product. Insanity has been great - easy to get motivated to actually complete the task. Every day for a month now I have pushed myself down those basement steps to complete the workout. Before I begin, I often feel as if I won't make it through. Once I push play, though, I'm going! Its such fun and I do ""sweat buckets"". In this first month I've toned up quite a bit and feel much healthier! I cannot wait to see what the next month brings! To prepare for Insanity, I did a good month or two of free cable-provided workouts. I would not advise this workout if you have knee issues - a heck of a lot of jumping is involved. This jumping, however, has done wonders for my legs. Fantastic stretching throughout. He seems to know whenever you are not in form (lol) and quickly instructs toward correct form. Its the first fitness program where I actually can understand and follow what the instructor is saying. I also like the option to choose to play with or without music, but I prefer their music, its well done - motivating."
B002QZ1RS6,A1F55YJSLKRT8K,"M. Bane ""heather177""",12/15,5.0,1271116800,2010-04-13 00:00:00,Awsome! Awsome! Awsome! Did I say Awsome!,"Insanity is the greatest best workout. I have a hard time losing weight but I dropped 30lbs in 3 weeks. You haft to follow the diet plan. Which with this plan it was easy because it actually had food I liked. And you also haft to follow the calorie intake plan it has. It may seem like a lot but it truely works. I haft to take in 2300 calories where before I barely made it to 1000. My metabalism is amazing now. My strength has gotten better along with my balance and streching. I had a major migrane problem called chronic migrane illness. Since doing this workout I have had no headaches or arthiritis pains. It was caused by foods I was eating. My body feels so good. I actually hate eating restraunt food now. It has a lot of jumping so if you cant do that then this isnt for you. I had shin splints at first but I worked through it. It takes a lot of strength to really stick with it. Now my sister n law is doing it but she doesnt do the workouts properly. For example pushups. Instead of doing them on the ground she does it off the couch. So half hearted. So in 3 weeks she has lost only 6 lbs. I told her she has to follow the workouts to the t but she doesnt want to put the effort in. She is following the diet but thats for the strength you need to workout. The workout is why you drop weight. In 3 weeks I dropped 5 inches under my chest, 5 inches in the middle of my stomach, 4 inches in my hips, 3 inches in my upper leg, 2 inches in my calves (which I have had a hard time to get my calves to shrink because I used to be a roller bladder and have a lot of muscle in my calve and I hate how big they are. I dropped 2 inches which I have never been able to do) and 1 inch in my arms which I just lost this week because we are really working our arms now. The fit test truely shows lots of progress when you take it every two weeks. If you have no knee problems or major back problems then this truely works. Like I said I had some very painful back pains and havnt had them since ive done this program. Im not even cramping that time of the month. Which is proving my stomach muscles are strengthing up. If you dont have the motivation to really work hard then this is not for you. But if you want to see results this is the greatest best most wonderful workout ever. Its hard but worth it. Good luck to anyone that is doing it and hope you see the results I am. People I see everyday noticed a huge weight loss fast and where totally in shock thinking I got sick or something. I will totally suggest this workout to everyone I know! Thank you Shaun T for the awsome workout."
B002QZ1RS6,A2F4384BLO5KQZ,Joseph A. Gomez,2/6,3.0,1271203200,2010-04-14 00:00:00,Computer Workout,These videos are amazing they really do work you out and they are serious about you having to be dedicated. Its tough!!! The only think I dont understand is why they made these videos where you cant play them in a DVD player. I have tryed on several DVD players and it has something to do with the playback. The first few that I have tried worked on my PS3 I am hoping the rest will as well. I know they work on a computer. But why would they want you to work out from a computer. Other than that the workouts are great if they would fix that it would make these videos that much better.
B002QZ1RS6,AKOTXWNY2VCY9,Alex,3/11,4.0,1271203200,2010-04-14 00:00:00,Insanity,"Insanity is difficult, but do the best you can and you'll get better over time."
B002QZ1RS6,A3NT2DO5BKENZL,Shopper4life,0/10,5.0,1271808000,2010-04-21 00:00:00,I love Shaun T's workouts,"I haven't received this yet, but I can't wait!  I ordered mine off ebay for half the price.  Shaun T. always delivers as far as I am concerned and I really do look good in my jeans!  I am ready to take my workout to the next level with insanity!!"
B002QZ1RS6,A168EOAYEK7R2L,"Penelope pitstop ""fit at forty plus""",1/2,4.0,1271894400,2010-04-22 00:00:00,Tough workout,"As a 45 year old with sensitive knees, I am able to do the workouts but I have to take it slower in parts to protect my knees.  The positives are that very little room and no special equipment is required.  I was able to do the workouts in the hotel room.  You have to be pretty fit already to do these workouts.  I cannot picture a former couch potato starting with these workouts."
B002QZ1RS6,A2NJ8RS7U3IJPD,Rosemary A. Dixon,2/4,5.0,1271894400,2010-04-22 00:00:00,Exhausting but I can't wait to go back for more!,"Before I had my son I loved going to the gym and pushing myself as hard as I could on the bike, step machine, and treadmill.<br /><br />This set of videos pushes you hard, makes you sweat, and leaves you aching. I love it! I have only been doing it a week and I am already seeing and feeling results. I'm back to a 26 inch waist and my thighs aren't quite as jiggly! Love, love, love it!"
B002QZ1RS6,A2NPKQIWLA038H,Chad,164/172,5.0,1272067200,2010-04-24 00:00:00,"Tough, Fun, and appropriately named","<span class=""tiny""> Length:: 7:02 Mins<br /><br /></span>Please watch my video review for full details. If you like it, please give me a positive rating.<br /><br />In my video I discuss the concept of interval training and the different phases of this program.  I also discuss the nutrtion plan (notice I say ""plan"" and not a ""diet"") and who should do the program and who should not do this program.<br /><br />They say it's the hardest workout every put on video and they might just be right.  It's fun, but demanding.  Shaun T is awesome, motivating and in insane shape.<br /><br />If you have questions visit my blog, getfitwithchad . com to contact me and find out how to get free coaching for any Beachbody fitness program. Thanks for watching."
B002QZ1RS6,A2DT8GM2A0K9K2,chris,1/2,5.0,1272067200,2010-04-24 00:00:00,perfect!,it is super hard. but it is worth every penny (if you have the heart). after each work out my mucles feal like jello or there on fire and its awesome. and the results come quick. but you do have to work for them... just dont stop.
B002QZ1RS6,A3EQFAPPLP6ZJ,Chad D. Thomas,1/1,5.0,1272240000,2010-04-26 00:00:00,Best Investment I've Made in Awhile,I've never sweated so hard in my life!  This is truly a total body workout. I weighed 210 when I started the program and now I am at 160.  I did not think that I had that much to loose but the weight just kept coming off. I am in the best shape of my life and I owe it all to these DVD's.<br /><br />A lot of my friends have asked me how I lost so much weight in such a short period of time.  They ask if I changed my diet at all.  I am the type of guy who loves to eat.  I can eat a whole large pizza buy myself.  haha  I told them that I didn't intentionally change my diet.  My body just started  craving healthier options when I did the program.  I still eat like a horse but I have maintained this weight for over a year now.<br /><br />After a year I still love pushing play. It's honestly one of the best investments I've ever made.<br /><br />WARNING! You might have to buy all new clothes because they no longer fit you. haha
B002QZ1RS6,A16L81XTHF3PJP,J. Chuang,24/26,5.0,1272240000,2010-04-26 00:00:00,Best Money I Spent In My Life...,"Background On Me..<br /><br />Started 235 lb. 5' 10"". 27 yrs old. I'm FAT. I started hitting the gym and lifting weights this year. Also started jogging. I did that for 3 months or so. I got stronger, but didn't see the results I wanted so I bought Insanity after watching the infomercial.<br /><br />Day 1...<br /><br />After doing just the ""fit test"" on day 1, I passed out on the floor for 10 minutes in a pool of my own sweat. I'm so use to infomercials lying that when they say it might be the hardest workout put on tape, I thought they were joking. They aren't. At least it is the hardest workout I've ever been involved in. If you don't think its hard, your not pushing yourself to the max.<br /><br />Day 25...<br /><br />I just finished Day 25. Basically the first month is a rotation of three workout videos and one recovery video. I hate ""Pure Cardio."" It is very difficult! It is a 10 minute warm-up. 5 minute stretch. 15 minutes of non-stop cardio. Then 5 minute cool down stretch. It is suppose to be non-stop, but I have to stop. Even people in the video have to stop and say things such as ""I want to go home!."" Even Shuan T needs to stop.  But even though I only do what I'm capable of, I still get results. Which is why I believe in this program and keep with it!<br /><br />Nutrition...<br /><br />I don't follow the Nutrition Guide that comes with it at all. It is probably not the best idea not to follow it, and I don't recommend not to. You will probably get better results if you do follow the guide. I just try to eat foods I'm use to eating at more healthy portions. Though I cheat and do eat junk food sometimes.<br /><br />Month 2 & Warnings...<br /><br />I'm scared of Month 2 because I can't imagine the workouts getting harder. But I'm excited to continue because I'm exciting to see what the results will be. There is a lot of jumping involved! So like other reviews mention, it is probably not good for people with joint problems (consult you doctor). It is also probably not good for people who live in apartments because the people who live below you are going to wonder what all the pounding is about! They are going to think your Insane!"
B002QZ1RS6,A3HKN3MSOU9QUD,Tracy S. Keaton,7/38,1.0,1272240000,2010-04-26 00:00:00,fake,I am upset that I paid $100 for a fake!  I would be happy to get my money back and send the program back!!!  SOme of this disks were mislabeled when they were pirated but at least they work.
B002QZ1RS6,A3N92N6M0UM0RS,"JetJock ""Gordo""",9/22,2.0,1272326400,2010-04-27 00:00:00,Good workout product but disks can be defective,"The workout package belies the $150 that was paid but the DVD's can give several players some real trouble.  As is happens, the 1 day old top-of-the-line LG DVD/BluRay player would not play the disks without inserting an old movie DVD first otherwise a ""Disk Error"" message would be visible.  I tried on another (JVC) player and had a similar problem with pretty much every other disk in the package.  I contacted Beach Body on their online chat customer service system and was promised a replacement with an email to confirm the replacement.  I never received the email and am now embroiled in back-and-forth game of who to talk to about having this issue resolved.  I even pointed their customer service (routed overseas) to their own forum where others discuss this problem. I don't have very high hopes that this will be resolved and the whole kit will be sent back."
B002QZ1RS6,A2284X4NAK5UJL,Rodger C. Little III,4/4,5.0,1272412800,2010-04-28 00:00:00,Insanity Workout,"Insanity is a great program. I would recommend it for anyone who is serious about getting in shape. In two weeeks I have lost 13 lbs and seen changes in my chest, legs, arms, and stomach. Best money I have ever spent on a workout program, but don't waste your money if your not serious. I have worked out almost all of my life and it took me a week to be able to do the warm up without stopping. You'll get the results if your able to stick with this program. No weights, no bands, no mats, no pull-up bars. Well worth the money that I spent. I haven't looked like this in years and I feel great."
B002QZ1RS6,A37BQLRUJIZVF0,Zach,3/3,5.0,1272844800,2010-05-03 00:00:00,Amazing workout,"I work out daily and am in relatively good shape.  Insanity is the only thing that brought me back to the intensity of high school wrestling practice.  I had my metabolism up so high at the end of each session that I would take a cold shower afterwards and get out only to immediately start sweating again.  This work out can be for everyone if they modify it to themselves.  I know other people who use it and exercise at a lower level of intensity and helps them, but does not get the same results."
B002QZ1RS6,A13E90A8WD50BZ,A. Anna,1/1,4.0,1272844800,2010-05-03 00:00:00,Great workout!,"I have been doing Insanity for about a month now. I have only lost about 5 lbs. However I don't have too much weight to lose, maybe 10 lbs at the most. When I started Insanity I weighed about 125 lbs (I'm 5' 2""). Now I weigh around 120. However I am a lot more toned. My tummy is smaller and more toned and my triceps are more toned. Those were my 2 biggest problems areas that I'm now more content with. Hopefully this next month I will see more results. I still can't get through the workouts without having to take more breaks than they do in the video. I do all the work outs as planned on the calendar. I am dieting but I'm using weight watchers since I know it works for me. Insanity is an amazing work out. However, don't expect crazy results like they show in the infomercials. After I complete this work out I plan on either starting it over or moving on to P90X. If you want to get into shape and are more into getting toned than losing weight this is a GREAT work out for that. But if you have any joint problems don't get this for there is a lot of jumping involved."
B002QZ1RS6,A1ZZFDFV5AU1HN,Kyle Goodrich,2/2,5.0,1272931200,2010-05-04 00:00:00,Insanity is awesome,"Insanity is a great at-home workout program. There are multiple workouts so it never gets stale or boring. It has a great balance of cardio and strength conditioning, as well a great stretching to warm up and cool down (it does not leave you on your own for anything). I have been using it for four weeks and feel great. I still have more then half way to go but am already pleased with the results."
B002QZ1RS6,A261B64XWXAU5U,A.K.S.,2/3,4.0,1272931200,2010-05-04 00:00:00,Hardest Workout Ever!,I got this workout thinking that I could follow it.  It will have you on your knees!  I've decided to take slow and work my way up to it.
B002QZ1RS6,A3FSYK95CXNRK,L. Curtis,1/2,5.0,1272931200,2010-05-04 00:00:00,"Hard Workout, Hard Body","This one of the hardest physical workouts I've done, and I rowed crew! You get nice immediate results and better long term ones."
B002QZ1RS6,AKWB0DW5UL6JZ,David T. Harris,0/3,4.0,1272931200,2010-05-04 00:00:00,"quality product, slow shipping",Everything was great with the DVD. All in excellent condition and functional. It just took a while to get here.
B002QZ1RS6,ASXGEGCFUSZ0F,"Reginald W. Dye ""Reggie Dye""",6/6,4.0,1273017600,2010-05-05 00:00:00,Tough But Effective Workout!,"I enjoyed weightlifting and played football and ran track back in my youth and decided one day that I wanted to get back in shape. Just finished my first 4 weeks and near the end of last week, I turned 46. I'm 6ft even, started off at 202 lbs and am now down to 194. Looking to get below 190, which hopefully won't be a problem with the hardest part of the program left to go.<br /><br />After the first two sessions...the Fitness Test and first workout...I thought I'd have to spend 60 days with this program just getting in shape and another 60 really doing the program! Happy to find that my cardio/aerobic conditioning returned pretty quickly and I stopped being so winded as I was in that first week. I could also see the dramatic improvement in my Fitness Test results and by looking in the mirror. Sorry that I didn't take the ""before"" picture like I should have.<br /><br />Workouts have been tough so far, but got easier over time. Shaun T really pushes you and the folks in his class, but you're also encouraged to take breaks and go at your own pace as needed.<br /><br />I travel quite a bit and have taken the DVDs with me to play on my laptop and do the workouts in my hotel room at night or early morning before meetings so I can stay on track. Hardest part for me so far is sticking with the 5 small meals per day nutrition program, largely due to my travel schedule.  However, I've drastically changed my eating habits even though I can't always get those 5 small meals.<br /><br />Only complaint I have is with the case/booklet the DVDs came in. Several of the clips that you attached the hole in the middle of the DVD to in their respective slots were off center or were poorly glued and came off. Now the DVDs aren't secure in their package. Also, noticed there are two identical Cardio Abs workouts...one on its own DVD and one on the same DVD as the Pure Cardio workout. Don't know if that was intentional.<br /><br />I recommend this program if you want to work hard, have no knee or joint issues, and have the proper shoes."
B002QZ1RS6,AZKRXG4HD9AGM,"LuLu ""LuLu""",6/6,5.0,1273104000,2010-05-06 00:00:00,Lost 5 Pounds First Week,"I purchased this item off of ebay NIB.  I absolutely love this workout and the meal plan too.  I lost 4.4 pounds the first week on the program/meal plan.  The workouts do absolutely wear you out and I'm still modifying the exercises and taking a few extra breaks so I can keep up.  It would be bad for people with bad joints or who don't like to jump around a lot.  It's like the first week of basketball practice when you were in highschool.  You do suicide drills and jump squats etc.  This is the first workout I've ever bought off of the tv, first infomercial type purchase and I could not be happier.  I'm on my second week and weigh in on Monday my pants are hanging off of me so I would guess I lost another 4 pounds or so. I'll keep pushing on!"
B002QZ1RS6,A1Z6JOA29G81U9,Cameron R. Bethel,4/4,4.0,1273104000,2010-05-06 00:00:00,"Insanity in progress, 3 weeks in","Am just finishing up 3rd week. Can definitely tell a difference in my core. Great cardio/full body workouts. Will definitely sweat your butt off! Love that I can do it all in less than an hour from my own home without any equipment. Definitely need to be careful if have bad knees b/c lots of jumping, hopping, etc. Would recommend to anyone looking to get ripped."
B002QZ1RS6,A1QL2U71I6H40K,M. P.,2/3,4.0,1273104000,2010-05-06 00:00:00,Truly insane if you try this,One of my family members wanted to try the P90X.  Her husband stated that the Insanity program is much better since you don't have to deal with weights or supplements.  She did the fit test on Monday and said she was sore to the core about 10 minutes after the workout.  She couldn't hardly go up the stairs.  The second day was even worse because she had to keep pausing the dvd just to catch her breath.  She said she couldn't finish the last 20 minutes because of how intense it was.  I'm not sure what she did yesterday but I'm sure it's the same results as the first two days.  I have to say if you've never worked out a day in your life or in my family member's case 2.5 years I wouldn't recommend this.  I suggest that you start with something that will help you keep your breath before trying this.  Otherwise you're going to be lying on the floor in a stupor or will need the paramedics.  No joke.
B002QZ1RS6,ALWNX3NPCBISL,Madika C. Owens,1/3,5.0,1273190400,2010-05-07 00:00:00,Fog City Dude = Great Seller,"This was a FANTASTIC transaction and purchase.  I was kind of hesitant to order outside of the Beachbody website but at the same time, I have heard horrible things about purchases through Beachbody.  I took the chance and couldn't be happier that I did. Not only did I save money BUT the seller was super fast and super professional, the packaging was just as if it came from Beachbody.  So, thanks Fog City Dude, I will definitely order from you again.  I chose you as the seller because I grew up in FogTown, LOL"
B002QZ1RS6,A9666P0ALE9MD,"Gregory L. Smith ""mrgator""",2/2,5.0,1273276800,2010-05-08 00:00:00,Insanity work out,This product is intense! If you are seriously interested in getting into shape with some hard core cardio workouts. This is for you!  Just know you'll be working out 6 days a week and sweating like you never have before. But the results are great. No weights or bands required. It's like P90X on acid.
B002QZ1RS6,AXCENI071E732,Emily Cullen,376/387,5.0,1273363200,2010-05-09 00:00:00,"Hello, Infomercial.","Seriously, I am not an infomercial girl, but here I am, reviewing an infomercial product.  And this isn't my first go-round.  I've done P90X.  It was awful.  Okay, not awful, it just became apparent that it isn't really a workout designed with both genders in mind.  Very dude-centric.  I had about 15 lbs. (5'7"", 140 lbs.) to lose overall when I started, and ended up 5 lbs. heavier when the program ended.  Yes, I know I was building muscle, blah, blah, but I was just building muscle under layers of fat that the workout wasn't doing jack to eliminate. I'm also REALLY uninterested in bulking up my ""glamor muscles.""  I don't spend my free time flexing in front of the mirror.<br /><br />So then there was Insanity.  Sure, it's difficult; I expected that (thus, the name).  The results I'm experiencing are beyond what I expected, however.  That stubborn blubber that P90X left behind is dropping off nicely, thank you.  Some pointers for those of us who are fitness dummies:<br /><br />-Joint problems?  No?  You'll have them after this crap.  Invest in push-up bars if you have small wrists or are prone to wrist problems.  I cannot emphasize this enough.  It is awkward at first, but you'll get the hang of using them.  Please don't spend 4 months as I did in a full thumb spica recovering from de Quervain's tenosynovitis (basically ""I can't move my thumb without searing, gut-wrenching pain""-itis). Invest in knee/ankle/elbow/wrist braces the minute you start feeling a twinge in any joint.  No reasonable, mortal human can do this workout without the assistance of a brace or two.  The people in the video are robots (I'm convinced), so just because they aren't in a full neoprene jacket doesn't mean you shouldn't be.<br /><br />-Don't be afraid to modify the workout.  I just can't do the high-low planks in the Max Interval Circuit video.  There's too much risk of re-injuring my wrist.  So, instead, I do low plank punches as a substitute.  Same muscle targets, just much less impact on my pansy-ass, fragile wrists.  There are always lower impact alternatives to some of the more intense moves.  Sometimes they provide those alternatives in the video, but other times you just have to figure it out for yourself.<br /><br />-Have free time?  Forget it.  Your kids will have to do their own homework, the dog will have to walk himself.  The first month was fine.  Especially after the P90X time commitment, I was all, ""This is great!  I have free time!"".  Then I started the second half.  Kiss your post-work gin and tonics goodbye, dummies.  I'm on the eighth week, and still need at least two hours to fully recover from an hour-long workout.  Plan your schedule accordingly.  This is not a workout to be done on one's lunch break.<br /><br />-Eating?  Do more of it.  I cannot eat enough.  The caloric intake formula they use is actually scientifically valid (really), and said I should be eating 1,900 calories/day for weight loss.  I cannot feasibly keep up with that number.  I am hungry every 2 hours.  If you are on a strict food budget...good luck.  I probably stick to the healthiest diet on earth (vegetables! lean protein! absolutely no fun!), and it cannot compete with this damn workout.  I'm hungry.  A lot.<br /><br />Despite all of the above bellyaching, I'm very satisfied with this program.  I'm a horrific, sweaty, beet-red monstrosity after each workout, but I really feel as if I've accomplished something as a result."
B002QZ1RS6,A3HLF70C72N16Q,Jorge,5/6,4.0,1273363200,2010-05-09 00:00:00,More like 3 1/2 Stars,"Fact: this will get you in amazing shape.<br />Fact: it is insane, BUT in not so many good ways.<br /><br />I've been working out for a couple of years now and sometimes you just get stuck (see no changes) even changing the workout routine trying to ""shock the muscles"", so I quit the gym for a month and started this program. And it was a shock, I had no idea it would take so much effort and I mean this in a good way. There are lots of great exercises, many of them completely new for me.<br />This will improve your cardio resistance so much and that means you'll get definition, BUT I couldn't help to MISS THE GYM, because you have to use your legs A LOT, so I felt like my arms and specially my back and shoulders were not getting enough workout.<br />Then on the second month I felt like Shawn T made 3 times more difficult (instead of twice as hard), I know the program needs to demand more effort, but it should do it gradually.<br /><br />What's insane in a bad way:<br />- there are way too many jumps, so besides being discouraging and a little boring is bad for your knees.<br />- most of the push ups are late in the videos, when you are more tired (and for the girls who are usually not used to this exercises would make it just too much)<br />- some exercises are just silly (just like 4 or 5), that's my personal opinion, I just didn't feel like I was getting anything done.<br /><br />BOTTOM LINE: great video, you HAVE to be in some kind of shape to be able to do this, it will get you results, it is a great alternative for working out, but you won't get the muscles the people in the video have, you need the gym or something like P90X to do that.<br /><br />Something just to keep in mind: since it is so demanding (really short periods of rest and long periods of exercise, unlike the gym) it would be better to do it fist thing in the morning, but if you only have time at night it would be almost twice as hard since you'll be more tired by then."
B002QZ1RS6,A151AUTHK1O1N2,R. Hastings,12/13,5.0,1273363200,2010-05-09 00:00:00,"From someone out of shape, but feeling better","Was 316 when I stared program. I started 2 weeks of diet from the Insanity Elite Nutrition Guide prior to the workout and now starting week 3 of the Isanity Workout I am down to 293 and moving in the right direction.  I love this workout because if you keep working, even at your pace, you can't go wrong and I can't wait to see were I am at the end of the 60 day workout."
B002QZ1RS6,A1OPE42FKSMI6A,"S. Rahman ""LittleBakerGirl""",140/142,4.0,1273536000,2010-05-11 00:00:00,"Great for women, too!!!","I decided after reading reviews and doing tons of research on workout videos to select this workout. I am a 24-year-old female, with about 15 pounds I can afford to lose. I had previously tried out Shaun T's Hip-Hop Abs, but didn't find it a challenge. I saw this and thought I'd give it a try, even though many females haven't reviewed it.<br /><br />First of all, here are a few things you should know before you buy this workout:<br /><br />1. It is not a workout to do on carpet. I had to purchase a wrestling mat in order to get all the workouts done properly.<br />2. For women: this is a great workout! I have a ton of fun learning the football drills. I do about 1/2 the pushups though because I am not about having a super-toned upper body. Just not my thing (however I do have great arms now, they have thinned out nicely).<br />3. This workout is not for people who have bad arms(wrists) OR knees. I've injured both during this workout, even though I was working out almost every day prior to this. INSANITY definitely requires a body that is robust and ready for a little post-workout pain.<br />4. Athletic training sneakers are a MUST. Cross-trainers and running shoes didn't provide my feet with the amount of support I needed. I had to go to the Nike outlet and get something that supported the ENTIRE base of my foot.<br />5. The diet plan isn't hard! It's a great bonus to have cheap, easy, and fast meals included.<br />6. I know the really popular review states something about approx. 30 minutes per workout. It's more like 40-45, including a warm-up, and stretching before&after.<br />7. If you don't have the time to do this 6 days a week, I wouldn't bother. It's definitely something that requires dedication and a passion to be fit and healthy.<br /><br />I'm halfway through the program--- getting ready for month 2/my recovery week. I am 5 lbs lighter, and my body is just getting more and more toned and gorgeous. I love the feeling of being able to throw on a bikini. Ladies, you might be scared to do this because it definitely looks like a guys' workout--- it's not! I am a girly girl and I love this! I feel so incredible and ready to skimp around a beach. It's worth every penny."
B002QZ1RS6,A38EM35VG5RQYZ,Foosh,2/2,5.0,1273536000,2010-05-11 00:00:00,Best Workout Ever!!!,"This workout is extremely hard but it will give you the results you are looking for if you commit to the program.<br />This program is not for people that have not already been working out. If you are just beginning to work out, try this program after about 2 months of working out and incorporating some cardio. ""Insanity"" is mainly a cardio workout that uses your own body weight as resistance. You MUST be able to commit 1 hour per day for 6 days per week in order to complete this 2 month program (along with following the nutritional plan).<br /><br />""Insanity"" pushes you harder and farther than you've ever thought you could push your body. As you progress through each week, you'll see that you are getting stronger, your endurance is increasing and you are not cursing the DVD ""as much"". Another thing you will notice in your progress is the change in your body, a change in the way your clothes fit, a change in your overall health and well being.  All changes for the better.<br /><br />It works great!!! But don't fool yourself into thinking this is a regular high intensity workout. It takes lots of will power to do the workouts 6 days per week and lots of will power to adhere to the meal plan.  If you can commit to both things, you will get the results you are looking for...beyond a shadow of a doubt!<br /><br />I am in week 7 of the program, I've dropped 25lbs and lost inches in my waist.  The program is hard, but I LOVE THE RESULTS!!!!"
B002QZ1RS6,AVAGD6ODHGODR,Gina deJong,10/12,5.0,1273622400,2010-05-12 00:00:00,here to validate authenticity!,"I will be starting this program on Monday, so I can not contribute to the actual workout yet! 2 weeks ago I came to Amazon to read reviews, and ended up purchasing the insanity set over at the big auction website to save $50! That was a mistake for me - thankfully my seller was awesome and took the product back and gave me a refund! I now have an authentic copy in my hands straight from Beach Body - ordered Sunday, shipped next day and arrived in 2 days - so I will be able to start next monday..since I want Sunday as my rest day!<br /><br />I wanted to put my review out now - just to have the info out there to help anyone else out in the decision to purchase. I knew going into my 1st purchase that it was possible I would get something fake - sometimes it's worth it, depends on what I use it for and what it's worth to me. In the end the extra money was well spent on the real set. Here were the differences....<br /><br />* Both of the sets came shipped in the same cardboard box with insanity printed on the outside. The authentic copy of the Insanity set I received was a heavy duty ""book"" that measured 8.5 x 11 and weighed about 5 pounds. The copied/fake version of the Insanity set that I received came in a similiar type ""book"" but was smaller in size, more like 6x11. It is shaped more like a travel CD case. It was cheap material and only weighed about 1.5 pounds. I got the same literature in both sets - welcome, nutrition guide, calendar, program, fit test card the only difference is the fake set was smaller in size(to match the box) and had random typos.<br /><br />* the actual DVD's - in the fake book, each DVD was held in place with a cheap foam core center. The authentic set holds the DVD's in the way a traditional DVD case holds a cd with the center a push to release. the front side of both sets of DVD's had info about trademark, rights, and the beach body address, also the same picture and title. Only the authentic DVD set have the title of each workout printed on the flip side in the middle circle and it says made in Hong Kong. the copied set only had serial numbers like you would see on regular CDR's.<br /><br />* Both sets of DVD's played on my computer as Unknown DVD. My fake set had 1 DVD that was just a bad random mix of workouts, it was not the correct workout, it was a bunch of tracks mixed up. It was one of the later workouts that you do in month 2, so review all the DVD's if you can. Otherwise all the features of both sets were the same.<br /><br />I really don't remember any other differences - I know there were other reviews that talked about the DVD's not playing, etc - so I tried to add more detailed info about what the copied versions look like - I hope it helps! I am really looking forward to starting this program!"
B002QZ1RS6,AR1L0DIYVNE0A,S. Schilling,1/1,5.0,1273708800,2010-05-13 00:00:00,Insanity Rocks!,"Insanity is a very difficult workout and not for the faint of heart...but I love it! I am breathing and sweating before the warm up is even over.  I did the sister workout to this, P90X, before I attempted Insanity and I think that helped me get ready for such an extreme workout.  This is an amazing product and with hard work and watching what you eat, you will have awesome results.  Thank you Beach Body for your great videos!"
B002QZ1RS6,A2M443O35XI7EC,D. Turner,1/1,5.0,1273708800,2010-05-13 00:00:00,The hardest workout I've ever done!!!!,"AMAZING and definitely INSANE!!!  I just finished the 60 days however most weeks I missed 1-2 workouts (including rest day) but I still got results!!!  I lost 5 lbs (I wasn't trying to lose weight) and went down one pant size.  I have visible muscles in my arms and legs and feel very tight and toned.  I feel strong and have higher stamina.  I am a long distance runner who runs 2-3 half marathons per year - with that sort of endurance and stamina I still found the Insanity workouts very challenging.  I wasn't always able to keep up and it was hard to workout at such a high intensity day after day but I did the best I could and still got results.  I'd say in week 3 is when I finally started having an easier time getting through the workouts and felt stronger.  This workout is DEFINITELY not for beginners.  I would recommend it for someone who is already accustomed to cardio exercising and who is in pretty good shape already because it's really HARD and will get your heart rate SKY HIGH!!!  You really don't need a personal trainer ever again if you have this program.  I love Shaun T's personality - he was motivating and made you want to work out hard.  The set, music and video display with the time countdown was great and also made you want to exercise.  Overall, I absolutely 100% recommend this workout program (to those already in decent shape)!!!  PS  Be careful purchasing 2nd hand like on ebay - many fakes out there!"
B002QZ1RS6,A2FG2Q171TZOTO,"Haymon Parker ""tank""",4/4,5.0,1273968000,2010-05-16 00:00:00,Great workout DVD,This an outstanding workout DVD...I have been in the service for almost 20 yrs..and we run and do muscle strength on a daily basis..on top of that I am bodybuilder and this DVD smoked me.Now I understand what that name is Insanity lol...wow..I have been doing this DVD for a while now and I am exhausted and sweating like it's no tomorrow...This is an excellent DVD for anybody who wants to lose weight or even get in shape....
B002QZ1RS6,A3IV3HJ9QAKF5M,"srb ""srb712""",31/32,4.0,1274054400,2010-05-17 00:00:00,Not for the faint of heart,"Don't want to repeat too much that has been said before, but here's my two cents:<br /><br />  First, where I'm coming from: 40yo female, reasonable fitness, that is, participated in moderately difficult sport and/or regular gym work since high school, though occasional stretches of minimal workouts.  Just prior to starting this DVD, I was only working out 2-3d/week, primarlity moderate work on the eliptical, with a few upper body weights and occasional yoga.<br />  Second:  why I wanted the DVD.  Just felt like I had reached a plateau/sluggish.  I wanted a jumpstart to get me fit again...yes, a little weight loss would be nice (5'7"" 145#, size 8), but wasn't my main goal.<br /><br />Review:  I'm finishing up week 3, so this is far from my final word on the subject, but here goes:<br /><br /> THE GOOD:<br />1) Shaun is a great motivator<br />2) You WILL change your body; I have a pretty healthy diet, so so far haven't changed that much, but even in 3 weeks, have noticed changes, less of a tummy, move muscle definition.  Also, already feel more fit, lifting a suitcase or taking the stairs, no big deal.<br />3)It's hard to max out on the DVD's even if you are in shape...can always go faster or longer, so even after I do 60 days, may start over again and still have room to improve.<br /><br /> NOT SO GOOD:<br />1)DVDs are a little weak on explaining the moves and concepts.  Shaun needs to spend more time correcting bad form.  The package would benefit from a separate DVD that just demonstrated correct technique and heart rate goals.  Pretty serious flaw, IMHO<br />2) good on overall fitness, but lacking in the 'sculpting' department...men might want more upper body work, women might want some pilates or ballet moves to lengthen out the leg muscles.  Also, although ""core"" is well worked, I think there is not  'waist' work i.e. obliques to really give a 'pulled in' shape.  These moves will give you a smaller but more 'up and down'<br /><br />CAUTIONS:<br />1) the joints, as others have said, it is DEFINITELY possible to hurt yourself if you don't do this right; having said that, I have a history of both knee and back problems, and so far, one day of mild back pain, one day of wrist pain, and the knees are doing fine.<br />2) same for the heart, seriously especially if you are >40 you should make sure your heart can take this<br /><br />BOTTOM LINE:<br />I love the other reviewer who said ""seemed like I spent a lot of time staring at the TV saying 'you've gotta by F+**&%^g kidding me!""....he called that a negative, but I saw it as a positive....if you take the challenge!"
B002QZ1RS6,AK1SLMKSZJF9K,"R. Reott ""Kelly""",10/10,5.0,1274140800,2010-05-18 00:00:00,Great Workout,"I am a 39 year old female (5'7, 150).  I love Insanity...as a former runner I could never quite lose the inches from my hips that I was hoping for.<br /><br />After 60 days of Insanity, I lost 1.5 inches in my waist and a whopping 4.5 in my hips.  I am now on round 2 and am hoping for the same results!  I am trying to eat cleaner this round and see how it goes."
B002QZ1RS6,A2TDZ5DJAGOKXV,"kjax ""Jackie and Chad""",4/4,5.0,1274227200,2010-05-19 00:00:00,Insanity workout is INSANE!!!,"All together a well rounded, well thoughtout program. You've got to be committed and form is KEY. The fit tests every other week really let you know how your progress is going and keep you motivated to push it that much harder to improve the next time around. Favorite one is Cardio Resistance. The nutritional guide is excellent! I'm a huge nutritional nut and after going through the detailed guide I know its the real deal. TONS of options with realistic, afforded and obtainable foods.<br /><br />The only con that I can think of is that it is hard to commit to a full 60 days straight while balancing my day to day life, but that I think its understandable. Due to some personal injury and physical restriction I cannot do some of the excercises but just push it that much harder for the next one.<br /><br />Seeing great results! Never been more confident in my body! Thank you Insanity!"
B002QZ1RS6,AIO8AWIIGFJW0,"Jewl ""Amazon.com Lover""",1/2,5.0,1274227200,2010-05-19 00:00:00,Challenging,I have been doing this workout for the past week and a half. It's not easy but its not impossible. I am firming up already and my clothes are fitting better. Can't wait to see the result after 60 days. But like I said it is challenging and you just have to keep going and focus on getting better and doing more every day. More endurance daily and at the end of the 60 days my fitness level should be much better and my body will be looking HOT!!!!
B002QZ1RS6,ACQ7TGR91O34L,"TNTNYC_MSU ""L&#62;P&#62;George""",1/4,5.0,1274313600,2010-05-20 00:00:00,great seller and steller product in great shape great service!!!,"Listen this seller is the best, I wanted this product soon, they upgraded for free and the condition of the product was great still in its plastic...."
B002QZ1RS6,A3M4X0DFTC6K04,"Laurie ""Laurie""",96/96,5.0,1274486400,2010-05-22 00:00:00,"knee, back surgery and doing insanity","To preface I have had bilateral knee microfracture surgery and lumbar discectomy and have gotten through one month of insanity and LOVE IT!! I, like others read the reviews and warnings not to use this program if you have knee and/or back issues. While there is not modified exercises for the difficult and joint straining moves, I just have always listened to Shaun T. chant ""form over speed"". That being said, I don't go beyond my limits. For jumping moves, I don't jump as forcefully as I once used to prior to my surgeries, I have just tried to listen to my body and push when I can and then develop my own modifications. I have completed the first month, lost 8 pounds, 3 inches off my waist/bust and develped some quad muscles that I haven't seen in a long time.<br /><br />I wanted to write for those who have had knee and/or back surgery and say it is possible to do this program with caution and lots of stretching. As everyone writes, its not for everyone, but a lot of the postings almost discouraged me from purchasing this. I am so happy with it and look forward to working out each day:)"
B002QZ1RS6,A3F96BUKV2K5QW,K. Maxwell,0/1,5.0,1274486400,2010-05-22 00:00:00,It arrived on time and was in perfect condition!,The product arrive on time and was in great condition-just as the seller noted.  It was brand new and appeared to have never even been open.  I am very happy with teh product.
B002QZ1RS6,A118W3V6Q6O880,"J. Green ""I love romantic movies""",2/2,5.0,1274572800,2010-05-23 00:00:00,"Ouch, I hurt","I am only 6 days into this workout, but I must tell you that my core aches as do my thighs. I can feel my core aching as I leisurely walk my dog, and I feel my thighs as I walk up the stairs. This workout is hard for someone like me: intermediate fitness, jogs 20-30 miles a week. Even though I can't keep up, I sweat so intensely and my muscles aches. I like how there is a different DVD to follow each day. Although I have begun to memorize some parts, I don't know what's coming up that's new and I don't know how my body will handle the new routines so that sort of keeps it fresh for me.<br /><br />This is hard and challenging, so if you're the type of person up for a challenge this may be for you. I don't know if it is for beginners because it is so intense and seriously challenging it may be discouraging for someone who considers him or herself a beginner, but I do feel intermediates can handle it, especially if you are one who likes a challenge. Fortunately there is no equipment needed. You use your own body as a weight, but I find that it's really a challenge using my own body as my weights.<br /><br />I don't own a heart monitor, but I will definitely invest in one. I feel like that is necessary just so that I can monitor my own heart rate since this series keeps me working at such a high impact for so long.<br /><br />Some reviewers have written how this workout is hard on your knees and joints, and I will definitely agree. I make an effort to be as careful as possible looking out for my knees and my lower back. I've never had serious knee issues, but I do wear a minor knee brace since my knees do get achy at times. As for my lower back, I visit a chiropractor bimonthly. I can easily notice how improper form can re-injure my lower back so when I need to I slow down and focus on my form. Sean does emphasize form over speed and so I am really careful not to overexert or to lose form because I can see how this workout can seriously take out your knees (whether or not you have a former injury) and your back and shoulders. You must be careful. I hope I am being as careful as I think I am. I keep checking my form in my full mirror. I think the potential for injury is the biggest red-light for this workout product so be careful, period."
B002QZ1RS6,A2RLB5PS2JFK2G,Media Blitz,1/1,5.0,1274832000,2010-05-26 00:00:00,INSANE,"This workout is crazy, and will push you to your limits, and perhaps, if you have the mentality, beyond it. To begin with, the ""warm ups"" are really like a workout in itself. I usually warm up before the ""warm up"". Seriously, by the time you are through the warm up, you'll have a puddle of sweat beneath your feet. Anyway, I have finished the 60 days, and let me tell you the results are incredible. I have actually lost 30 pounds with this program alone, and I was eating a lot ( because the workouts turbo charged my metabolism) perhaps 3000 calories a day.<br /><br />My recommendation? This is not for anyone. (I was moderately in good shape when I started this program, and for a while couldn't keep up with Shaun T., but I was still able to finish every workout, I just went at my own pace. Now, I am able to go keep up with Shaun T.... at least sometimes.) If you have ever done the P90X plyometrics, and had trouble with that EVEN TO THIS DAY, then this is definiteley not for you. Put it in this perspective. The insanity workouts are like the P90X plyometrics, but on steroids and crack!!!"
B002QZ1RS6,A1U4H0SI26DBTM,Aussie,4/4,5.0,1274918400,2010-05-27 00:00:00,Insane,"This is the best cardio workout you will ever come across, it really is insane.  Insanity is very addictive.  These DVDs are not for the beginner, you have to be in pretty good shape to be able to do these, even the warmup is intense. This was definetly the workout I was looking for."
B002QZ1RS6,A3LHW24UD16EH9,"Martin L. Mathews ""OSU-FAN""",6/6,5.0,1275004800,2010-05-28 00:00:00,Great Workout if you can handle it...This is intense,"I have been using this for 6 weeks now and missed 1 workout. I have not lost any weight. I am 6'2"" 209Lbs and am very competive in everything I do. This is the toughest workout I have ever done. You work up a good sweat just in the warm-up alone. After that you still have 25-45 minutes of an ass kickin left.<br />I would only recommend this for anyone who will not give up. If you are the type who doesnt give it your all then more than likely you will not make it more than 1-2 weeks with this program. If you have knee/back problems this probly won't be for you. There is a lot of jumping up/down and just overall movement that will challenge your balance. Most of the balancing comes into play during the 2nd month. Either way good luck and I hope this helped."
B002QZ1RS6,ABG48H4IOS440,"Pamela L. Mcpherson ""PLM""",2/2,5.0,1275004800,2010-05-28 00:00:00,Purchasing Insanity was not a momentary laps of reasoning,"I'm glad I was able to acquire this fitness program. It's difficult to impossible to keep up with the speed at which the reps are performed by the people on the DVD, but it is clearly a goal to tone and develop the muscle sets required to meet such a level of intensity. The program, however, is obviously designed so that one can keep up with the work performing the reps at the fastest speed possible with a goal for improvement! It's set up so one feels encouraged to continue and not quit! There are enough DVDs in the set that boredom is not going to set in any time soon!!!! I'm a nearly 40 year old woman in reasonably good shape but this work out can benefit those who are already in a work out routine and looking for a change. I don't recommend it for someone who is currently very out of shape....work up to it!"
B002QZ1RS6,ABXD548T5QVI2,Joe S.,1/1,5.0,1275091200,2010-05-29 00:00:00,Insanity Workout Videos,"I have been using the Insanity Total Body Conditioning Program now for 3 weeks and I can't  believe what a difference it has made already. I have lost 10 lbs and 3 inches off my waist. This has been by far the best workout program I have ever purchased and well worth the money, which was alot cheaper through Amazon.com anyway. I am looking forward to the results I achieve as I continue this workout over the next 5 weeks."
B002QZ1RS6,A3LTQ5I9GXHJ5T,"Jamie Busby ""jambus""",1/9,2.0,1275264000,2010-05-31 00:00:00,Insanity workout,"the dvd's that do work are fun, but 1/2 the dvd's did not work in any of my dvd players and that is very frustrating when something you buy new and pay a lot of money for doesn't even work."
B002QZ1RS6,AI46YZTGS07AT,K. Dawiczyk,2/2,5.0,1275350400,2010-06-01 00:00:00,insanity is insane but fun,If you are motivated to challenge yourself this is the dvd set for you.  In 60 days dropped 20 pounds and four inches off the waist.  I recommend it highly.
B002QZ1RS6,A17A5UNQ23T179,R. Savell,0/0,5.0,1275350400,2010-06-01 00:00:00,great workout!,"I love it! It's tough, but if you stick w/ it, you'll be happy with the results!"
B002QZ1RS6,A29WL6BUQM7WYB,Marissa Davis,0/2,5.0,1275350400,2010-06-01 00:00:00,love it!,i ordered insanity for my husband and he loves it! he is on his 3rd week and is still in love with it. we are only concerned about one thing... there is one disc that is called cardio abs... but there are already 2 other discs with the same workout on them...?? a little weird but still a great workout!
B002QZ1RS6,A2PVA1JU4FKNM1,"J. Fisher ""mamafish""",4/4,5.0,1275696000,2010-06-05 00:00:00,"You better get ready to bring it, drip sweat and get your butt kicked, and thats just the warm up.","Oh yeah, I work out everyday and this is awesome, then you get to the 2nd month and you just hope you can make it through. I haven't lost any weight but I'm toned and you can tell I have been diggin' deeper! My seller was no good but the dvds are great."
B002QZ1RS6,A15DM1WD502X79,"J. Barksdale ""Jdrivin""",0/1,5.0,1275782400,2010-06-06 00:00:00,INSANITY - the name says it all!,"Shaun kick my butt with this challenging, butt-kicking, insane workout! You will see the difference after 60 days, not a year! Just go at your own pace but you have to give it your 100% best! Yes, it works but it is a high-impact workout so be warned. Be safe!"
B002QZ1RS6,A3XKG01TAIF2G,Mark36,60/61,5.0,1276041600,2010-06-09 00:00:00,This workout is awesome.  I feel like puking .....,"I'm up to day 14 of this 63 day program.  I haven't seen the weight loss that others are claiming, but I'm not using the supplements or strictly adhering to the diet.  However, I can definitely feel the difference in muscle development from day 1.  On day 2, I felt like curling up in a ball and puking my guts out.  This is a tough program.  Be warned.  Be ready.<br /><br />The exercises are rigorous at a brutal pace.  Just doing the warm-up is a challenge.  Like others have already said, you have to have a reasonable degree of fitness and a high level of motivation.  This is a graduate level course.  You must be able to push yourself.<br /><br />I'm 54 and can stand to drop about 20 pounds.  I am a retired Marine and exercise on a regular basis.  I'm a great street athelete (all energy, no skill or technique).  If that sounds like you, here are my tips/observations:<br />1.  Hydrate throughout the day.<br />2.  Eat bananas (my left calf cramps up during the warm-up).<br />3.  You will sweat.  Have a towel handy.<br />4.  Unless you are Superman, you will struggle the entire time.  Pace yourself and take a breather when necessary.<br />5.  I am weak in all the areas where I thought I would be strong.<br />6.  You will be sore, but you will recover and be ready for the next day.  Within an hour or so of completing a workout, I feel like I want to start the next.  Wisdom dictates otherwise.<br />7.  You will discover new muscles.  Discovery is by pain.<br />8.  Even the easy recovery days are hard.<br />9.  Sometimes I have the wind to continue, but not the muscle.  Other times, I have the muscle, but not the wind.<br />10. Do the best you can at your pace, but stick to the time.<br /><br />I was a little leary at first to spend the bucks for this program.  I have an older version of Power 90 from Beach Body and liked that product.  The positive reviews on this site convinced me to open my wallet.  I'm glad I did.<br /><br />For what it is worth, I will continue the Insanity workouts until I am forced to age gracefully.<br /><br />July 14:  I SURVIVED THE FIRST 30 DAYS!!!!!!!!!!<br /><br />Great, I've advanced to another level of pain.  Now I'm into day two of the second phase.  All I can say at this point is that the 1st 30 days were nothing compared to the two workouts I just completed.  These workouts are about 15 minutes longer and a heck of a lot tougher.  I keep pace with the video, but I'm dogging about 2/3 of the exercises.  If I power through one, I'm dead for the next.  The only consolation is the dozen or people in the video are dropping also.  You will be one sore soggy ball of proto-plasma at the end of each session.  I've dropped seven pounds without even trying (I'm not giving up beer) and lost over an inch off my waist.<br /><br />I've had zero problems with my DVDs.  I ordered mine direct from Beach Body."
B002QZ1RS6,ARXWIVTGGNG83,"A. Sagal ""allybaby714""",4/4,5.0,1276128000,2010-06-10 00:00:00,LOVE IT!!!,"I started the program on June 7th and have to admit that the workouts are a bit tough, but they are SO MUCH FUN. The instructor is not annoying at all and for once, I am actually motivated to push harder. I have a pretty bad knee, so I modify 1 or 2 moves ie go slower during certain jump exercises, but overall I don't feel that the movements are a strain.I purchased some good cross training shoes with good support as well. I contemplated purchasing this program for a while as I was afraid that I would not be able to keep up (during the school year I tend to avoid the gym and any type of cardio). In the middle of May I started running again about 2 miles everyday and as I said started the program on June 7th, so I'm not in great shape, but I am still able to complete the workouts with no problem. If your considering purchasing the videos...DO IT!!!<br />The only negative thing I can say is that during the warm ups the bottom of my feet start to ache. Oddly enough the pain doesn't occur during the actual workout, not sure what that's all about."
B002QZ1RS6,A1RZ54LX2MJTLD,fit sexy,4/4,5.0,1276128000,2010-06-10 00:00:00,Worth it if you work it.,"Insanity does everything it says it will.  It's hard, it will kick your butt, but it is totally worth it if you can hang in.  I am only at my third week and I have noticed a big difference.  I feel a lot leaner, but stronger at the same time.  My favorite thing about insanity is that you work out, hard core, for about 30-40mins and you are done.  It's really hard for that time, but if you can get through it, you feel great, you look great and it didn't take up your whole day to do it.  Very happy. : )"
B002QZ1RS6,A1OMXVXXP07F05,"D. Couse ""darkman1969""",47/47,5.0,1276214400,2010-06-11 00:00:00,My 60 day results and a word of warning.,"So you think you're in shape.  You've done all of the other workouts...you run about 20 miles a week, are a forty-something, relatively ""fit"" and have completed P90X.  Yah, that's what I thought too until I ran into Shaun T and Insanity.  This is by far the most intense workout I've EVER done, and I've done a lot...including P90X.<br /><br />So, let's get to the results.  60 days for me equated to 15lbs lost, 3 notches in my belt looser, 7% less body fat (down from 22 and change to 15% and change) and the ability to run 8 mph for 30 minutes without ANY problems.  Now those results are what I call insane...truly insane.<br /><br />This workout is ridiculously hard.  Yes you can go at your own pace, but you will still be sucking wind 15 minutes in...10 of that being the ""warm up"".  Insanity's warm up is harder than a lot of full on DVD workouts I've done.  No joke. The people Shaun invited to be in the workouts look like beach body people...I don't.  So when they started fading away during the workouts, I knew this was unlike any workout I've ever done.  I kid you not, these chiseled bodies struggle, and I mean struggle to make it through.  In one of the workouts, Max Cardio Circuit (I think) the entire group is laying on the ground in utter exhaustion.  It looks like a massacre...and it feels like one too.  I'm also not a heavy sweater when it comes to working out.  Sure I leak a little here and there, but it has never POURED off of my skin like it did with Insanity.  My shirt felt like I had just come up from the bottom of the pool by the time I was finished with the workouts.  I was soaking and dripping wet.  Not to mention my heart rate monitor was telling me the average heart rate during these workouts was low to mid 140's...It had gotten as high as 163...brutal.<br /><br />Did I follow the eating plan you ask?  To some degree yes.  In reality, I found a couple of good suggestions in it for breakfast and lunch, stuck to protein bars for a snack and had chicken or some type of beef for dinner and that was it.  The only item we really had to purchase outside of our normal grocery list was protein powder.  Not theirs, but whatever kind we wanted.  I had done the 5 meal a day plan (about 300 calories per meal) and it really does keep you going all day.<br /><br />I never really listened to the warnings on previous DVD's, but I do believe the warning on Insanity is well worth a look.  This is not for people with weak joints, or knee, back and neck problems.  I can't believe they shot this in a gym on a hardwood floor.  Overall, it states there are plenty of other workout options for people that may not be up to this.  True 'dat.<br /><br />Finally, a word of caution.  I bought mine here through the seller market place.  I am now 99.9% convinced I received a pirated copy for 2 reasons.  The first is that 2 discs while they play, they play out of sequence.  These discs jump around from rests, to various times in the routine.  The discs that don't play correctly are Max Interval Sports Training and Insane Abs.  They are not scratched, they are encoded wrong.  If you buy this from anywhere other than directly from BeachBody, I HIGHLY recommend you stick those DVD's into your player immediately and see if they work correctly.  These 2 discs are not used until later in the program (last month/2 weeks) and by the time you try them, it's too late to get a refund through Amazon or seller...tough lesson learned.  Another reason I believe these to be pirated is that the product comes sealed.  I've read on some posts that the real product doesn't come sealed in plastic.  My only .1% hesitation is the quality of product that was shipped.  If this is how people can pirate products nowadays, it is unbelievable...packaging, the nutrition book, the DVD's, the calendar...everything looks perfect.  Just those 2 items that have peaked my interest.  So beware of ""new sealed"" deals here on Amazon.<br /><br />If you have the motivation get it.  You will not be disappointed."
B002QZ1RS6,A3AS3Y08FG7B2D,unconditional love,1/2,5.0,1276214400,2010-06-11 00:00:00,Keep going,Insanity is insanley good. Im on my 4th week and I do see results. It's not easy stay focused keep pushing and u wil get stronger.
B002QZ1RS6,A2CIYBO32AZ63G,"American Express ""elina""",0/8,4.0,1276473600,2010-06-14 00:00:00,i would like the shipping time to be shorter,"I ordered the present and although the shipping time was as planned, it was too long a time.I wish my daughter had received the DVD a few days earlier. Thks anyway,Elina"
B002QZ1RS6,A1C87GAJNODOE6,"T. Thomas ""Mamadawg""",11/12,5.0,1276473600,2010-06-14 00:00:00,"Look, it's tough but at 47 I can do it!","I am 47 years old and female. I was in a car accident in 2000 that really messed up my upper and middle back.  I also had neck and shoulder injuries.  Prior to this, I was doing 2 a days and working through a tougher routine than this--because it was 2 intense programs back to back.  I will not sugar coat this.  This work out is tough, but it builds up the muscles so that my injuries are no longer running my life.  I've seen great results--my abs are ripping and I have lost weight. I recommend a physical prior to starting, but I will be the first to forwarn you:  THIS IS NO EASY WORKOUT.  If you are looking for fluff, you won't get it here!  This is as intense as P90X, I think--minus pullups and sit ups. This workout rips the abs and kicks butt--also resulting in losing inches!  If you've got bad joint problems, I think you are better off with a program called Chalean Extreme--which is an adaptable workout to your physical needs--I did that one also with good results! If you want to take back your life one inch at a time, one pound at a time--then this workout is great!  You can take breaks as needed--Sean T. tells you to do so--especially IF YOUR FORM STARTS TO FAIL!  It will take a while to get the cuing down because he starts off at a reasonable pace to teach the moves, and then repeats sequences--building up speed as he goes.  You will be dripping sweat from the warm up!<br /><br />Piece of advice--do not skip breaks and do not skip the warm-ups and stretching.  You'll feel like you are dying without that! You need to keep a ton of water handy too and a towel.  If you have joint issues--this probably isn't for you, however it isn't bothering me. If you have joint pain at all--I say pick another program.  I love this one!"
B002QZ1RS6,AWMGZXWW5N1YR,Trini Queen,7/7,5.0,1276560000,2010-06-15 00:00:00,Worth every penny,"I'm not following the diet plan as i work on a cruise ship, however by just doing the dvds, following the calendar and modifying my food intake my whole body has changed.<br /><br />My legs and arms are more toned. My midsection is slowly reducing and i find that i have so much more energy.<br /><br />I would recommend this product to anyone who is serious about making a healthly change in thier life.<br /><br />Thank you Shaun T."
B002QZ1RS6,A66EJ0WJZM74L,R. Williams,4/4,5.0,1276732800,2010-06-17 00:00:00,Insanity provides everything promised.,"Fist off, please make sure you are buying from Beachbody and not some secondary source. A lot of the negative reviews are purely do to buying used or boot-legged versions for a cheaper price. Shaun T is a very good motivator and instructor. You need to be in decent shape to follow the routine right away, but if not just push yourself as far as you can until you build yourself up. Shaun T is very good in my opinion in keeping your spirits up. Right away from doing the fit test in the beginning shows you how not so good shape you really are. Even if you can run and 8minute mile and exercised moderately like myself. Bottom line this program is every as advertised and will get you in shape. You just need motivation."
B002QZ1RS6,AEQCXKXEH35ZA,R. Trecartin,8/46,1.0,1276732800,2010-06-17 00:00:00,Seller failed to meet expectations!,"I am highly disappointed with this ""transaction"". I placed the order yesterday morning, and later on last night received an email that my order was cancelled. My order was cancelled because this seller is not accepting payments at this time. If you're not receiving payments at this time, shouldn't you NOT be listing items for sale? I mean, that would only make sense....right?!"
B002QZ1RS6,A3OC047NQMFVH4,Dean H Bartels,2/2,5.0,1276819200,2010-06-18 00:00:00,Excellent High Intensity Aerobic Workout,"High Intensity aerobic workout. Wear good shoes and drink water. If you stick with the program, you are guaranteed results!"
B002QZ1RS6,AGBS7DV068Q1M,Moose,69/109,1.0,1276992000,2010-06-20 00:00:00,Not for persons with joint issues,"Do not buy Insanity if you have any joint issues - shoulders, knees, etc. The moves are high impact/high stress. I contacted the company by phone and email, several times, prior to my purchase decision, to find out if persons with joint issues should or should not buy. However, no reply was ever received.  Unfortunately, I decided to try the DVD's but am not able to use them; a waste of $150. Rather than direct a potential customer to another product and, thus, retain the customer, BeachBody has chosen to lose a potential lifetime customer."
B002QZ1RS6,A35P1RJLC8ZD2D,"CAM43 ""Single Working Mom""",1/2,5.0,1277078400,2010-06-21 00:00:00,DON'T Stop the Insanity!  This workout ROCKS!,"I am over 40, been weight training/body sculpting for 15 years, ran 3 marathons and numerous other races...and what can I say, but Shaun T KICKS MY BUTT!  Insanity ROCKS, after only one week doing it I already feel stronger, fitter and faster (and I have not been weight training for 5 weeks now!).  I'm excited to see how I will progress 7 weeks from now!<br /><br />I let my ex-husband try it (who works out 6x week) and he said, ""OMG, I'm not in as good as shape as I thought!"".  Shaun T is a likable guy and a great motivator, I like that they do the workout in a school basketball court/gym setting, and all the people in his workout video are sweating their butts off!<br /><br />I already follow a clean eating plan for the most part, but I found the Nutrition Booklet really helpful for simple recipes.  Overall, it's a great set.  Not for beginners (ability to do several sets of full body push-ups are mandatory) and not for anyone with joint issues or bad knees/hips/ankles etc. (lots of variations of jump squats).<br /><br />I love this workout, I look forward to doing it and feeling that sweat dripping down my face and breathing my ass off!  It's INSANITY!"
B002QZ1RS6,A2HIM2XV9V45DW,"Timothy Gorka ""youngelvisfan0909""",11/11,5.0,1277251200,2010-06-23 00:00:00,Here's the deal folks,"I'm not in great shape and don't claim to be but...<br /><br />Shaun is a great motivator and trainer. There is no law that says you have to keep up with Shaun and his workhorses. Max interval training basically means you do the best you can at every workout. Whether your best is 10 reps or 50. You keep doing your best and you will get in shape.<br /><br />I'm a beginner still with it but its the best workout I've ever had. I also at times have to take many breaks towards the end of the workouts, but IT WORK. and remember to use proper form when jumping and to prevent injuries.  do what you can and you will see change.<br /><br />You will sweat more than you ever have but, go at your own pace, slow down, take breaks.<br /><br />and the best parts<br /><br />NO WEIGHTS/PULL UP BARS.<br /><br />Lots of cardio. You will get lean and in the best shape of your life. I can already feel it.<br />If you want it. DO IT. and don't let anything scare you.<br /><br />do your best, forget the Rest and you will get in great shape."
B002QZ1RS6,A30K9F9C2JXQ66,G.T.,2/6,5.0,1277337600,2010-06-24 00:00:00,Best workout ever!,"This is the hardest workout I have ever done. But, it is the one that provides results! I am on my fifth week and I look forward to completing the routine and seeing my end results. I highly recommend this program."
B002QZ1RS6,AP4YLUN47MQCX,Gerald A. Laurich,0/3,5.0,1277424000,2010-06-25 00:00:00,Insanity Workout,"It's all that the commercial shows and more. Tough, requires dedication, no instant results but it works."
B002QZ1RS6,A8QONT95QJPG6,Rich Wagner,6/6,5.0,1277510400,2010-06-26 00:00:00,An outstanding workout for the motivated individual,"I just finished my 60th and final day of insanity today, and i'm still here to tell the tale! As everyone else says, these workouts are nuts...I've never sweat so much in my life. By the end of each workout, you're completely spent.  I was in decent shape to start but my muscles got smoked after the first few days.  Let me tell you, this progam works if you stick with it.  If you take it seriously, don't pause the workouts and bust your chops each day, you'll see major results!  I didn't follow any of the suggested diets, but I ate lean throughout the 60 days and I think that helped as well.  I'd recommend protein shakes, fruits, veges and lots of lean meats (chicken, fish).<br /><br />After completing these workouts, I've noticed my cardio has gone through the roof.  The biggest reason you improve in your fit test numbers is because you can go harder for longer periods.  My flexibility has improved ten-fold after these workouts.  Advice: take the stretches seriously, they really help with flexibility and help prevent pulling a muscle.  My only regret is, like others say, it doesn't do much for bulking you up.  My abs and core got quite toned, and my legs and back are stronger than they've ever been, but it doesn't look or feel like my arms changed.  Therefore I'd suggest adding a few curls and pull ups whenever you can.  Also, the exercises do get a bit old after two months, but you don't have much time to think about it since you are so exhausted.  All in all, though, these are minor complaints given how pleased I was with the overall program.<br /><br />The program is definitely expensive at ~$130, and it's sad to think you have to pay about $15 per workout. In the end, though, well worth it when you consider the results.  I like how efficient this program is.  Only 40-60 mins per workout, which is much better than P90X.  And only 60 days.<br /><br />In the near future, I plan to resume running with ~2 insanity workouts per week.  I plan on doing the whole program again sometime, but it won't be anytime soon!  My friends are all hooked and can't wait to borrow my discs.  Overall I'd strongly recommend Insanity...if you are up for the challenge!  Good luck!"
B002QZ1RS6,A2ZMEFHSNEYS1B,Big M,2/3,4.0,1277596800,2010-06-27 00:00:00,Great stuff...but make sure you order the real thing!!!!,"Overall, the workout is excellent and you will work harder than you ever have before.  I am going on my fourth week of the workout and have lost about 11 lbs all ready.  However, make sure you order the ""real thing"".<br /><br />I ordered this from a different company because it was only around $75 not realizing that it was an unofficial copy.  When I received it, I was actually missing two of the dvd's.  It has been four weeks and I have still not received them.  I have received tons of promises but nothing.  I cannot figure out where this company is even located and will probably not be able to get my money back.  (I was lucky that one of my friends bought this and is not using it so I was able to borrow his copy.)  This company is located in a different country, the dvd's are in a smaller booklet compared to the ""real thing"", and it is much cheaper.  It is not worth trying to save the money...just buy the official set and you will save a ton of time and energy.<br /><br />All in all, the actual content of the dvd's is great and this has rejuvenated my workout!"
B002QZ1RS6,A1P9T40CO6I13V,Jennifer Hill,0/3,5.0,1277683200,2010-06-28 00:00:00,Satisfied Customer,I got my DVDs on time but a couple of them did not work.  I contacted the seller and they exchanged them for me with no problems.  Thanks!
B002QZ1RS6,AD0KSW7AM75EB,"bq1 ""bq1""",7/7,4.0,1277942400,2010-07-01 00:00:00,Pure Insanity,"Whenever I get a new exercise DVD I watch it first. These ones looked repetitive and boring. Well... Boy was I wrong! I'm in pretty great shape, but these basic exercises take me to the limit of pure insanity. I've gotten great results from the exercise  program and also its meal plan.<br />I am extremely happy with this DVD collection, and I would recommend it to anyone who desires to get into top shape very quickly. I dropped 2 sizes in two weeks!<br /><br />Happy & Insane in NYC"
B002QZ1RS6,A4OM1Y19LLXCK,Muriel,3/4,4.0,1277942400,2010-07-01 00:00:00,Review of Insanity DVD,"I purchased this DVD as my daughters had commented on how much fun and how effective the workout it.  We workout together and are on day 28 of the workout.  It is difficult but we are all definitely seeing results.<br /><br />If you are in fairly good shape to begin with, I would recommend this workout if you want to up your level of physical fitness."
B002QZ1RS6,A386JEDESJE70K,dancer,0/0,5.0,1278028800,2010-07-02 00:00:00,really hard,"This is the hardest workout i have ever done, and I am a dance teacher. I have yet to make it through an entire dvd, but i am on my way. If you are up for the challenge get it!!"
B002QZ1RS6,A1SUG9U6GDHNK3,Hermes Trismestigus,3/5,5.0,1278028800,2010-07-02 00:00:00,"Tough, Effective, Almost Perfect.","INSANITY is a gem. After every workout, I am drenched in sweat, and feel great about what I have accomplished each time. Shaun-T is not necessarily the most charismatic or knowledgeable guy, but he gets the job done. His favorite word is ""push."" ""You gotta push."" ""C'mon, y'all, push."" The workouts change enough so that I don't get bored, and the improvements I see after each cycle encourages me to do more. I look forward to the workouts, which is INSANE in and of itself. I definitely feel I got what I paid for.<br /><br />The only complaints that I have are that the warm-ups are WAY too intense; I often warm up and stretch beforehand on my own. If you are out of shape, and heavy, be prepared for your feet and calves to hurt after the first few workouts. The theory of the INSANITY approach is to essentially use your weight to burn the calories, which develops your leg muscles and tendons, allowing you to eventually burn even more. This process is not entirely painless, as large folks will find out. The soreness goes away after you improve your conditioning. I wish that they included more for people who can't do the advanced movements (the dips where you raise one leg are in no way possible for the big boned, obviously) so that it is clear what should be done in place of those exercises.<br /><br />Also, Shaun T's accent is hilarious, and the sweaty, bare-chested hugs he gives the other people in the video are exquisitely awkward, like most of the interactions where he touches the actors and he squeezes their love handles and so-forth. He also never moves his eyebrows, which is weird, but you get used to it. YOU GOTTA PUSH!"
B002QZ1RS6,AVJHUXVPE1DMZ,"Sierra Terrell ""crazyfitgirl""",3/3,5.0,1278115200,2010-07-03 00:00:00,The Title is a Good Fit!,"This is an ultra-intense, no holds barred, crazy workout.  There are strength training movements using your bodyweight, but the focus is really on cardio.<br />I am a 23 year old female and was in really good shape before I started this program.  Even so, the workouts kicked my butt!  Insanity will challenge even those in unbelievable shape.<br />Overall I am very pleased with my purchase.  I love these super high energy workouts and actually look forward to them.  I love that they are relatively short (average about 45 mintues, less if you skip the time consuming and unnecessary pre-workout stretch).  Shaun T and his crew are very motivating.  The music isn't great, but isn't bad either.<br />My only gripe- the warmups.  They are very intense and might be an overload for someone not used to warming up that fast.  And the fit test has no warm up so you are putting yourself at risk of injury if you go right into it.  When I first started I was getting awful headaches whenever I worked out and my chiropractor said it was because I was overloading my system.  So I would do my own pre-warm up warm up for a while until my body adjusted.<br />A side note- I have actually gained weight since I started.  I was pretty thin to begin with and doing such intense workouts really increases your appetite!  So if you are trying to lose weight, be conscious of that."
B002QZ1RS6,A3CRDHD28MTD0D,Z. Maron,8/38,2.0,1278115200,2010-07-03 00:00:00,To Easy,"Ok here it goes. If you have bad knees, shoulders, or any other body part then this is not for you. If you are already in shape then this will not get you in more shape. Insanity is just a cardio work out and it is difficult at time but there is nothing in the videos that you can't do on your own. For 30 to 60 minutes you will do mainly a leg, calf, thigh, and butt work out with some push ups and abs in there too. Many times through the videos some of the exercises repeat from previous workouts that you have already completed.<br />My final statement is: If you belong to a gym or have the motivation to do some physical activity with your life the don't buy this.<br />If you are one of those people who try a new diet or fad every week to try to lose weight or get in shape then try this out waste your money and start something new the next week."
B002QZ1RS6,A1HY2G2LMPZZZS,Sher,0/3,3.0,1278201600,2010-07-04 00:00:00,Ultimate cardio workout,"Great workout, unfortunately two of the discs don't work and when replaced still did not work. Great seller to deal with, tried to make it right."
B002QZ1RS6,A18ZVRWMMBGYAO,Jada,2/2,5.0,1278288000,2010-07-05 00:00:00,Great!!!,Best workout of my life! It is a great system and will get you into shape fast!
B002QZ1RS6,A12GCEDJDZM5AD,"Tegan Smith ""Mom of 2""",18/19,5.0,1278288000,2010-07-05 00:00:00,AMAZING!! Even for a beginner like myself!,"Ok so I purchased Insanity in the beginning of the year, and I tried it once, doing only the fit test and I about died, so needless to say I buried it in my closet until I was ready, I also own p90x and honestly that is so boring I couldn't get past week one, but this is soo much fun great energy. So I am on day 4, and let me just say this is very addictive, and super awesome. I love it, I'm not super fit, well I'm not any kind of fit actually, but I decided after reading review after review, mostly discouraging,to say what the heck I'm going to give it 100% and do this and get an amazing body. I for sure recommend this to anyone! With the right motivation, and discipline you can dig deep and get through it, and it may be hard at first but I know if I can do it I think anybody can. It is totally worth it =)"
B002QZ1RS6,A1N524EX1F432P,Karen,2/2,5.0,1278374400,2010-07-06 00:00:00,Insanity Fitness DVD Program,"I ordered the product for my daughter but tried it for myself as well.  I'm in early fifties and fairly fit, but found it was too much for me--the jumping was bothering my knees. (but I had mild knee discomfort before I tried it). My daughter, however, loves it! She has stuck to the time table and has finished her first month and notices a difference in her body and stamina already.  It's a vigorous workout--to keep up you need to be in good physical shape to begin with or just do as much as you can and work up to keeping up.  Shawn T is a great motivator.  Since I ordered the product for my daughter, I'm giving it her rating of 5 stars."
B002QZ1RS6,A3LFA6LRLFOKGJ,fit,2/3,5.0,1278547200,2010-07-08 00:00:00,seeing results,"I am 5 weeks into this.  It is pretty pricey, but I have seen results.  I think it is worth it.  He does a long warm-up before stretching.  This is great for preventing soreness and injury."
B002QZ1RS6,A2RKI7RPP5CJMG,"K. Fontenot ""Prairie Cajun Regenerated!""",19/20,5.0,1278547200,2010-07-08 00:00:00,Results Do Not Lie,"""Insanity"" is the perfect name for this DVD program.  Why?  Because you have to be at least a little bit insane to jump into a program such as this one.  The program is split up into two months of intense cardio and plyometrics with a bit of strength training thrown in (you use your body, not weights).  There is also a recovery week in which you'll find yourself doing a lot of stretching, a couple of yoga moves, and plenty of balancing moves.  Each DVD includes at least one workout on it (a couple feature two).  One DVD focuses strictly on the abs, although the abs get a great workout no matter which DVD you are on.  Also included is a workout calendar that lists which DVD to do on each day of the week.  Sundays are reserved for resting.  The DVD set I purchased also came with a recipe book and a meal plan.  All of these items were simple to use.<br /><br />The first month is very intense, with each workout ranging from thirty five to forty five minutes on average.  The second month is brutal, pure and simple.  The workout length extends to fifty five minutes on some of the DVDs during the second month.<br /><br />If you are not used to working out, or even if you consider yourself to be in decent shape, the warm-ups will kill you right away.  Do not be discouraged by this.  If you stick to it, you will improve.  Just three days into the program, I found myself lasting longer and longer before having to sit out or take a brief break.  After just a couple of days, I noticed that my arms were already beginning to show signs of tone.  My legs looked even better.  After two weeks, I started losing inches around my waist.<br /><br />Every two weeks, you have to take a fit test.  My first one was terrible, but the second fit test showed me doubling my performance on all but one (globe jumps) of the tests.  Each time after that, my results kept improving.  Granted, I didn't double anything afterthat, but you'd be surprised how tough it is to add just two or three more reps of a particular move.<br /><br />The second month really kicked my body into overdrive.  I was doing moves that I would never have dreamed of doing just a few weeks before.  The intensity level of the second month is off the charts.  Do not be ashamed to stop and take a breather while exercising, you'll need it!<br /><br />Shaun T is a very positive influence throughout the DVDs.  He'll go over each move before asking you to do it and highlights people doing each move properly and/or improperly so that you can learn proper form.  If someone's leg needs to be straightened out on the DVD, Shaun helps them achieve correct form.  This helps you at home maintain proper form as well.<br /><br />It is not unusual to see members of the workout group on the DVD simply step out of certain exercises from fatigue.  Shaun motivates them (and you) to return back to the workout as soon as safely possible.<br /><br />What it ultimately boils down to is how much you put into the program.  If you're serious about getting in shape, losing weight, or building endurance, you can definitely achieve all of these with ""Insanity.""  I personally lost sixteen total pounds and dropped to the tow holes on my belt.  My pants fit looser as do my shirts.  I feel a lot better than I've ever felt in a long time.  Not to brag, but my arms and shoulders are cut now and my legs actually gained a lot of muscle.  My abs feel tight as well, but I still have a little fat to get rid of before I can see that six pack I'm working on.  Even with the fat that is remaining on my belly, I can already see a bit of definition in my abdominable area.<br /><br />After a very short break, I plan on starting the program all over again.  Stick with it, and you can become just as insane as the rest of us!  Highly recommended."
B002QZ1RS6,A2T0538Q2HUAJS,"Sarra Weaver ""Amazon Addict""",0/1,4.0,1278633600,2010-07-09 00:00:00,Could be better,"It's a really good DVD and fairly well put together. My biggest problem with it though is that the stretching is inadequate ESPECIALLY because of all the plyometrics that are done. Jumping around so much can hurt your spine and puts pressure on your joints, they should definitely focus more on stretching, relaxing and lengthening your back during the stretchs to prevent injury. There are a few other points I don't agree with (all within the stretching) so I normally do my own stretching during the allotted time since I know my body and I do other strength training congruently with Insanity. I normally get bored with set workouts, with Insanity it's more of a ""I so can't do this today"" rather than a ""I don't want to because it's boring"" so that's good, I just remind myself: ""I promise I will do my best. My best will vary from day to day, from hour to hour, from minute to minute but in that minute I will do the very best that I can."" (First rule of 10 Golden Rules of CrossFit). Insanity (or any other program) is worth it if you stay with it--always do your very best. 3...2...1...GO!"
B002QZ1RS6,A2B7JMKJJ93VQX,"knittingen ""Gen""",7/8,4.0,1278806400,2010-07-11 00:00:00,Insanely difficult,"As has been previously stated, this isn't like any other workout DVD.<br /><br />Shaun T is motivating enough to make me want to move faster when I barely can. But as hard as this workout is, it's hard for me to convince myself to do it at times. I've been in shape all my life and never been overweight. You should be in shape to begin this program. Getting correct form would be very difficult otherwise. These workouts are also very high impact. Keep it in mind if you live upstairs and the neighbors get annoyed by someone jumping around so hard the walls shake (sorry neighbors). I've done the Turbo Jam and Slim Series workouts from Beach Body as well as this one.<br /><br />Most of the workouts go something like this: A warm up for about 10 minutes; includes variations of running in place, jumping jacks, etc. This is followed by a period of yoga stretches for another 10 minutes or so. With the exception of Pure Cardio (which is nonstop cardio action), most of the exercises you do in sets of 3, 3 times. Then he gives you a 30 second break (I like to call it a 2 minute break). There is also a 'no crunches' ab dvd, which is also included on the ""pure Cardio"" dvd... a bit weird of them to act like they're giving you these 3 separate dvds, when due to the repetition of content you're really getting 1. Also there is a 25 minute ""fit test""...in which you do some of the Insanity exercises as fast as you can and track how many you could complete in the time alloted, so you can view your progress over time.<br />The starter workouts are usually about 45 minutes long... which means the actual workout time is only about 20 minutes (with the warm-up, stretching, and cool down comprising the other 25 minutes). In the advanced level, workouts are about 60 minutes long...which means you workout for about 40 minutes. That's a huge jump forward... the workouts virtually double in length even though there is only 15 minutes difference in overall time.<br />It's hard to get bored while doing these workouts. Boredom is something I feel when I'm uh....not about to die because I can't catch my breath and my muscles are screaming....yeah.<br />Included also is a calendar that has the recommended order for doing the workouts.<br />You don't use weights with these workouts, making them very practical for travel. You probably won't build bulky muscles, either...as high reps and no weights lead to a more toned physique and improves endurance. Don't be surprised if you can run a marathon after doing this for 60 days....or at least a 10k!<br />There is also a nutrition guide, which has some good ideas and tasty recipes. I don't have the money to eat the required 5 times a day though, or the time and tools to prepare meals like that consistently. I imagine if you followed it your results would mirror the ""before"" and ""after"" pics, since the diets for workouts like this are designed to work alongside the exercise.<br /><br />If you have a higher than normal heart rate for any reason, like from drinking too much coffee or taking stimulants... use caution and wear a heart rate monitor. If you feel chest pain, stop!!I'm 27 and got my heart rate up to 228 once because I wasn't watching my heart rate. My heart felt as though it would burst and I threw up all over the floor. I hope that wasn't an over-share... but overdoing it could really hurt if you're not careful.<br /><br />All in all, these DVDs are worth it if you decide beforehand that you will use them. With the bulky, book-like packaging this set doesn't make a very attractive bookend. I have no doubt it will benefit you and that your heart and body will both be in much better shape after you do these workouts daily for awhile."
B002QZ1RS6,AU1M3ZU6VOMAD,"Citrusstarburst ""meow""",0/0,5.0,1278892800,2010-07-12 00:00:00,Fun with a nutrition plan,"I really wanted something that was high cardio and this is it.  It's challenging, but not impossible and I can really see a difference in the inches that have melted off my body in just the first two weeks. I would recommend this to anyone that doesn't mind taking their time to get stronger and getting comfortable with the energy it takes to do the routine. The nutrition plan is great too in that you can choose your menu for the week and it's normal food, you know, nothing with super special ingredients that you have to spend a fortune on."
B002QZ1RS6,A3E4OABUGC2KP6,Drew Murray,2/2,5.0,1278979200,2010-07-13 00:00:00,Great Buy! Highly Suggest!,"If your determined and if you can push yourself to do this, then you will see results without a doubt. I'm past my first month and I'm loving it! I feel great after each work-out!"
B002QZ1RS6,A2VTK4ROMMSSL0,Totally Unsatisfied,9/45,1.0,1278979200,2010-07-13 00:00:00,"Defective Product, Unwilling to replace",Received the product in 10 days.  Product looks good but defective.  More than half of the DVDs do not work in the DVD player or computer.  Seller stated that he would replace but after more than 2 weeks had not replaced the defective product.  Will return half of emails about defective product.  Would not recommend.  Looking at a product I paid for that does not work.  Purchase at your own risk.
B002QZ1RS6,A8CHKR5H2HUX2,Jeremy T. Mahon,2/2,5.0,1279065600,2010-07-14 00:00:00,"Does what it says, so far.","This product is as advertised.  I am entering week 3 and would like to share some observations about the program.  First, it is not, by any means, an easy workout.  It is 40 min that will test your will to succeed.  In the first week my heart rate neared 190BPM, and burned a minimum of 800 calories, sometimes breaking 1100.  Just for reference, I am 6'2"" about 250 and in fairly good shape.  Just before starting the program I was doing a 40 min weight session, and 30 - 40 min of running five days a week.  Secondly, it can be a bit rough on the joints.  There is a significant amount of high impact, so if you have had joint issues, be sure to wear your brace.  Finally, it works.  It works very well.  In the first 2 weeks I have cut about 9 pounds, 3.5% body fat, and gained 2% muscle.  It is amazing to me how well it works.<br /><br />In short, if you really want to lean up, are very determined, and have 45min a day to spare, this is the best option I have found.I will follow up at the end of the program, and see if the results continue."
B002QZ1RS6,A792L15X9249S,jbro22,1/1,5.0,1279238400,2010-07-16 00:00:00,The Name Says it ALL!,"This workout will straight up kick ur butt!  I'm on week three, and my cardio fitness has exploded.  Shaun T is motivating and no where near as annoying as most fitness program hosts.  Just one warning, this is not a program for beginners.  You have to be in some form of fitness prior to starting.  I would suggest this program to anyone that works out regularly and wants that at home program that will get you shredded"
B002QZ1RS6,A2VRKOO0WP3K8D,InsanityGirl,4/4,5.0,1279324800,2010-07-17 00:00:00,Best Shape of my Life,"This is not your typical workout.  It really is the most difficult workout I have ever done.  I am in my last two weeks of insanity, and am literally in the best shape of my life!  The hardest part of the workout is sticking with it.  If you commit, you WILL be in the best shape of your life.  Please note that it is tough on your body, especially your knees, so I highly recommend wearing knee braces from the start, even if you don't have knee problems.  Since I started insanity I have lost inches and have toned all over.  It really is Insane!"
B002QZ1RS6,A1W41YQZ3BJ8V6,MeltingAway,1/1,4.0,1279497600,2010-07-19 00:00:00,Great workout.. maintain proper form.,"The exercises are intense. It's all that jumping around that really makes you feel the burn. It's not a special routine or anything, and your results depend on how hard you push yourself. You get what you work for.<br />If you are in really poor shape, this is NOT the workout for you. I have a history of knee issues, my joint slips out. But I still do intense exercises and just rest for a few days if it starts to flare up (my top orthopedic surgeon from Hopkins recommended it). I've been able to strengthen the joint that way. The first day I did this workout, I felt a pain in my knee. I stopped for a few minutes, then SLOWLY resumed. I realized that as long as I maintained PROPER FORM my knee was fine. It's easy to get wrapped up in trying to keep up with the group. But Shaun says several times in the video ""do not sacrifice proper form"" for speed. It helps to work out in front a mirror. I'm not saying anyone else with bad joints should try. Please don't! Save your joints for old age. If you do decide to try it, consult your physician. And remember.. keep proper form!!<br />I started the program less than 2 weeks ago, so I can't give any final results. I am combining this with a diet packed with fruits and vegetables. I have noticed that my clothes are starting to loosen up. I feel stronger, and have more energy. It will definitely whip you into shape."
B002QZ1RS6,A49QLO87053H1,mabatt,1/1,4.0,1279497600,2010-07-19 00:00:00,Beyond INSANE!!!,"This workout is beyond INSANE. The rest periods are short and the work periods are long. It really is great cardio, but I would not recommend going 100% effort on these work bouts. Being degreed in Exercise Science and Certified Performance Coach you have to understand a little science behind this training theory. Going 100% will help you gain more power output than fat loss. 75% effort should be your goal if you want more fat loss. If you are a cardio junky then go for it...balls to the wall! Overall, this video has great bodyweight circuits that you should just try to work on technique on your own. I don't recommend this video for anyone extremely over weight (needing to lose 50+ lbs) or with hip and knee issues. My favorite video is the upper body weight training. Awesome!"
B002QZ1RS6,A343UHYDS37QEG,ruby,14/58,1.0,1279584000,2010-07-20 00:00:00,Damaged products,"Two of the discs in this package do not work and it was advertised as ""new"" and the user said they had never used it. I wish people would not sell items that do not work."
B002QZ1RS6,A21F2R2EVKZQWX,"Sue bookworm ""Sue bookworm""",6/6,5.0,1279670400,2010-07-21 00:00:00,"Very hard, but well worth the effort","Okay, I admit it: my main reason for buying this was that I wanted to lose that extra fat around my mid section (and in some other areas, too).<br />And guess what? I did lose quite a lot of it! A great side effect is of course that your fitness level increases dramatically!<br />Make no mistake, in order for this to happen you really have to work out HARD. The workouts themselves are really advanced and I would not recommend them to someone who isn't at least moderately fit. Now, I thought that I was pretty fit when I started out but I still found it really hard to keep up, especially during the first two weeks. Some of the exercises I had to do more slowly; others, like the power push-ups in the Max workouts I still can do only three or so and then I have to do regular push-ups because I just don't have enough strength.<br />However, tomorrow is my last Max Insanity workout day and I think I will start over again and the next time around I might just conquer those power push-ups, too!<br />The nutrition guide is of course very helpful, however, I was already eating healthy foods to begin with and I already follow most of those guidelines anyway. They are totally right, however, when they say you must eat healthy and wholesome foods if you want to be able to get the full effects of these workouts. You can't do them by eating junk food.<br /><br />In my opinion Insanity is great for people who are willing to work out hard and who want to improve their general fitness level. I know I will keep doing Insanity in months (and hopefully years) to come, no longer six days a week, but 2-3 times per week and mixed up with my running and other workouts at the gym."
B002QZ1RS6,A2F7EFX1X968NO,Bk,1/1,5.0,1279843200,2010-07-23 00:00:00,Great Work out,"I bought this program and Shawn T is amazing, it is a real challenge, and harder than PX90 in my opinion.<br /><br />Word of caution...this is a true challenege, if you have knee problems, skip this, it isn't for you..."
B002QZ1RS6,A1PG1OQVJGX33E,"Kimberly Darwin ""Kimberly Darwin""",8/8,5.0,1279929600,2010-07-24 00:00:00,It will kick your butt,"I have been using these DVDs for 2 weeks now, and although the calendar claims you should work out 6 days out of 7, I find that hard.  The first week my calves hurt so hard that I could barely walk.  People were stopping me at work, and giving me their condolences because they recognized the ""insanity"" walk!  (note that the people who noticed this were all in killer shape).<br /><br />The videos are the most intense I've ever used, and I've stopped going to the gym at all since buying this program.  It is much easier to drag myself out of bed at 4am and turn on the TV than it is to get dressed and drive to the gym, so I am more inclined to work out when there's less effort involved in getting there.  This is fortunate, since you will need every stitch of extra effort just to complete the exercises.  However, at least the first half of the program is short, and once the warmup is done (yes, you will be dripping sweat just from that), and the stretch is done, there's really only 15-20 minutes of really intense exercise to endure.<br /><br />Like others have said, you should be in decent shape when you start this program.  There is a lot of jumping, a lot of push-ups, and you bend a whole lot to touch the ground at breakneck speed.  Shaun T is extremely influential, and the wide array of tight abs and buns on display by the workout crew is inspiring enough to keep me going.  The fact that Shaun T's workout crew also has to stop for breaks, just like I do, makes me feel less like a lazy, slovenly alien than I did with other, over-produced videos.<br /><br />Make sure you wear a heart-rate monitor every time, and pay attention to it.  Your body will tell you when you should just be jogging in place for a minute, and when to get back in the race with the crew.<br /><br />Because I am building so much muscle, I have not lost a single pound yet, but I have lost about 3 inches off my hips and an inch off of my waist.  As a horse owner, my horseback riding--which depends on core and thigh strength--has improved tenfold, so I know that it's working.  I actually look forward to working out now, because the results are worth the quick spurt of energy I expend every morning."
B002QZ1RS6,A3UH06EPZM8B6Z,Jadigidy,0/0,5.0,1280102400,2010-07-26 00:00:00,Buttkicker...,"My wife and I are only through the 1st month, and the program is wearing us out!  I guess I'll deduct a couple of stars if they kill me in month 2."
B002QZ1RS6,A1R3MRKS1QR604,"Bryce Flor ""bryce""",0/0,5.0,1280188800,2010-07-27 00:00:00,Great product. Fun and challenging. Perfect for the passionate and motivated.,"This is such a great workout. It's fun, challenging, and gives your body great results. I greatly recommend to anyone."
B002QZ1RS6,AZOA4JIASBUO4,dew100971,1/2,5.0,1280275200,2010-07-28 00:00:00,Insanity,"Insanity is an intense in-home workout series developed by Shaun T.  I've been on it for a month and can see/feel a big difference.  The main reason I got it was because I travel a lot with my job and it's hard to keep a solid work out routine with different gym hours and equipment in different places.  Carrying the DVDs and a DVD player with me allows me to keep up consistent work outs anywhere I go.  You do not need much space or any specialized equipment (e.g. pull up bars, weights, etc.).  It is hard at first ... even the warm ups kicked my butt, but if you stay with it you will continue to improve.  It is hard on the joints (knees and shoulders) especially if you don't keep your form correct on several of the moves, so don't try this if you have problems with either.  Ultimately, it is an intense, effective work out that goes where you go ... definitely worth the investment!"
B002QZ1RS6,A1WA16L14WCOBP,T. Naah,5/7,5.0,1280448000,2010-07-30 00:00:00,this is hardcore and worth every minute!,"not that i own every cardio dvd out there, but i do have a good collection.  by far, this is the most challenging workout dvd i own.  if you're serious about getting into shape, this is it. there is no 'filler-moves/minutes' in this dvd collection. every minute of the workout will kick your butt into shape.  NOW, DON'T BE INTIMIDATED BY ALL THE REVIEWS OF THIS BEING THE HARDEST WORKOUT EVER ON DVD.  yes, it is hard, but as long as you're in some sort of decent shape, you'll get through it and eventually become stronger each week (even the people in the dvds are taking breaks through out the workout).  if you can get through billy blank's ultimate-boot-camp, you can do 'insanity,' although this is much harder.  the first 10 minutes of the workout is the hardest, but once you get through that, you'll be able to finish the workout.  as for the instructor, shaun-t, he is great.  he is experienced and actually does a great job motivating you without being annoying.  as for the background music, (you have option to turn-off the music) it is actually motivating, not some annoying-wanna-be-club/dance music.  as for results, i started seeing myself literally shrink by the end of week 2.  not only did the pounds come off, but i saw how toned my body was getting each week.  my arms and abs now have definition (went through 3 pregnancies with 60 lb weigh gain each time).  i finished the 2 month program, and i still use the dvds (2-3 times a week) mixed in with my rotation of 'physique 57,' 'billy-blank's ultimate bootcamp,' and 'piloxing.'  so, get this if you're serious about getting into shape.....HAPPY 'INSANITY!!!'"
B002QZ1RS6,ACFUUOYP8AE7B,Elizabeth A. Stelz,2/3,4.0,1280707200,2010-08-02 00:00:00,Pushing me to the limits,"This workout is pushing me to the limits.  I am now 2 weeks into it and am starting to see core muscles that I didn't know I had.  That being said, I'm a 48 year old woman and, if I didn't already workout regularly, I wouldn't be able to do ""Insanity.""  Right now, I'm only getting through about 60-70% of the entire main workout without taking extra water breaks.  The workout takes your heart rate to the 85% limit for long stretches of time.  Don't try this workout without being in reasonable decent physical condition first.  This is not a ""I wanna lose weight and haven't worked out in a while..."" type workout.  I'm using it to get over a plateau that a reached while running and lifting weights.  Hopefully, I'll be able to finish the whole 60 days.  The only reason I'm rating it a 4 instead of a 5 is that I can't rate the whole workout yet."
B002QZ1RS6,A2M15T6O8WI0KY,S. Maki,0/0,5.0,1280793600,2010-08-03 00:00:00,Insanity is an understatement!!,"This is an awesome workout!  I would say it's a little more than insane to begin with, but once you get rolling, it's really a rush to see how you can transform yourself and really pretty much just whip yourself into shape in a short period of time."
B002QZ1RS6,A3GIF7VDDCQIVS,Christy,0/0,5.0,1280880000,2010-08-04 00:00:00,Kicked my Butt!,"This product is amazing. I am literally drenched in sweat within the first 5 minutes, and you can definitely feel the results the next day. I've tried out a lot of different workout videos ranging from Jillian Micheals to Crunch yoga, and I can definitely say that this one is my favorite. It's not easy, but it's definitely worth it."
B002QZ1RS6,ANUQGRG70ZM0N,Richard R Freeman,15/62,1.0,1280880000,2010-08-04 00:00:00,Good program poor quality dvd,Workout is great when the dvd will play.  Tried several of the  dvd's in three different players and they will not play smoothly in any of them.  Emailed the seller about exchange for new dvd's and get no return email back
B002QZ1RS6,A2OGYQXGN9K5LO,Maite Jerez,13/13,5.0,1281225600,2010-08-08 00:00:00,The savior for this post-partum body,"As a former gym employee and overall well-educated person in terms of fitness and nutrition, I always thought that once I gave birth, I would bounce right back.  WRONG!!!  I tried everything I used to do, which used to work, but the truth of the matter is that this body needed a SHOCK, and boy did Shaun T. deliver that.<br /><br />As I mentioned, I was a ""normal"" weight person when I got pregnant, not at the best I could be, but not at the worst, but when I stopped losing weight after those first two post-partum months, I started to get really frustrated, depressed, and discouraged.  I was in a rut.  I hated the gym, and I started seeing watching my food intake as a waste of time.  But I heard from a few co-workers about Insanity and gave it a shot.<br /><br />If I could personally hug and thank Shaun T, I would.  It's difficult, and I will say that you should already be used to some kind of exercise before starting; otherwise, it might prove too difficult and discourage you further, but if you have been hitting the gym and pounding the treadmill and all that and see nothing changing, this is the program for you.  It will shock your body and your metabolism and your muscles, show you that you are capable of more than you thought, and overall, keep you from abusing your body with junk.  After all, when you work THAT hard, you don't want to undo what you've done.  This is a great program for the body, but also for the mind.  Cravings, gone.  Hopelessness over body, gone.  Bad mood, gone.  I am still not where I want to be, but the results have been dramatic nevertheless.<br /><br />Again, I wouldn't recommend this for beginners to exercise and fitness or for anyone who is very overweight or has joint problems.  But, this is a lifesaver for those of you stuck in quicksand fighting to get results and seeing none and wasting your precious time pounding your head against the wall because you see no changes.<br /><br />P.S.  The nutrition plan is easy to follow, not expensive, and very satisfying.  I have a big appetite, and I was never hungry or grossed out; nor was it one of those plans that costs you hundreds every week in ingredients that are eccentric or hard to find and that you will use once and throw away when it spoils.<br /><br />I love Insanity. :-)"
B002QZ1RS6,A1324TDRQKACUU,Interaktiv,21/21,5.0,1281312000,2010-08-09 00:00:00,Being insane means to be able to change life,"First at all I like to say that I bought this DVD collection as an Import because I live in Germany and this product is not meant for the german market so far. I`ve read that some people have problems with playing the discs. So far I can say that I do not have these problems.<br />I`ve done Billy Blanks before and thought I can easily switch to Insanity - deffinetly not.<br />Insanity is a 60 day workout that is linked to maximum fitness results. I`m in week four now and have to say that this is really intense. Four weeks ago when I started this workout I knew that it would be intense, but I never thought that it would be such an incredible sweaty affair.<br />In month 1 you do workouts with a running time of 40 minutes. Actually these workouts are about 25 minutes, because you do stretching and have water breaks of 30 seconds. It is hard to believe that you can get in shape in 25 minutes, right? I can tell you that I burned 557kcal in 25 minutes. Shaun T says you can burn up to 1000kcal. I think this is deffinetly possible, especially when we think of the workouts in month two which have a running time of an hour. I`ve done the Pure cardio workout + Cardio abs today (week 4 day 1) and I burned 673kcal.<br />Talking about a diet: You can not take a diet! Please, don`t do this to your body. Your body needs a normal healthy nutrition to refuel energy. If you want to do a diet then you shouldn`t do Insanity. The right formula is to change nutrition. Eat right - feel right. The nutrition plan is a great opportunity to get some ideas of how to do that. In my opinion you do not need protein shakes! Instead of protein shakes I eat tuna and cottage cheese. Eat some eggs (not too many) and combine it with a fresh salad. Salads are always welcome.<br />Especially tuna has a huge amount of proteins! Furthermore I recommend oatmeal in the morning in combination with peach and milk. Eat some veggies and fruits among your meals. According to the Insanity nurtrition plan you should eat five meals a day. Sounds very complicated but it`s deffintely manageable.<br />So far (week 4 day 1) I lost about 10,4 lbs. I`m very happy about it but have to say that this workout is deffintely not for everybody. If you have knee issues you shouldn`t do this workout because you do a lot of jumps and a lot of other knee work. You will feel the change immediately but you will see the results at about week two. Your body needs to prepare for the great change so don`t be disappointed if you don`t see the ""great changes"" in three days. Your muscles will change too! You don`t need extra weights for this workout because you do a lot of push ups and you work your arms all the time.<br />You will feel very tired - that is absolutely normal! Please make sure to sleep enough because your body needs this rest to recover and to build muscles, furthermore you burn fat while you sleep.<br />Last thing: Please stay motivated! As I said before this workout is really intense, especially the first week is a hard drill. This is normal because your body gets confronted with unknown moves. You will always sweat like ;-)<br />As long as you focus on your mind and your will it`s gonna be okay. One important thing at all: Go at your own speed at your own pace. You are always allowed to take a break - do it.<br />Insanity is awesome!"
B002QZ1RS6,A28CVTCEESQEZX,sean08,0/0,4.0,1281312000,2010-08-09 00:00:00,trustworthy,The product was shipped quick and good condition.  I have had just one of the dvds that skipped during one of the videos.  I did not get with the seller as i was not worried about it so not his fault.  otherwise very pleased with the product and service.
B002QZ1RS6,A2T5IAVZOH50AZ,Rodeo mom,2/11,2.0,1281312000,2010-08-09 00:00:00,Poor Quality,"Recieved product in a timely manner, but some of the videos are messed up. some skip around like they were burned and some are scratchy. very disappointed!!!! Trying to save money didn't payoff for me...."
B002QZ1RS6,A2TOG85C4BPJBQ,Amazon Junkie,4/4,4.0,1281571200,2010-08-12 00:00:00,Great Workout...A couple of minor irritations-,"My fiance and I are 3 weeks in and have already seen substantial gains in our fit test scores.  I have lost about an inch off of my waist, but my fiance's progress has been a bit slower as of this review after doing the same workout each night and eating essentially the same diet.  I think that she will catch up by the end of the program though.<br /><br />The workouts themselves are intense and will challenge you to your breaking point and then some...but you get strong-and I mean crazy strong, really quickly...especially your core.  That being said, I find elements of the workouts to be just a bit repetitive at times, especially the stretching and warmup routines that are VERY similar on each dvd for the first 4 weeks of the program.  I would have enjoyed some variety in these from workout to workout to stretch my muscles in some different ways.<br /><br />The other thing that bugs me a little bit is that while Shaun T is challenging me to ""dig deeper"" and ""push"" during the DVDs, he often stops performing the exercises when things get particularly intense to go ""critique"" one of the other performer's form.  I realize that speaking while doing a workout is intense, but when I am struggling and feel my thighs on fire, it irritates me when he stops working out and starts walking around the room...It typically results in my yelling some unfriendly words to my onscreen fitness trainer during my workout.  This could just be me though :)<br /><br />Overall, this program has been great for us and I look forward to moving to P90x when we're done with this to build on the base we're making here."
B002QZ1RS6,A2C4FFJH841EI9,"Sean Lott ""Lau""",36/38,5.0,1281657600,2010-08-13 00:00:00,Absolutely LOVE IT!,"I actually purchased Insanity about 3 months ago but I am just now getting to leaving a review. A little about me. 36 years old, 6'2"" 215lbs. Lifetime athlete and I remained very fit until I had knee surgery in 2003. Followed with getting married and following that up with kids. Needless to say I began to put on weight after knee surgery in '03 because I was no longer playing ball and not being as active. In January of 2009 I topped out at 240lbs and just became totally sick of myself. I started eating better and started back running and lifting weights and got myself back into shape (down to 210lbs). By January of 2010 I became bored with the lifting and running routine and needed something new. I had eased back up to 222lbs but was still pretty fit. I saw the Insanity infomercials and was very intrigued. It reminded me of the hardcore plyometric exercises from high school athletics that made me want to vomit but also got me into shape real quick. I brought Insanity and here is what I think:<br /><br />  1) You have to be in shape to start this program! Period. A couch potato could not properly complete this program. It is very physically demanding and will push you to the limit. After the first two days I could not even bend over to tie my shoes. My legs felt as if Eddie and Charlie Murphy had beat them up because I ground my muddy shoes into Eddie's couch. You will be completely sore! The month one interval workout literally made my heart hurt the first time I did it. My heart was sore after that workout like a muscle would be. I dont have a monitor but it must have been near max on the BPM for most of the workout. I was totally wiped out early on by the workouts and I came in in pretty good shape. Your body does eventually adjust to the intensity but the workouts NEVER get easy. You suck wind and fall over on day one and you suck wind and fall over on day 60.<br /><br />  2) You have to know your body! One of my knees has been cut and the other probably could use some cleanup. Years of basketball have taken a toll on them. But guess what? I finished the program and have begun round two of Insanity. During the Recovery week I injured my lower back doing a supplemental weight lifting workout. It hindered my Insanity workouts for about 3 weeks. In fact I had to finally take a week off to heal up. But once I came back, it was all good! If you know your body, and I guess have no MAJOR impediments, you CAN do this workout. I know to start out kind of slow after the warm up is over and let my body have about 3 minutes to get acclimated to the intense movements. I know that if my knees are having a bad day dont dip all the way down on the squats or try for maximum air on the jumps. Its that easy. Work around any limitations your body may have.<br /><br />  3) You will get addicted if you take it seriously. Results come so fast with Insanity that you get addicted to it. By ""results"" I dont necessarily mean that dramatic weight loss is guaranteed. I really only ""lost"" 7lbs during the program. I mean your body changes QUICK!!!! Your stamina and strength gains are very noticeable just 2 weeks in. By a month in I felt 10 years younger and indestructable. And although I only lost 7lbs I look very different. People constantly tell me how much younger and skinnier I look. The weight you lose in Insanity is that ""good"" weight. Pure fat. My body has gotten so much more tapered because I know fat has been lost and muscle has been gained. So even though the workouts can be miserable, and often leave me balled over on the floor with sweat pouring off me and snot hanging off my nose, I cant get enough of them. Each time I do one I feel a little better. A little stronger.<br /><br />And let me say I am not even very strict with my diet. I pretty much eat reasonably but I in no way follow the diet plan. The fact that I can be so pleased with the results of a workout plan but have not really changed my lifestyle is phenomenal. I eat how I ate before. I actually spend less time working out than I did before. A trip to the gym use to be about 2hours and occured 4-5 days a week for me. Insanity is an hour and is 5-6 days a week for me. The Insanity workout is so efficient that you dont need to be in the gym two hours. In fact, the 59 minute Interval and 55 minute Plyo workouts in month two are pretty much the limit of ""normal"" non-Olympic athlete capabilities for a human in my opinion. Anything longer and a heart attack would be almost certain.<br /><br />Some people have complained about the length of the warm-up and stretching sessions in the workouts but I think they are totally necessary. For me, there is no way my knees and back could take that pounding without proper priming. I think Insanity is a lifetime type fitness program and not something faddish. If you are or were an athlete you have to appreciate the purity and simplicity of the movements in this program. You can tailor the workout routine to fit around weight lifting, running or athletic events. I have incorporated upper body weight lifting a couple of days a week recently because I will admit the program mostly focuses on legs, chest and shoulders. Pull ups, curls, dips and other upper body weight workouts are good supplements. One other note: The Cardio Abs routine is great! However, a friend let me borrow the Ab Ripper X DVD from P90X and I find that ab routine a little more challenging. There is a greater diversity of movements in the Ab Ripper routine and no down time. You get about 3 breaks in the Insanity ab routine. Both the Insanity and P90X ab DVD's are a little over 16 minutes and very effective. I would give the Insanity version 4.5 stars to P90X's 5 stars. But I absolutely LOVE this Insanity program and will continue it in some form or fashion as long as my body allows!"
B002QZ1RS6,A2UGAT7EDAL9IB,minty,1/1,5.0,1281657600,2010-08-13 00:00:00,worth every penny,i think the insanity workout is amazing. i have not been able to work out w/ this intensity since varsity sports in high school. it is an amazing workout that i can do and do again over the years to come. the best features about this workout are that it takes less than an hour and that you only need your body and a small space to do it.
B002QZ1RS6,ARX49VBDUH7AU,M. Cammarata,2/2,5.0,1281744000,2010-08-14 00:00:00,Wow...Insane!!!,"I'm only on the 3rd week, but this work out is incredible and extemely intense.  I do a lot of cathe workouts and I'm in good shape, but this takes you to the limit.  I'm almost in tears by the end of some of the workouts, and I'm gasping for breath!  Definitely not for the new exerciser, but it's a great challenge for people that are in great shape!"
B002QZ1RS6,A32BNLDKINUYNP,"Harut Arzumanyan ""thebe9st""",0/0,5.0,1281830400,2010-08-15 00:00:00,Really does work.,"This is a great concept and a great work out. As long as you work hard and truly do your best, no matter what your fitness level is, you will see improvement!"
B002QZ1RS6,A2F86QF9NKYZOH,grrldgr,1/1,4.0,1282003200,2010-08-17 00:00:00,I recommend it.,"It takes like 45 mins a CD and it makes you sweat. I did not complete this program, but I will someday. :( I liked that it included a nutrition book, and the case keeps everything neat. It came with a program poster so you can map your progress. Easy to understand, and if you don't eat correctly, it will be hard. I am a nutrtion nerd, so I could keep up, but it is exhausting and challenging."
B002QZ1RS6,A24U9DS46CRRGN,twryan,25/80,1.0,1282003200,2010-08-17 00:00:00,Horrible...,I received the DVDs and none of them worked.  I tried them on 3 different computers and 3 different DVD players.  I attempted to contact the seller and never heard back.  DO NOT PURCHASE ANYTHING FROM GINA FOR LESS!  You will be throwing your money away like I did.
B002QZ1RS6,A1RCYN6UURMX9,Fia'smom44,1/1,5.0,1282176000,2010-08-19 00:00:00,GREAT WORKOUT!,"This workout is awesome, but only for people who are already pretty in shape.  I would say this is for those people who don't have problems with their backs, knees or really anthing else and that just have a few stubborn pounds to lose and want to tone up.  It is really hard, I'm on my 4th week and it's still hard but it's getting a little easier and I love it. Haven't lost any weight on the scale yet, but clothes are definately fitting better."
B002QZ1RS6,A24V5AJC17INJ3,Doreen Vasquez,33/54,2.0,1282176000,2010-08-19 00:00:00,Not Impressed,"I purchased this for my hubby for fathers day as he really wanted to try it.  Afterall w/ it's bragging about getting a ""beach body"" in 60 days how could you not want it?!  I did it w/ him so that he would stay motivated. Well, we did it for 60 days and a beach body was not what we got.<br /><br />First let me say I just recently lost 20 pounds prior to this purchase.  So when I bought it I was at moderate weight, 5'2"" 119 lbs.  I was truly hoping to to drop a little bit more weight and tone my body.<br /><br />My husband and I stuck to the routines and eating plan.  We were literally dripping w/ sweat and out of breath after each exercise.  Within the 60 day time period, my poor hubby actually gained a pound and then lost it, putting him at the exact same weight he was when he started it... At the beginning I kept telling him it was because muscle was heavier than fat..but he did not gain any definition either so that soon became something that we could no longer believe.<br /><br />I did lose 5 pounds but I was able to lose 20 w/out the help of ""Insanity"" so I don't see that as an accomplishment.  I also did not gain any definition in my body.<br /><br />I wish I had returned the DVDs w/in the first 30 days; the product has a 30 day money back guarantee. However, I thought, well it probably takes the full 60 days to see results so we stuck it out.<br /><br />My recommendation is do not buy this.  If you do and you don't see any changes w/in the 30 day guarantee period then send it back for a refund.<br /><br />On the positive side, the workuts can be fun when you get used to them and Shaun T is very motivating and nice too look at. ;-)"
B002QZ1RS6,AQ6XRFAKNDF65,"Lisa Bushlack ""Kate's Mom""",2/3,5.0,1282435200,2010-08-22 00:00:00,Great for a busy mom!  I love it.,"Let's start with this - before having kids I was a gym rat with nothing but time to workout and socialize around the gym.  Flash forward 5 years.  My youngest is 3.5, I'm 10 pounds heavier then I'd like to be, and just have a hard time working getting to the gym into my schedule, and 40 is just around the corner.  Now I do Insanity after the kids go to bed, so late - like 10pm - but I do it!  It's hard but the first few dvd's are only 40 minutes give or take and they go really fast.  Before I know it there's only 12 minutes left!  I'm really, really pleased with the DVD's.  I've never stuck to DVD's before but I see no reason I'd bore of these.  Shaun T isn't annoying to listen to and the workouts vary.  So far I'm very pleased!"
B002QZ1RS6,A3EMUPXDBVUKM,Bassel Kelada,6/6,5.0,1282521600,2010-08-23 00:00:00,Insanity does not do this justice!!!!,"I'm a 36 year old male who was very athletic a few years ago.  I was playing tennis on a national and regional level and before that soccer on a national level.  Got a knee injury that put out of sports for about a year and ever since I've been piling on lots of weight.  6 months ago, I decided enough was enough and was able to shed 70 pounds and 6 inches off my waistline by being careful with what I eat and jogging quite a bit.  I jog about 4 or 5 miles every day and have been doing light weights for toning purposes.<br /><br />I got a little bored of jogging and going to the gym and needed some change.  I was getting a little complacent about working out when I thought I succeeded and I thought I was in good shape; that is until Insansity with Shaun T came long.  Insane is understatement.  I am going through my first week and have never been able to finish all the reps.  It is extremely tiring and does push you beyond your limits.  But the results are fast.  While I see no visible changes to my body yet, I feel much more energetic and stronger in the core after 4 or 5 days.  With the way I'm feeling, I'm sure the visual results will start appearing very soon although that is not entirely the purpose.<br /><br />I was a little worried when buying this because of the reviews that warned against knee problems.  I feel absolutely no pain, stiffness, or difficulty with my knee when exercising.  But thats just me.  It has obviously been an issue with others; the company warns people with knee problems before they start the routines.  As other reviewers have said, you gotta do your best and work at your own pace.  I don't even try to keep up with the folks on the video; I'll burn out and injure myself.  This is not for the light hearted, the lazy, or for those who think they will achieve results by working out at a reasonable rate.  You've got to really want to get in shape and work your butt off if you want this to work.  And most importantly, you've got to have the mental strength to put up with the pain, push yourself, and complete each day.  It never gets any easier.  And its that challenge that keeps me going.<br /><br />Highly recommended ... enjoy.<br /><br />BK"
B002QZ1RS6,A2LNTMBPUFHCPQ,BryanD,0/7,4.0,1282521600,2010-08-23 00:00:00,Insanity OK for Older Guys?,"I'm 49 years old. 5'10"" 180lbs. (no health issues)  I haven't worked out in a few years. Is Insanity too extreme for me to start up with?"
B002QZ1RS6,A367NA3E91WALB,krovira2801,2/2,5.0,1282608000,2010-08-24 00:00:00,The best workout ever!!!,"I bought this as a recommendation of a friend and although they tell you in it, ""It is the toughest workout you have ever done"" you don't understand how hard it is until you do it!!! plus it has the diet plan which is wonderful and not hard to follow at all!!!<br />I feel great and I totally recommend this DVD program."
B002QZ1RS6,ASSXE3630N1GF,Kevin T. Goddard,9/9,5.0,1282780800,2010-08-26 00:00:00,Insanity is an Insane workout,"This workout is truly insane. The warning at the beginning says to check with your doctor, ""We mean it!"" Then it warns you not to do this workout if you aren't already in shape! What?!? I went ahead and started the routine. I've taken a few days off here and there for business travel, vacation, aching knees (I'm 35, ok?), and late business nights where I've slept in the next morning, but all in all, I've kept at it completing the first 4 weeks of routine in 6 calendar weeks. I haven't lost any weight due to muscle being built, but I  have lost a couple of inches off my waist. Probably, I would lose a lot of weight if I followed the meal guide, but I continue to eat pretty much how I ate before and I've added in some extra protein shakes to my diet as well. So here is my final take on ""Insanity"": Buy this if you are serious about getting in shape; you are willing to work out for 40 minutes a day/6 days a week; and you don't mind joint and muscle aches and pains. I am going to repeat month 1 for now because I don't think my body can handle taking it to the next level with ""MAX"" workouts in month 2. Oh yeah, my 7 year old twin girls and my 9 year old daughter love these workouts. I'm drenched when I'm through and they complain about their feet being sweaty from their tennis shoes and then they run off to play soccer. Not fair."
B002QZ1RS6,A39S4G6FAMZSP1,insanity,10/49,1.0,1282953600,2010-08-28 00:00:00,Insanity,About Insanity Group<br />Insanity Group is committed to providing each customer with the highest standard of customer service.<br /><br />Insanity Group does not respond to customers. These DVD set despite the description they gave do not work. Unless they resolve the issue I would not buy from Insanity Group.<br /><br />Supposedly the program is great.
B002QZ1RS6,A1QJCZ5014V0AD,=paschal,0/1,5.0,1283040000,2010-08-29 00:00:00,This made my eyes sting with sweat!,This is the best workout EVER! (I have worked out to Tae Bo) If you want to find a system to make you push yourself harder than ever buy this program.If you want to hang on to excuses buy something else!
B002QZ1RS6,A2V8OR0RWPYXY5,"Thomas Laporte ""Dr. Tom LaPorte,  author of 1...",8/8,5.0,1283040000,2010-08-29 00:00:00,This Ain't No Dance Video,"Open the asylum. Shaun T's Insanity from Beachbody provides one of the most grueling cardio programs available. Shaun T. enjoys great popularity with his body shaping dance videos. Insanity is something altogether different. Hear me, this is not a weight loss program and it is NOT designed for the sedentary. Insanity's 60 day program builds endurance and strength for the serious athlete or the exercise enthusiast.<br /><br />The good news is once you buy the DVDs you do not need to purchase anything more to successfully complete the routines. A nutrition guide comes with program. I highly recommend you follow it to achieve maximum results. Other suggestions include: wear a good pair of cross trainer shoes, use an exercise mat and work out in a place where you can sweat profusely, as you will perspire like rain during the daily exercises.<br /><br />I've been reading reviews of the Insanity program from various sources. It's clear to me that like many things in life, you get what you put into it. I took a lot away from the 60 day challenge. I found this to be as mentally and physically challenging as anything I've ever encountered. Physically, I am now at a personal peak. Furthermore, I improved on my Fit Test at each two week interval and made significant gains from beginning to end.<br /><br />It wasn't a joy ride, though. I sustained minor injuries to my toe, hand, and wrist, as well as irritating my right knee. So many times I wanted to stop, not just the program overall, but actually stop mid-exercise. I wanted to throw up my hands and scream, ""Why am I torturing myself?"" Honestly, I can't tell you how I found the will in those moments to ""dig deeper,"" but somehow I did. However, I can unequivocally tell you I am thrilled I did. Now, not only do I feel good, but I know there is something inside of me that can go further and push harder."
B002QZ1RS6,A3FIY789DECXY7,Tethys,2/2,4.0,1283126400,2010-08-30 00:00:00,It's insane alright.,"No, I was not in awesome or even great shape when I started this, like most people who seem into this workout. And I should mention I am only on Week 3, but the results are AMAZING, already.<br />What I love about INSANITY is that I really feel like I have accomplished something at the end of each workout. I see the results in my body (I take a photo of myself at the beginning of each week as a reminder).<br />The important things to know are: 1) it's okay to modify the exercise (assuming you are familiar with the techniques) if you don't quite have the physical strength yet, 2) knowing some good breathing techniques will help you immensely, because this will really push you to the limit, 3) Go at your own pace, because whatever it is, it will still give you results, 4)you absolutely must be good to your body...no hard landings.<br />I see the most dramatic change so far in my core. Everything is stronger, tighter. I think you need to be able to do a boot camp style workout in order to be able to do this successfully. I took one at my local gym before starting this and I am really glad I did because this is way more intense.<br />In addition to the physical changes, I have to say there is an emotional boost to doing this. I feel awesome about how much I have improved already, and just how I am doing something that makes me really sweat.<br />My only, paltry gripe is that I wish the meal plan had some on the go style options, because I am a grad student and I have to eat on the go a lot."
B002QZ1RS6,A2AY00NOPHG3OL,Twinkle Toes,0/0,5.0,1283126400,2010-08-30 00:00:00,Awesome Purchase...,"What an amazing set of DVD workouts.  They are short and to the point.  5 lbs lost in 2 weeks, not too bad.  VERY happy with my purchase!"
B002QZ1RS6,AV3V1IMHRE97B,sun2008,7/7,5.0,1283299200,2010-09-01 00:00:00,"it does work, if followed conscientously..","i've been a runner for over 10 years, and wanted to add a little core and upper body strength for a change during this past winter, as i was mostly confined indoors. i have to be honest that i was already in pretty good shape, i'm not an ultra marathoner but would do a 15 mile run about once a week or every other week.  this program was horribly tough.  as a woman, my body actually skipped a cycle while i was doing it.  now that i've finished and eased up on it (use it mainly for maintenance purposes), my body has resumed its normal pre Shaun T cycles.<br /><br />the most difference i've seen is definitely in my upper arms/shoulders area.  coincidentally i was away from my husband for a few months while following this program for work reasons.  when he saw me he was actually taken aback and told me that my shoulders and upper arms are really pronounced.  i guess i couldn't tell the difference; i saw myself every day.  but he has since been inspired to be a Shaun T fan."
B002QZ1RS6,A2U851LVWKJY1Z,"Xiomara Perez ""butterfly""",1/1,5.0,1283299200,2010-09-01 00:00:00,Best Workout Ever!!!,"""Insane"" is an understatement when it comes to describe this workout.  Get ready to sweat and work every part of your body!!! First week is the hardest because you will be really sore.  I do recommend the recovery drink after the workout.  It does help with the sore muscles and you will feel better the next day after the workout.  Shaun T will keep you motivated.  Insanity is never boring! This workout will push you to the limit, but it will absolutely get you in good shape.  ""Dig deeper"" people!!!!!"
B002QZ1RS6,A13NLXB2VRA0F3,Jennifer,18/72,1.0,1283472000,2010-09-03 00:00:00,Insantiy,I bought the set and only 2 disc out of the 11 would even play.  So I was unable to do the work out at all.
B002QZ1RS6,A1R5G9E4057PDS,spellbinder,4/4,5.0,1283558400,2010-09-04 00:00:00,truly as advertised - but you can do it!,"This is not a joke program. These are high school athlete/military style workouts. Very basic. Jumping jacks, running, pushups, squats, with some basketball and football moves thrown in. I love jumping so that is actually fun for me. I have even learned not to mind pushups so much which I detested before. You will break a sweat in the first five minutes. You feel good but tired afterwards. It feels like you ran 10 miles - but the beauty is, you did it in 35-40 minutes! However, I want to reassure people - this is do-able. Even if you are in slightly-below-average shape, you can do it, but you just have to be gentle with yourself, take breaks to breathe and drink, watch your heart rate, and take rest days when it becomes too much. I do as much as I can and I don't stress about it. I haven't lost any weight which was kind of disappointing but the toning of my core and the muscle definition in my legs was pretty dramatic. However I also did not push the program in the way you are supposed to; I just could not manage it with my work schedule and responsibilities at home. I am happy with it and it is my fitness tape of choice. I think it is less entertaining than Chalene Johnson's stuff so I am probably going to start intermingling Insanity with the advanced Turbo Jam tapes to keep myself motivated to work out consistently. I haven't bought Chalean Extreme yet but I can imagine that it might be a good mix also."
B002QZ1RS6,A179ZJV5GJGGAD,momma of 4,0/0,5.0,1283731200,2010-09-06 00:00:00,Best purchase I've made in a long time!,"I'm overweight and was sick and tired of being so FAT. I was watching t.v. late at night and saw the spot on Insanity. I thought, ""why not, this just might be what I am looking for"". I purchased it on the spot having not watched the whole program. I am so glad that I did just that! Insanity has kicked my butt every single day....however it has been the best thing I could have done for myself. It's dang hard and might even make you cry, but if you can push through it it will make you happier then ever. I'm two and a half weeks into the program and have lost weight but more importantly it's changing my shape. My dreams are becoming a reality. Thanks to Shaun T and insanity. I couldn't be happier than I am now with purchasing insanity. It's the best kick your butt workout ever!!!"
B002QZ1RS6,A2O9IZ9G4Q7T1G,T.J.,5/5,5.0,1283990400,2010-09-09 00:00:00,Best Fitness Regimen Since Two A Days!,"This will kick your a$$.  That's a warning given not just by me, but by the makers of the product.<br /><br />I did the cycle, lost 12 lbs, and felt amazing.  After a short hiatus, I will be doing it again.  The exercises are well thought out, and the interval training is intense.  YOU WILL GET RESULTS with this, but you have to be smart, diligent, and try to eat well the entire time.<br /><br />I would recommend this to anyone trying to get in shape or take their cardio training to an entirely new level."
B002QZ1RS6,ALXQQBF512QXW,Adri_Merc,8/40,1.0,1283990400,2010-09-09 00:00:00,Total disappointment,"i bought from this seller thinking i would get my money's worth because of all the good reviews i read. Well I was wrong. first of all, none of the DVDs played in my computer which was a total let down because I've never had this problem before with my computer. second of all, one of the DVDs doesn't even have the right content. It has the right name of the work out written on the outside of the DVD but when you play it it has a different workout, so i have the same work out twice. i contacted the seller a couple of times and he told me that he would send me the DVD with the right content in it. it's been three moths since then and i still haven't received my DVD. I would like to know where the loyalty to their buyers is? i payed so much money for basically a bunch of trash. i do not recommend this seller, and i would definitely not buy from them again. Beware what you order from this seller."
B002QZ1RS6,A3H3J6J99031TV,Stacey,1/1,5.0,1284336000,2010-09-13 00:00:00,Insanity Rocks!!,"I started doing Insanity almost a month ago and let me tell you, I can see a huge difference in muscle tone and endurance. This workout truly pushes you to your max and when you finish you will be sweating and feel accomplished. This program is very intense and not for beginners. If you have not worked out in a long time then this is not the workout to start with. The participants in the video also have to stop and take breaks. The workout is 6 days a week with one day for recovery by stretching.<br /><br />So what you get is Shaun T who is quite motivating pushing you to do the exercises. One thing, if you have bad knees or a bad back this is not the workout that needs to be done. There is a lot of jumping and sudden movements in the videos which will cause heavy impact on joints.<br /><br />Next week I have my recovery week and then go into the hour long Insanity. So far in the last month I have lost 8 pounds and my clothes are becoming looser."
B002QZ1RS6,A1QAC7KVSG848E,Andy Hernandez,2/3,5.0,1284508800,2010-09-15 00:00:00,"Fat blasting, heart pumping, are you ready!","Hi All,<br /><br />I'm an independent Beachbody Coach, INSANITY enthusiast, and 13 days away from my P90X graduation.<br /><br />INSANITY is a great program, not for the light at heart. They repeatedly warn people of the possible stresses and injuries that may be incurred while participating in this fitness program. With that said, it is probably the best weight/fat loss program put to DVD.<br /><br />The moves are varied, but simple enough that you can replicate them. The training consists of jumps, squats, running in place, plank, low-plank, and C-sit positions. I really like the emphasis on the core and the lower back and abdominal strength you will acquire over the 60 days.<br /><br />Don't worry about not being able to finish a certain routine. Even Shaun T has to take breaks! Just try your best and you will see great results. There is no equipment necessary other than a heartrate monitor. The workouts range from 39 minutes to 58 minutes depending on the DVD and phase you are in.<br /><br />I like this meal plan because it is simple, easy to follow, and gives suggestions for in between meal snacks. You will be consuming a lot of calories, but it is assumed that you burn over 600 per session of INSANITY.<br /><br />You want lean 6-pack action with little startup investment, then this program is for you!<br /><br />I have written a nice comparison to P90X on my blog if you are interested in reading more about them.[...]<br /><br />If you need help, encouragement, convincing, or a coach, feel free to contact me via [...]<br /><br />Dig Deeper!<br /><br />Andy"
B002QZ1RS6,A244MKOACYJMOL,"Drive-By Reviewer ""Drive-By""",10/30,2.0,1284508800,2010-09-15 00:00:00,Ugh.,"I am not really overweight, but not in great shape either. The problem I have with these videos is 1) The warmup is 20 minutes long and will wear you out before you can do the actual workout.<br />2) There is no upper body included in the warmups so when you are spent, you've only done legs and cardio.<br />3) Even if I could do the full 40 minutes, I do not look forward to taking that much time from my day to get a workout.<br /><br />There are better programs that can whip you into shape in less time. If you are finishing these workouts, you are already in good shape. As others have mentioned, people in the class on the video are dropping out during the warmup phase.<br /><br />On a positive note, the production value is outstanding. Shaun T is motivational, and not annoying to listen to. The music is not your typical electronic repetitive rhythm, but it's more of an orchestral Rocky-type soundtrack, which is great.<br /><br />However, if you are looking to do a workout that only takes about 20 minutes and will really work your muscles and cardio, I recommend: <a href=""http://www.amazon.com/gp/product/B00127RAJY"">Jillian Michaels - 30 Day Shred</a> The production value is much lower, and I have to turn the volume down so I don't have to listen to her, but I just play my own music on the stereo."
B002QZ1RS6,ALGSY857LFRMQ,Jen,1/2,5.0,1284595200,2010-09-16 00:00:00,Awesome!,"I thought I was in decent shape, but insanity kicked my tail. I've seen a huge improvement so far and I am three weeks in. Shaun T is an excellent fitness instructor and keeps you motivated the entire time. If you are looking to change up your routine and have a challenge, I recommend Insanity. Just remember, do not give up so quick because it gets easier as the days go by and you will start to see results. My husband and I have. The best part is we can do it all at home without the expense of a gym, weights or equipment."
B002QZ1RS6,ABUG35LEQ2ARE,"Dirt Dog ""Slap D""",8/10,5.0,1284681600,2010-09-17 00:00:00,Devastating....at first....,"If you are in ok shape or just starting out, DO NOT get this program.  I was a 5 day a week powerlifter while also mixing in jogging and cycling for cardio.  I thought I was in really good shape.  Then I got Insanity and everything was turned upside down.<br /><br />This program is intense...no other way to state it. I heard that it was intense before I got it, but you can't understand until you experience it.  I will say again...this program is INTENSE.  After about two days into the program I could feel my body reacting.  They say this may be the hardest workout ever put on dvd, and I agree.  I now do P90X on my days off from insanity because it doesn't even feel like a workout anymore.  For the first week even trying to sit down to use the bathroom was painful because my legs were so obliterated.<br /><br />I see all these infomercials about ab rockers, total fitness (sorry Chuck Norris)machines, shake weights (really???  stand there and shake a weight??  no thanks)...and all these claims that you can get miraculous results with minimal time and effort.  Well if you buy into that notion you should not get insanity.  With this program you need about an hour a day and MAXIMUM effort.  Your body (and your significant other...when they look at your body..) will thank you.<br /><br />The only negative I can say about this program is that for some of the exercises you need a fairly high ceiling, especially if you are a taller person.  There are a lot of jumping exercises with your arm extended upwards.  My ceiling isnt high enough for that...but it's an easy adjustment, just don't reach up as high.  This program is worth the price ten fold.<br /><br />If you have knee or shoulder problems this is not for you."
B002QZ1RS6,A7TMPKQOLQOOF,David Devaleria,6/6,5.0,1284768000,2010-09-18 00:00:00,"This workout is ""da bomb""","I am 55 years old and have done Beachbody's P90X about three times and P90X plus about three times.  Like many fans of their DVDs I was psyched to try this one as well.  The first week I tried Insanity I think I threw up twice.  P90X Plyometrics is a day off compared to this workout series.  After my 60 days were up I felt like I could climb Everest.  This is pure, flat out cardio and plyometric floor work with no weights and few breaks.  Make no mistake about it, this is one tough workout.  If you are looking for a good next step after P90X or a cardio program to interleave with your weight training and are in pretty good shape I highly recommend this one.  Although you will be taking plenty of breaks the first few weeks, I noticed that after doing it for several months as part of my weight rotation, I could make it all the way through without a break.  I bought this program for my sister and my girlfriend because they were afraid that weight training would cause them to bulk up and they swear by it.  If you are into lifting you will find you will lose some muscle mass in the 60 day program and may, if you continue with it, want to work it into some kind of weight training.  There is a 13 disk expanded version that includes an upper body weight training DVD that is pretty great as well.  Shaun T is a very good trainer and will yell at you as opposed to Tony Horton who cuts you more slack.  The cast is good as well and there is no hiding the fact that the workouts are kicking their butts.  Get through this workout series and you will have major bragging rights."
B002QZ1RS6,A3S1ADPPNJDGK7,Heather M,8/8,5.0,1284768000,2010-09-18 00:00:00,You CAN do this even if you're not in great shape,"I cannot say enough good things about this wonderful workout!!! After just a few workouts, I already feel stronger in my core and I feel my body changing rapidly.<br /><br />I am recovering from a long bout of illness and started exercising about 3 months ago. I'm 45 pounds overweight and I'm not in amazing shape. I was worried about some of the reviews that said you need to already be in great shape to do this workout. That is absolutely NOT true. Yes you do need some level of fitness. If you are a total couch potato don't start with this one. But if you are doing moderate exercise, you can do it. I've been walking and taking ballroom dance class once a week, so it's not like I've been doing anything high intensity. I do have to take extra breaks. I have to modify and do smaller jumps on many exercises and at times I scare my small children with my grunting and yelling but I get through it.<br /><br />It is really safe. He knows how to structure a workout properly so you warm up really well, not just a hurry up couple minute warm up. Then he does a GOOD long stretch to fully stretch you. When you do the intervals, you move up in intensity each time you go through a series of exercises so it's gradual, but you are panting from the get go.<br /><br />YOU WILL SWEAT! This is the only workout DVD I've tried where I'm dripping sweat in a short period of time. And I've tried lots of them! You have to be able to shower right after because it will look like you got doused with water when you're done.<br /><br />He is so motivating and the way the workout is structured you don't get bored. I start thinking about peeling wallpaper with nearly every workout DVD I have after a little while. These workouts are so challenging and they really require you to focus on form and what you're doing, so you can't zone out.<br /><br />You see the people on the workout taking breaks so you don't feel like a loser when you have to stop and catch your breath.<br /><br />The diet program is great too. It's really similar to the Zone, but with a bit more carbs. I have food allergies and there is a complete food substitution list, so you can do the diet easily even if you can't eat dairy, wheat or whatever. I've been tracking my calories with the Bodybugg but been unsuccessful for the past 6 weeks of a plateau. On the Insanity diet, I'm full and not hungry at all but I'm eating way less calories. I lost a pound after only 3 workouts!"
B002QZ1RS6,AZYNN6QMXNH3C,Shae,6/6,5.0,1284854400,2010-09-19 00:00:00,High Quality Materials and Program,"This work-out product is both effective and incredibly well designed. Not only does the system itself deliver everything it promises (as long as you do YOUR part) it comes with some of the most beautiful and well organized materials I have ever seen.<br /><br />The case looks like an expensive coffee table book , complete with large faux pages covered in beautiful glossy photos of the exercises. These double as very clever section dividers to the disks. A  sturdy pocket in the back of the ""book"" houses your calendar, fitness test card, recipe book and nutritional guide.<br /><br />All this flash isn't required for a great exercise program, but since the program itself is exceptional, it is a nice bonus that the production quality and materials hold up to the same standard."
B002QZ1RS6,A19YTMO6FCW685,Lo,24/25,5.0,1284940800,2010-09-20 00:00:00,Best use of your workout time,"I will keep this short and sweet. Insanity is the BEST cardio, strength, and endurance workout I have tried by far.  This workout is incredibly difficult and is designed to push you to your personal limits.  You will sweat like you never have before and your muscles will burn like they never have before...two things that often do not happen in the same workout.<br /><br />About myself: I am a 25 year old woman in good shape who did not desire to get ""buff."" I wanted a great workout to make me sweat and get me TONED.  Insanity's intensity will allow you to burn fat and get toned.  I honestly didn't think I had much weight to lose and thought I was pretty fit and toned starting out, but this workout changed my body in ways I was not expecting.  In fact, I quit my gym!  (And I used to go to my gym 5+ times a week!)<br /><br />Pros:<br />- Excellent cardio workout<br />- Excellent strength and muscle toning workout<br />- Variety of DVDs in the package to choose from (you won't get bored)<br />- Don't have to drive (or pay for a gym membership)<br />- Time saving (most workouts are only 40 minutes)<br />- Package has two ""rest"" workouts for days when you do not feel up to it...(these are harder than most normal workouts!)<br />- Can complete in a very small space<br />- Can complete a 60 day program for maximum results or simply do the workouts when you have time<br />- No equipment necessary<br /><br />Cons: (Hard because I really believe this is the best workout DVD collection out there)<br />- Takes motivation to complete<br />- Extremely difficult (not best for beginners)<br />- Lots of plyometrics (jumping) that may cause injury without proper warmup<br /><br />In short, please believe me. This is the best workout I have EVER done.  I have tried Body by Jake, Jackie Warner, Jillian Michaels (all of the DVDs), and pretty much everything on Time Warner On Demand.  This is the real deal.  Do yourself a favor and try it.  You will not be sorry!"
B002QZ1RS6,A1PC8LAXJ5G51Q,A. Danysh,1/1,5.0,1285027200,2010-09-21 00:00:00,Great Workout,This workout is definitely everything it's hyped up to be...insanity.  My wife and I have been completing the workouts day by day and we're still hanging in there after 3 weeks.  I highly recommend this product if you're healthy enough and able to stretch properly before and after each workout.
B002QZ1RS6,A2TV85FPOSVJQI,Meedakin,2/2,5.0,1285113600,2010-09-22 00:00:00,Insanity is right,"I've been into fitness for most of my life, but this series really takes it to a new level.  If you're looking to get into shape before you buy it, my advice is to keep jumping in the air, running in place, and doing squat thrusts.  Then you'll be ready, but the first week will still hurt!  After that your muscles adjust, and you really do see improvement.  I recommend also buying a heart rate monitor so you can see your calorie burn.  Some people can burn 700 calories, I'm a smurf so I only burn 300 per session.  Reality check!"
B002QZ1RS6,ADEGKCX8FDM37,kiddie55,0/4,5.0,1285113600,2010-09-22 00:00:00,Insanity,"I really enjoyed this workout. I dont really follow the directions, but it def. spices up the workout rotine and works muscles I didnt realize needed working!"
B002QZ1RS6,A1FE268XNSLV6K,Tall Tee Lee,0/0,5.0,1285200000,2010-09-23 00:00:00,Great if you got good knees,"Great video, workouts are challanging and if you have bad knees you will be hurting, i do, i did it, i moved at my own pace, i still got good scores on my test. it works very well. the only problem i have is they dont give you enough recovery time. so your still sore as a dickens for a week and expcted to workout again the next day. but if you can handle it, stick with it, it will work. good luck. oh! and the video tells yo that if you have bad knees dont do it befor the excersises start."
B002QZ1RS6,A1S0ZKWMV29XRP,chocolate,0/2,4.0,1285459200,2010-09-26 00:00:00,insanity,"I love the work out, I haven't been through all the DVD's yet. One of the DVD's does seem to be scratched though, I continuously stops and waits a minute before restarting.  This is very annoying, but I do love the workout. It kicks my butt every time."
B002QZ1RS6,A12D8L4WXYW2GJ,Kumaran,2/2,5.0,1285545600,2010-09-27 00:00:00,One suggestion for potential buyers,The beach body site offers an option for $9.99 that if any of the dvd gets damaged they will replace that particular one. I am not sure if amazon offers that feature.
B002QZ1RS6,A3MFGWNOSJS8Q1,NEG,4/23,2.0,1285545600,2010-09-27 00:00:00,Insanity,This dvd selection and workout is not for everyone.  It is very hard and very fast paced.  Even some of the people demonstating the video could not complete the workout.  They focus on repetition as fast as possible.  This doesn't make sense to me because I have always been taught to focus on form so that you don't get hurt. There is no way to keep your form in these workouts.  Very expensive!
B002QZ1RS6,A1HALAGIB8SREE,C.G.S.,1/1,4.0,1285632000,2010-09-28 00:00:00,"Very Intense, Love it!!!!","Very intense, no nonsense 60-day workout program. Being a 2 time P90X graduate, I hate running and I wanted to lose some more body fat, thus I needed to do more cardio. Like P90X, Insanity fits my needs perfectly. I can do everything from home, on my own time and Shaun T keeps you motivated. I'm currently doing a P90X\Insanity hybrid, P90X 3 times a week and Insanity twice a week. My only complaint about Insanity is that the warmup part of it is kind of long, so much that it's necessary for me to stretch even before I do the warmup. Also, some of the routines in the DVD's are kind of repetitive. Program definitely is geared towards the more advanced exercise enthusiasts, though you can of course always modify. All in all, you will find that this is an exceptionally challenging, high intense cardio calorie burning program. You will sweat buckets and you will see results if you stick with it, just start out slow if necessary at first and take extra breaks."
B002QZ1RS6,A3OVY1RN145NIY,Jacob Stambaugh,10/10,5.0,1285718400,2010-09-29 00:00:00,A Good Workout for the Motivated,"This is an excellent workout, as long as you are motivated. Of course, that goes for any exercise! There is enough variation from day to day that it doesn't get too old, and by the time it DOEs (about the 4th week) the workout adds new videos anyways, and so everything changes.<br /><br />Pros: Can be done at home, with NO needed accessories (except maybe a pad or carpet for when doing ab exercises). They are relatively short, can be done any time throughout the day, and as long as one tries throughout the video, one will be tired at the end of it. I am only on week 4 as of now, and I can run circles around the ""3-weeks ago me"".<br />Also:<br /><br />1. With the videos, it is easy to start the workout before you can talk yourself out of it.<br /><br />2. You can also turn the music off, and play your own classical or country or whatever motivates you. Personally, I kept the music that they gave, as it  wasn't too bad.<br /><br />3.They also have a nutrition booklet, which I suppose is a pro if you use it. I am too lazy to spend the time figuring that all out, and figure I eat all right as it is.<br /><br />4. If you don't do the videos in order, or just plain skip one because you're too busy, the workout is built so that each day is (essentially) everything. While there are different focuses for each video, each workout will work all your muscles no matter what, so missing a day will not leave some muscles behind.<br /><br />Cons: The calendar that comes with the workout is a little confusing, as they don't label the videos correctly on a few days. But after a little process of elimination, that's easily solved.<br /><br />Also, for those of you with bad knees or feet, this is probably not the video for you. There is a lot of jumping and knee lifting.<br /><br />So: If you are the type of person who doesn't mind exercise, but wants to get in shape REALLY fast, I can recommend this video. I am currently getting ready for boot camp, and needed something that I could stick with easily (the do it from home part) but still push me to my limits. I feel confidant that by the time I leave, I will be ahead of many of my peers. I am not even at the halfway point and I can say this. For me, it was worth the 100 bucks--what you might spend on a gym that you only go to whenever you get around to it. However, if you are not in very good shape, going to the gym for a while or simply walking or running in the morning may be a good thing to do before starting this, as it...well...insane."
B002QZ1RS6,A2R6367Q43B4NJ,"Mark ""Mark""",23/26,3.0,1285891200,2010-10-01 00:00:00,Finished today,"First point...If you are deciding between P90x and this go for P90x. I've done p90x a few times with great results and this workout mixed with P90x is fun too. That's why i'm giving it 3 stars. I'm not going to give a 4 or 5 star rating just because the workouts kicked my butt. If you are looking for something different and liked P90x then make the call....if you don't like push ups and plyo you better keep on looking.<br /><br />I just finished the complete workout for the first time following the calendar exactly. The 2nd month workouts are hard and long...I really never felt like I recovered. By the end of each week in month 2 I was wasted. Always hungry and always tired. I was already in pretty good shape so could keep up but felt like the intensity was so high (in month 2) that by the end of the week I was suffering more than moving forward. I also gained weight and lost muscle mass in my arms and abs that I had gained in P90x. I did thicken up in my chest from the daily round of push ups and made some gains in my legs from the plyo.<br /><br />If you like push ups, jumping, and BB drills then this set is for you. Don't come back and review until you've done it all....not just the first couple of weeks (there easy)....Also if you have a busy schedule then it will be tough to do these workouts and work a 8-10 hour a day job....unless you get paid to eat and sleep."
B002QZ1RS6,A1MAKGYFY93A9J,Lovey6010,11/11,5.0,1286841600,2010-10-12 00:00:00,DIG DEEPER!,"If you throw up, you're doing it right. LOL. AMAZING program! 10 lbs in first 8 days! VERY intense! You'll laugh, you'll cry, you'll trim ur back side!"
B002QZ1RS6,A109TIAVYGNA91,MissAlx,4/4,5.0,1286928000,2010-10-13 00:00:00,love it!,"I'm officially obsessed! One of the best at home workouts out there. If you workout from home a lot like I do (the Firm, the Jillian, etc) then this is the next step for you when all of those DVDs are getting way too easy."
B002QZ1RS6,A19JZ79PJLFL21,"Paul D. Singleton ""Men's Minister - Hardcore ...",6/6,5.0,1287273600,2010-10-17 00:00:00,Amazing,"I started the program on Sept 20th and while I have not lost the weight I though I would, I've lost more inches then I could have imagined. Four inches in less than a month. If you are looking for a workout that will push your limits and leave you gasping for breath, but cause you to feel stronger, more alive, and more active, this is the one. Not good for you if you have never worked out, but if it's been a few years and you need a sharp kick in the rear, Shawn T will give it to you."
B002QZ1RS6,A2JZG3NM6BUVQQ,Wayne,7/39,1.0,1287532800,2010-10-20 00:00:00,No CD's!,"I just received my Insanity package (ordered through Amazon), opened it up and there are no CD's!!!!!!!!!!!!<br /><br />What a waste of time.  Obviously no quality control program for who packages this together.  Duh."
B002QZ1RS6,A12XQC7X7PSABR,cauzeone,0/2,5.0,1288051200,2010-10-26 00:00:00,Great,Showed up in the condition that the seller stated it was in. Could not be happier.
B002QZ1RS6,A177DQ9LXYA33N,Ginnie,0/0,5.0,1288396800,2010-10-30 00:00:00,Excellent,"Really enjoying this workout.  This is my first time to do a DVD workout, and I was worried I wouldn't get much out of it.  After 3 weeks, people are noticing a difference in how I look.  Just ran a half marathon, and due to my improved cardiovascular state, was able to take 5 minutes off my PR.  I wish I was better about following the diet plan, that would probably really drop the pounds.  But as it is, I am definitely more toned and have improved stamina.  Terrific!"
B002QZ1RS6,A31494DYNN4BGM,J. Fields,2/2,5.0,1288656000,2010-11-02 00:00:00,"Nice, Fast Pace With A Great Overall Plan","After completing P90X, I decided to try Insanity.  These two programs are probably by far the best DVD workout programs on the market.  The biggest difference I have noticed is that Insanity is done at a much faster pace.  There are breaks after every four or six workouts like in P90X, but the big difference is that Shaun T doesn't TALK for 15-30 seconds between each workout.  It's a non-stop thing, and you have to pick it up on the fly.  That might make for a short learning curve the first time through, but it also makes for a MUCH better cardiovascular workout than P90X.  I like the difference though.  Insanity is great for cutting weight and improving cardiovascular performance, while its sister product, P90X, can build a little muscle.<br /><br />This workout gets a 5 from me though.  It is well thought out with different techniques and a much more random schedule than P90X.  I wish I could write a review for both at once rather than compare them here, but I think most people wanting a review on Insanity would either be familiar with P90X or be comparing it to P90X before making a purchase.  I bought mine on eBay though - $70-80 over there for the full box with 13 DVDs, eating guide, and schedule/fit test tracker vs $140+ from Amazon right now."
B002QZ1RS6,AM9BLDHHFLZ4R,Ashleigh Holt,1/1,4.0,1288742400,2010-11-03 00:00:00,Great product,"This item was exactly as promised. Came in original packaging and included everything as promised, such as wall calendar and bonus dvds. We've been doing this workout for almost a month now and the results have been amazing!!<br />The shipping did take wayyy longer than expected which was somewhat disappointing because we wanted to get started asap. However, once it got here we've been very pleased (and sore!)"
B002QZ1RS6,A2CI63T2JAHFNH,ACoppock,0/0,5.0,1288828800,2010-11-04 00:00:00,Insanity,"Love this DVD series.  It's tough, but it keeps you engaged and really challenges you to work hard.  I really like the variety.  If you stick with it, it really gets you in shape!"
B002QZ1RS6,A5BA87JFP4IWV,marathon chic,0/0,5.0,1288828800,2010-11-04 00:00:00,totally insane!,"I couldn't be happier with this product! i have had such amazing results with it. i wish i would have known about this sooner! I'm almost done with my 60 days...one week left and i have lost 15 lbs and i don't even know how many inches total yet...but at least 3 pants sizes! my next purchase is going to be hip hop abs...i love Shaun T! all i can say is: ""order it! you won't regret it!"""
B002QZ1RS6,A3J23GW8FNISGJ,MichaelM,19/20,5.0,1289001600,2010-11-06 00:00:00,First program that worked for me,"I've struggled my whole life to find an exercise program that actually improved my fitness but at the same time improved how I looked. I've joined gyms but lost interest when I got bored. I've bought a few different exercise devices, including expensive cross trainers and bikes. None of them did much, even though I would stick with them for years. I think one big problem is that the time commitment was vague. I would go to the gym, but toward what goal? Losing inches? Losing weight? Gaining inches? Insanity is great because it is a commitment of 60 days. Then you either see results or don't.<br /><br />Insanity is the first program that has worked for me. I've lost fat and gained muscle.<br /><br />There are many great things about the program. Here are a few:<br /><br />The program includes a list of foods that are going to help you achieve your goals of looking better. The foods are on tiers, basically lists. Avocados, bananas and blueberries are tier 1, meaning really good for you. But there are one hundred more, including meats, carbs, etc. on tier 1. I've eaten more bananas in the past 40 days than in my whole life. Oh...and by the way, for the first time in my life I am drinking no soda-because the program is only 60 days, I told myself I was going to make this commitment. So just try to find foods and snacks that are on tier 1 or Tier 2. Tier 2, are foods that are good for you. Tier 3 are foods that are sort of neutral, and then tiers 4 and 5 are foods you should stay away from. Important is that it is all really simple, and that some things, like yogurt, are good for you if they are low fat, no sugar, etc. But are not if they have these things. Sweet potatoes are good. Regular potatoes not. It's a quick way to make sure you are eating the right stuff. If you eat junk, no amount of exercise is going to get you where you want to be.<br /><br />The program can be a lifetime commitment, but...it's really just sixty days. I'm at day 40 and I have seen really good, almost amazing results. So, instead of some vague, ""I'm going to go to the gym more"" promise. You commit to 60 days and do it. Tell your friends, family, work, whatever, that sorry...I can't do X thing today, I've got to work out. Or sure, I'll go on that trip, but I need an hour a day to do this routine.<br /><br />The program is on DVDs. No equipment is necessary besides maybe a carpeted floor. If you have a DVD player, or a computer, you're good to go. So if you travel, it's no problem. This was great for me. I've brought the DVDs on vacations, on work trips, etc.<br /><br />For the first 30 days, most of the routines are just over 30 minutes. Not bad. So exercise shower and all in less than an hour. After the first 30 days, the exercises get longer. But by then, you should be seeing results, and you will justify going longer.<br /><br />I won't go on, I know a lot of the other reviews say about the same thing. In a nutshell, Shaun and the Insanity crew have created a really good exercise program but one that also includes some great suggestions about how to manage your diet which is also key. I hope they are really successful with it."
B002QZ1RS6,A35ES4EJATV3WY,Elizabeth,1/1,5.0,1289433600,2010-11-11 00:00:00,So challenging even Shaun T has to take a break every now and then!!,I am finishing up my third week of this nine week workout program and I can already tell a major difference in the way my body feels. I'm definitely stronger and my cardiovascular strength has greatly improved. INSANITY is extremely challenging and you definitely know it is when Shaun T has to stop to take a break and the people working out in the background stop mid-exercise to catch their breath or get water....that never happens in workout videos! I am very happy with INSANITY so far! My goal is to complete the program in its entirety! Only 6.5 weeks to go.
B002QZ1RS6,A3162L2D3UVDQ9,Derrick Slaton,0/0,5.0,1289779200,2010-11-15 00:00:00,"Excellent, workout","This is an excellent workout, but I would not recommend it for beginners because I think they will get intimidated and quit the program."
B002QZ1RS6,A1RWVRZ9VRJP0H,Jennifer,1/1,4.0,1289952000,2010-11-17 00:00:00,Insane!,"I have done the P90X program before this, so I thought that the insanity workout would be easier for me...but boy was I wrong.  It really is intense and works out every muscle in your body.  I was also going to the gym 5 times a week, but even the fit test (which is their intro workout) was hard for me!<br /><br />One thing that I would say is better with the P90X program is that they have 3 different people showing examples of certain intensities.  So at first, you could follow the easier example then progress at your own pace, which is a lot safer and you get more accurate workouts because you perfect your form before you advance to higher intensities.  Right out of the gate with insanity, they drill you to go hard and fast. So, for the first week, my back was in bad shape because I was trying to match their intensity without focusing on how well I was performing each exercise.<br /><br />Needless to say, it is a great cardio workout.  If you are looking to lose weight and improve your cardio, this would be your product. I would suggest P90X for more strength training."
B002QZ1RS6,A1PDNL38JK8Q5X,K Mc,0/0,4.0,1289952000,2010-11-17 00:00:00,Good to get a hard workout in from my living room,"Not much beats the gym for a good all-around workout. weights, cardio, etc. but these DVDs are a great workout when i cannot get to the gym. now that i started them, i want to see the program through so i purposefully haven't been to the gym. i feel like i'm working out different muscle groups as well."
B002QZ1RS6,A4P6YQJ03RN8Z,Sharri38,2/2,5.0,1290038400,2010-11-18 00:00:00,Insanity Kicks Ass and Works.,"This Product is great if you have the desire and want to lose weight I would recommend that you buy this product. I have had this for about 3 months and I want to say that I lost about 10 inches and 23 pounds I am back to my ideal weight at 120 to 125 range. The mix of workouts such as strength conditioning, plyometrics, and stretching have got me into some good shape. Also I love the fact that they have an online support group where you can create a free profile. Again if you want to lose weight I would say try this but let me warn you you should have some kind of conditioning or it will be quite rough. I thought I was in decent shape and this training set took me to a whole new other level that I have never achieved."
B002QZ1RS6,A2PXDVKKE8TFZV,BAGS,1/1,3.0,1290038400,2010-11-18 00:00:00,"I enjoyed the workouts, but didn't enjoy the whole program","I enjoy doing some of these workouts. But there are too many of the same moves from one DVD to another. The workouts are too similar, and there isn't real reason why they had to make so many of the same type of workout, except to have enough DVDs to charge you an ""insane"" price. I had no real results from this program, no weight loss, no inch loss, some increase in cardio stamina but nothing to really justify all the hard work I was doing. I still do the workouts now and then, but I won't do the whole program again."
B002QZ1RS6,A72ONV52W5HFH,K. Vu,1/5,4.0,1290038400,2010-11-18 00:00:00,"Im no trainer, fit, nor skinny!","I was watching this imformercial one night, and got really pulled in!! I am this fat out of shape girl who wanted to realllllly lose weight. And i knew for sure, this will help you lose weight! but i forgot how unmotivated i am!<br /><br />So the next day, i ordered this dvd, recieved it.. and was super excited to finally lose weight.<br />OMG the exercises are insane!! i dont think i did some workout right because my stomach wasnt sore nor felt like it was worked out! feels like the first week was working out my legs and arms only! i was super sore but felt so GREAT. i was suprise how long i kept up with the program! i think about 2 weeks or so. normally id give up after 3 days. -_- but i did stop after the 2 weeks or so.. i just didnt really have that motivation to do the exercises and i didnt have room to do it!<br /><br />IF you are considering this dvd, make sure you are motivated to do this! have a buddy to do it with you !!<br />also make sure you def. have ROOM to do it! youll need lots of workout space!<br />AND YOU MUST HAVE WATER ON THE SIDE!! you are going to be breathing and out of breath and hot and sweaty like a pig and thirsty like a mother."
B002QZ1RS6,AVSFLQZL25W0C,Jen220,0/0,5.0,1290384000,2010-11-22 00:00:00,Great workout,I knew this workout was going to be tough before I bought it...and it is!  it's a really great workout especially for someone like me who is crunched for time! I have completed my first week and a half and already feel more energized!  Can't wait to see the results after the 60 days!  I read lots of positive reviews for this workout and liked the fact that you don't need any additional equipment at home.  I would recommend it 100%!
B002QZ1RS6,A1H4A7F1KGJHT8,"R. Strasbourg ""R.S.""",4/4,3.0,1290470400,2010-11-23 00:00:00,Fast pace,"I've been using the insanity workouts as cross-training for a few weeks and I must say that, so far, I find the program very challenging. I'm a runner and a cyclist and I have been using the P90X dvds for cross-training for a few years now, so I'm in pretty good shape.<br />The thing that is insane I find is the pace. You go up and down and sometimes it's hard to keep your eyes on the screen. It will take some time to get used to the moves, which seem to be repeated a lot.<br />Now, this program makes me sweat and it is hard to keep up, so I like it but the workouts could be a little longer, if they slowed down the pace a bit. What happens is that once I'm done and catch my breath, I'm ready to go again, so I do a P90X workout or the ab routine. One thing is for sure: this is not the program to start with, if you're not already in good shape."
B002QZ1RS6,A32IAV332TEQGY,Nikki,18/28,2.0,1290902400,2010-11-28 00:00:00,Insanity,"I've been following Insanity to the dot. I followed the diet plan and did the workouts every day. I just finished the first week of the second month. I'm pretty active; ran marathons and was in good shape to start off. For the amount of time it takes to do the work outs I have not seen any results what so ever. I still weigh the same. I still look the same and I still do not see any abs. I'm still going to finish the program, just to be sure that I'm giving it the full 60 days;however, so far I have not seen any results."
B002QZ1RS6,A12I55NGY4XP4Z,Kristen,1/9,2.0,1290902400,2010-11-28 00:00:00,Loved the Workout not the DVDs,"I ordered the Insanity workout DVDs about 6 months ago.  I have tried half of them, and they do not work properly.  They skip repeatedly, and you cannot properly finish your workout.  I contacted the seller this evening.  If they respond back to me I will re-rate this purchase.  This is the only Amazon.com seller that I have not been 100% satisfied with, and I order from them a frequently."
B002QZ1RS6,A1WOIY9G8FKEWN,ARTERMIS06,2/3,5.0,1290988800,2010-11-29 00:00:00,fantastic workout,"Insanity is an amazing workout and it will get you  results, however this is a tough program and it is not for people that are really out of shape or have not worked out in a while. These individuals should start off with somthing less intense first. Insanity is very intense, even the warmup is tiring."
B002QZ1RS6,AHBCVF67F38Y7,Josie,0/0,5.0,1291161600,2010-12-01 00:00:00,Plyometric Overload,"For those beyond the P90 who want more of the plyometric training, this is perfect.  For beginners or those who haven't worked out in a while, completely avoid until you are in better shape.  Absolutely one of the best home workouts.  You don't know unless you try."
B002QZ1RS6,A2FE5JQ2OC68JE,G. Park,1/1,5.0,1291248000,2010-12-02 00:00:00,I thought I was in shape until Shaun T kicked my butt,"This isn't for the faint of heart.  You need an exercise area, sneakers, water and a big towel because this workout will make you sweat.<br /><br />I would consider myself ""in shape"".  My gym closed down for 3 months for renovations and I do have a personal trainer.  But my wife and I needed some cardio because it's getting to cold to run outside.  So decided to get Insanity.<br /><br />We previewed the DVD and bought some workout mats that were thick enough not to damage our joints and move out all the boxes in the basement to clear enough space for the workout also.  During the first ""fit test"", I nearly lost vomited.  Dripping in sweat and drinking almost half a gallon of water.  My wife (who is in better shape than I am) was whining in pain.<br /><br />I'm on day 4 now and days 1-3 were tough.  Neither of us can walk without something hurting and stairs are tough. LOL.  I'm in pain as I type this review!  It is worth it, you need to be dedicated and have about 45 mins/day.  I'm looking forward to the second fit test in 10 days!"
B002QZ1RS6,A3DR4KBOXNCXR1,mami88,0/0,5.0,1291248000,2010-12-02 00:00:00,best workout ever!!!!!,"best workout ever. it got me sweating even when it was cold outside. if you are a mom who is busy all the time, buy this.. it only takes like 30 minutes to completed it<br />great workout buy it, trust me you will love like i do."
B002QZ1RS6,AOZL3X9CXK04K,kate,2/2,5.0,1292112000,2010-12-12 00:00:00,BUY IT,"This program is great.  The workouts are a challenge but the way I feel after is worth it.  I have not yet completed my insanity workout 8 week program.  I am about to start week 5(recovery week) and I feel great!  I have lost 15 pounds!  I am so happy I decided to purchase insanity, best money ive spent in a while!"
B002QZ1RS6,A37QOI5VX5JKX3,VitalFitnessandNutrition,2/2,5.0,1292544000,2010-12-17 00:00:00,Wow-eeeee!!!!,"They don't call it Insanity because it's easy.  This really is the hardest workout system ever put on DVD.  Just a little background about my fitness level. . . . I have been a personal trainer for about 15 years and working out even longer.  You name it, I've tried it.  I run marathons, am a big fan of spinning, and have even done a few rounds of P90X (which I love btw!!!)  I figured I'd try this to get a little leaner during the summer months because I don't like to run in the heat.  I was impressed by how comprehensive the system is.  The food guide is much easier to understand than the P90X eating plan.<br />So I started with the ""Fitness Test"" DVD and thought I was going to die!!!  I was so embarassed.  I couldn't believe how much I sucked at this workout.  But never one to back down from a challenge I kept coming back for more day after day.  Let me just tell you, for the first couple of weeks, my heart rate got into the 170's just during the warm up!!!  There were many times I was grabbing my knees and heaving for breath, but then I'd look up at the video, and see some of the participants doing the very same thing!!<br />For those of you who work out for an hour or so a day, you will probably find the first 30 days doesn't feel like enough of a workout (the workouts are about 30-40 mins).  I supplemented it with additional cardio like spinning for another 30 minutes.  The second 30 days really kicks it up a notch, and was more than enough of a workout.  These workouts last about 48-55 minutes.  I was so tired at the end of them, the last thing I wanted to do was workout some more.<br />As the weeks passed, I was more comfortable with the workouts, and was amazed with the transformation in my body and the increase in my fitness level.  Like one of the other reviewers stated, you do lose a little of the size in your ""glamour muscles"" (back and biceps), but the definition in my shoulders, legs, and abs just popped!  According to the scale my body fat hasn't decreased, but my pants are much roomier, and people have been asking what I have been doing to lose so much weight.  But to be honest, my eating could have been a little better during the program.  I have started running again and training for my next marathon.  I cannot believe how much easier running is now that I have completed Insanity.  I know its the perfect supplement for runners.  The exercises really work your core and improve your speed.<br />Buy this workout program!!!  You will not regret it!"
B002QZ1RS6,APW17EY86VJMP,Dale,1/1,5.0,1292889600,2010-12-21 00:00:00,Great cardio product,Great product if you like cardio. Im a p90x grad and im 4 weeks into my 2nd round. Honestly If your looking to bulk up do some kind of hybrid with insanity and p90x. This program is more about losing weight and toning up. Would recommend a heart rate monitor with this one. This program will push you to your limits cardio wise
B002QZ1RS6,A1CP90911DLLX,hamilton,4/5,5.0,1293321600,2010-12-26 00:00:00,If you thought plyometrics on p90x was hard....,"Like the previous reviewer, I have done both p90x and Insanity. I have come to the conclusion that for me, a combination of the two is the way to go. It all depends what your goals are. p90x alternates between lifting weights/doing pull ups and push ups with cardio. You focus on a couple of muscle groups during each workout, do the same weekly routine for a month, then switch to different exercises for a month. The last month is the original set of exercises again. If you're looking to build muscle, this is definitely the better option. It requires dumbbells or bands, a pull up bar, and a chair. The cardio portions are good, with plyometrics being relatively difficult. It also includes a day of Yoga, which Tony Horton loves but I personally could not do.  Insanity is a whole different animal. It is, in my opinion, more intense than p90x, but is focused on improving your cardiovascular stamina using max interval training. You have to be in pretty good shape to start to actually finish a workout at their pace. You can think of it as a shorter but much more intense version of plyometrics everyday. It doesn't require any equipment at all - just using your own body weight to get results. Most workouts are less than 30 mins. I found doing this daily was too much for my knees but this may not be the case for you. I have started alternating p90x with Insanity, eliminating the p90x leg workout since Insanity really works your legs. Both products are high quality and should get you results if you stick with them. Highly recommended."
B002QZ1RS6,A1UGH5FOD9V54C,journeytofreedom,7/7,5.0,1293667200,2010-12-30 00:00:00,I would give it a 10 out of 5 if I could!,"Other reviewers have really gone into detail about the Insanity program, the breakdown of each workout and what to expect out of it so I'm just going to write a review about the impact that this program has had on my life.<br /><br />I'm a 29 year old, active female that's been working out since I was 18.  My favorite types of workouts are the kind that either involve a lot of jumping (plyometrics, step, jump rope) or the kind that make you wanna hurl (sprints, spinning, burpees) - or both!  This workout definitely involves both.  I did my first round of Insanity in January of 2010.  Like other reviewers, I agreed that this was the hardest workout video I'd ever done.  After the first warm-up, I hurled and at that point I knew I'd forever love this workout.<br /><br />As of today I've finished 4 cycles of Insanity (not all back-to-back, and the last 2 times were done interspersed with weight-training), and it never gets ""easier"", which is a great thing.  Going from month 1 to month 2, I still experience that sense of fear that you only get before doing a really hard workout.  During the first cycle, I lost 25 lbs (though I had put on 30 lbs when I relocated from Toronto to California - which I'm sure had everything to do with my new ""American"" diet and little to do with exercise, which I still did religiously).  I can't say that the program itself was the source of all my weight loss because when I started the Insanity program I simultaneously went back to my normal eating habits (clean eating, and no junk food), but the physical change I experienced was enough to turn a lot of heads.  So many people noticed the difference in my weight and fitness level that after I finished my first cycle, 7 of my friends bought the Insanity program and became addicts themselves.<br /><br />I really like Shaun T in this series, too.  In hip-hop abs, I felt he was lacking in the masculinity department.  In this series, everyone in the DVD looks like an athlete and you can see that they all work at their own pace - they really push, but also still need to take breaks.  I've gone through a lot of aerobics classes and workout DVDs, and generally, there is always one part in every class/DVD that for whatever reason ""bugs"" me.  I have to say that this series is the least ""annoying"" of any set of DVDs I've done.  There are no parts of any of the workouts that I feel like skipping because they're ineffective or parts where I feel bored because I've already mastered the moves.  I love that the program keeps you building on each move - you can always do something faster, or jump higher or engage your core even more.  When Shaun does have some verbal cueing slip ups, however, you do tend to memorize where exactly they are or when he corrects particular people's form, I find myself saying it along with him (""don't open your legs too wide... Josh.  You never want to overstretch your groin muscles""), but the instances are few and far between.  The asian ""machine"" Tanya used to really annoy me, but since so many of my friends do the DVDs now, it has become a running joke to imitate her facial expressions, and now imitating her has become our form of ""insanity bonding"".<br /><br />This is the one workout that I think I'll always go back to.  And the one workout that I'll always want to do.  I've had to force myself not to do a 5th cycle so as to add some variation to my life (I'm currently alternating Amy Bento's advanced step workouts and Jari's ripped weight training DVDs), but I'll probably go back to Insanity some time in the new year.  I'm looking forward to trying Insanity Asylum, hopefully it can live up to the bar set by Insanity.  My favorite of all favorites by far!! 10 stars!"
B002QZ1RS6,A3RG5VEJ4NZGS3,Agustin Andrade,0/0,5.0,1293667200,2010-12-30 00:00:00,"Insanity,P-90X+","I did one round of P-90 wish I loved, than I started P-90+ wish was more intense and quicker (love it also) and know I've stared Insanity, which I also like alot. I'm doing my own mix of P90X-Plus for the weight's, upper body workouts, and switch to Insanity every other day, I'm getting the best of both worlds. P-90X Plus weight workouts and Insanity (cardio workouts). Highly recommend"
B002QZ1RS6,AYZ8NWFYECQ6A,bamafan,0/0,5.0,1293667200,2010-12-30 00:00:00,worth the money,"Great workouts, especially if you are already in ok shape and are just looking to firm up and get better. In just the first few workouts I felt my metabolism was jump-started. They can be exhausting, but afterward I have so much energy (and quite an appetite) all day long. Not only that, but I already look better in my jeans-- my body is tighter and I feel great.<br /><br />I waited a long time to get it because I didn't want to pay so much, but it was my gift to me and I'm glad I did. You will be too."
B002QZ1RS6,AS145ARN5UYRF,lynbergen,0/0,5.0,1294012800,2011-01-03 00:00:00,Get Fit,This is the best program for getting your body in tip top shape.  Even beginners can use this program and do more and more as you get stronger.  [...]
B002QZ1RS6,A3E755O7FW1OIG,Aaiyah,4/4,5.0,1294099200,2011-01-04 00:00:00,Excellent Work outs for Cardio Lovers,"This is an AWESOME cardio DVD set.  If you love cardio, while building lean muscle and stamina... this is the workout regimen for you.  The results are worth it and the way you feel after a work out is so rewarding.<br /><br />IMPORTANT - Do not be ashamed to take a break... this work out really is insane!  Water breaks are a complete necessity."
B002QZ1RS6,AF2THX9LW845P,"A. Dantin-Williams ""Adantin""",1/1,4.0,1294099200,2011-01-04 00:00:00,A true challenge...,"I've read all the reviews and bought Insanity to try. I've tried this for two weeks now and I have to say it is hard just like they say! I've already done p90x for 1 month and gained 4 pounds (of muscle I'm sure)... but that is not my original goal so I knew I needed more cardio but still with light toning. shaun T works every muscle but espcially your butt and abs A LOT!! -which I love because I feel like I'm doing cardio and toning all in one video! I think this is why most people on here who have knee problems can not do this program. It's fast pace with lots of jumping and quick moves, so if you have knee problems you can modify the moves. Meaning, you can still do the moves and work out but just go slower so you dont injure yourself. I myself have a bad knee but I wear a brace everytime and I'm fine- If I dont wear it: I'm asking for trouble!<br /><br />All n'all it's a great workout- the eating plan that comes with the dvds is great too. I already eat 6 small meals a day- so it had great recipes to follow but not time consuming. If you read the whole thing, you still learn a lot even if you think you already know everything about healthy eating. It basically feels like you have a personal trainer helping you to lose weight- only thing is- you have to push yourself. You have to work out 6 days a week and eat 6 small meals a day plus vitamins and a recovery drink. Its hard but after two weeks it will feel like a habit- anyone can do it!<br /><br />To me- this is harder than p90x and I thought that was hard! I like this because Shaun T motivates you in the videos and there are two parts- month 1 and month 2. Month 1 is just 30 minutes per day but month 2- is so hard because it's an hour long! I've done regular cardio for an hour before- running, p90x, yoga.. etc.. but this kind of cardio... it is going to leave you screaming sometimes if you push yourself hard enough. but in the end... you feel so good!!!! Since I've already been exercising for a long time prior to getting this series I started week 1 doing 30 minute dvds and now i'm doing week 2 but doing the month 2 hours long dvds.. I just dont want to get tired of it too quickly and change things up. I'm sure you can also incorporate hip hop abs one day a week to replace an Insanity workout but its all up to you! As long as you work out hard and eat healthy, of course you will loose weight. Stay Strong!!!"
B002QZ1RS6,ACQXJA6DVOQF1,hend,1/1,5.0,1294099200,2011-01-04 00:00:00,insanity workout,Insanity is a great work out video but I am a beginner.  It is very challenging for me so I have to work at a much slower pace.  If you are up for a challenge this is definetly your video...be ready to sweat and loose inches!
B002QZ1RS6,A2WY0FR0XH5WEP,Reaper 117,5/5,5.0,1294185600,2011-01-05 00:00:00,TRULY intense,"Let me begin by identifying myself as a fit individual. This workout program is INTENSE. I thought I had a rigorous physical training program before starting, but day 1 floored me as does every stage of this program. Just when you start to get accustomed it changes up and wipes the floor with you again. The first month is challenging and very fun. Month 2 is the second phase of the workout and the fun wears off a little because of the huge jump in physical intensity. And yet despite the difficulty, its still addictive. The results are truly fantastic. But be forewarned, this work out is NOT for the person looking to start a workout program. You HAVE to be in very good shape to START the program. And a critical factor for getting the results this program offers is dedication. You have to give every workout everything you have, and follow all the instructions. Insanity is not an easy get fit program by any means. It requires you to destroy your bad habits and old conventions to get a beast of a body. The routines require a good deal of floor space of at least 10ft by 15ft. You can do it in smaller spaces, but that adds a great deal of risk to the workout as you'll jeopardize your form or risk impacting an object, wall, etc. Unlike P90X the only equipment required for this program is a good pair of shoes (you need the support) and non-restrictive, cool clothing. I would not recommend doing this program on a surface that is smooth either as the sweat that pours off you will make the floor very slick and unsafe. SERIOUSLY research this product before starting, because it demands a lot out of you and at its price if you aren't willing to follow through then you will be wasting a large chunk of change."
B002QZ1RS6,ABW05DZXJD3BK,frank,2/2,5.0,1294272000,2011-01-06 00:00:00,HARD!!!!!,"This is a mostly an endurance program. If your looking to shed pounds fast or get your endurance up to the max, this is a program for is you.<br />The only downfall is that its extremely hard. But I guess that's why it works so good.<br />If you stick with this program you'll see incredible results when you finish the program.Ive never felt better."
B002QZ1RS6,A2CCYRUTY9J6NW,KJeanS,1/1,5.0,1294272000,2011-01-06 00:00:00,Great workout for athletes that want a challenge,"I am a fitness instructor that teaches spinning, boot-camp, and weight training so I needed an at-home workout that would challenge me. I don't have equipment and don't have alot of time due to work and kids so I needed alot of bang for my buck but would still kick my butt. This is perfect for those that want a challenge and want to sweat in the comfort of their own home. I just pop in a DVD on days I need to hit it hard and get it done/ I really don't do the 60 day challenge because I don't work out that way due to teaching 4 classes a week. Teaching a 60 minute spin class and doing one of these would put my body over the edge if I did it alot so I do about 2 a week on my off days and take them with me when I go out of town."
B002QZ1RS6,A1UL74OE5A2ZYI,"J. Higgs ""bahama shopper""",1/1,5.0,1294358400,2011-01-07 00:00:00,Love Insanity,"I absolutely love Insanity. I am in my mid 20's and had just gotten lazy with exercise...I live in the Bahamas so the beach is a constant and I wanted to get myself back into shape. Insanity defnitely got me in shape and got me pumped to keep working out and exercising. I got about 3 wks in and got busy with work etc and had to start over, but by then I was motivated and finished the 60 days. I had some problems with knee pain as some others have said, but I started taking Glucosamine and it helps! Insanity definitely gets you pumped up and excited...the only time I got bored was in the warm-ups(they just felt repetitive to me), but I looked forward to doing it every day no matter how tired I was. Once I finished the 60 days I tried a couple other things for a week and was bored to death. I then did Brazil Butt Lift(also by BeachBody) and loved that. Now I try and mix it up still doing Insanity some days. I highly recommend it!"
B002QZ1RS6,A1KK487UB1G8JV,dickmeat,4/4,5.0,1294444800,2011-01-08 00:00:00,Insanity,I would strongly recommend these videos to anyone who is serious about getting into shape.  After about 2 weeks I could definitely tell a difference and felt a lot better. There are enough different videos that they dont get old and boring. If my lazy butt can do it so can you.
B002QZ1RS6,A2FQPWN0N974OC,Ksmooth,2/2,5.0,1294617600,2011-01-10 00:00:00,Insanity is great,"Insanity is great.  A real solid agility workout without any hassel of weights, pull up bars or stretch ropes..."
B002QZ1RS6,ASMM7X6PRLQSA,CW4444,19/19,5.0,1294704000,2011-01-11 00:00:00,Absolutely brilliant!,"You need to know that you will get exactly what you give out of this. And it never gets easier. I know a lot of people have said that this is not for beginners but I'm going to be controversial and say why not? You don't have to keep up with the folks on the screen. You start at your own pace, plus a little extra so you are pushing yourself at your maximum level of effort. YOUR maximum level. If you put everything you got into every workout interval, you will see results. And every time you do the Fit Test, you will have black on white proof. It's about progression. I will even go so far as to say that you probably will get into shape quicker with this than anything else, provided you put in the effort and you clean up your diet. The best part is you can do this forever and it'll still wipe you out, because the fitter you get the faster and harder you go at it :) Great program!"
B002QZ1RS6,A10KKY06DV8FJI,Jessica,1/2,5.0,1294790400,2011-01-12 00:00:00,Shipping time and condition of the package was excellent!,"I purchased this product for my husband for Christmas $50 bucks cheaper than on the insanity website.  I thought I was purchasing a used product but the videos came in their original packaging.  I was also very pleased with the timliness of the shipping.  I was s little nervouse that the videos wouldn't get here before Christmas and was tempted to purchase the expedited shipping but I decided not to and was glad.<br />Now my husband needs to start using the videos!  We have P90x and are very pleased, I'm sure insanity will be just as good or better.  Excellent way to stay in shape or condition for something."
B002QZ1RS6,AUQSX3AKCJA11,Nicholas D. Klemetson,20/21,4.0,1294963200,2011-01-14 00:00:00,60 Days of Insanity DONE!,"As a P90X graduate, I was looking forward to burning off a little more goo from around my midsection, so I decided that Insanity was the way to go.  In some ways, I was right.  In others, I was wrong.<br /><br />Insanity is a program created around the idea of ""Max Interval Training.""  For those who don't know, in a typical interval you would do a move for one minute total; it would be done slowly for 30-45 seconds, and quickly for the final amount of time, allowing plenty of rest in between the fast segments.  This allows your heart rate to go up and down, gives your body a chance to recover, etc...  In Insanity, this formula is turned upside down.  You go fast and hard for extended periods of time with short rests in between.  A typical workout consists of three sets of four moves, each done three times, plus a warm up/cool down section.<br /><br />It is important to note that the demands this type of workout puts on your body is extremely high.  You'll be jumping, planting, pushing, squatting, flailing, and struggling throughout the entire workout, but as Shaun T repeatedly says, take breaks when you need them.  If your form starts to go south, back off and get it back together.  Make absolutely sure that you have a high quality pair of shoes (I use New Balance cross trainers), and a solid surface to do your workouts on (I work on a cement floor covered with a half inch of foam rubber with carpet on top).  This workout is EXTREMELY HIGH IMPACT.  Those with potential knee/shin/hip problems need to look elsewhere.<br /><br />This really can't be compared with P90X at all.  One is based mainly on weight training... the other on cardio/bodyweight exercises.  Interestingly enough, I lost 25 pounds during the course of P90X.  Throughout my sixty days of Insanity, I didn't lose one pound.  Other people say they've lost a lot of weight doing this program.  I didn't.  I followed the diet plan, never missed a workout, and worked myself to exhaustion every day, and I didn't lose one pound.  I'm not complaining, because my body looks much better... it's tighter, I've turned quite a bit of fat into lean muscle, and I'm quite a bit more flexible.  So I did accomplish my goal of getting rid of some goo.  It just didn't show itself on the scale.  That was my experience... I'm not saying this program isn't for weight loss, I'm saying that it didn't cause me to lose weight.  Take that with a grain of salt.<br /><br />*****IMPORTANT EDIT*********<br /><br />I just realized the main reason why I may have not lost any weight doing this plan.  When I was following the diet tips, I unknowingly was consuming enough calories in order to ""Maintain My Current Weight.""  According to the plan, I should have been subtracting 500 calories per day from my meals.  So, if you're doing Insanity and not losing weight, make sure you are taking in the correct amount of calories.<br />********END EDIT***********<br /><br />This program has a very strict divide between month one and month two.  Month one merely prepares you for the rigors that month 2 brings.  Each month has a workout that corresponds with one from the other month... sort of like a simple/advanced relationship (despite the fact that simple isn't simple).  They break down as such...<br /><br />Cardio Intervals<br />Month 1: Plyometric Cardio Circuit<br />Month 2: Max Interval Circuit<br /><br />Both of these workouts involve a wide variety of jumping and endurance moves.  Month two adds 15 seconds to each move (so the intervals are three minutes long instead of two) and a longer, tougher warm up.<br /><br />Plyometric Strength Intervals<br />Month 1: Cardio Power and Resistance<br />Month 2: Max Interval Plyo<br /><br />Get ready for some push ups!  These two will really have your shoulders and arms on fire, not to mention your legs and back.  These are probably the best full body workouts.<br /><br />Cardio and Endurance<br />Month 1: Pure Cardio<br />Month 2: Max Cardio Conditioning<br /><br />Pure Cardio was a slap in the face to me.  It was 20 minutes of constant exercises... no rests.  Max Cardio Conditioning expanded on this.  It was about 15 minutes longer, still no rests, but there are recovery moves thrown in.<br /><br />Recovery Workouts<br />Month 1: Cardio Recovery<br />Month 2: Max Recovery<br /><br />Wait, these are recovery workouts?  These are tough!  Particularly Max Recovery... it will really stretch out and strengthen your core and shoulders.  Despite their difficulty, they do give your heart a much needed rest.<br /><br />Abdominal Workouts<br />Month 1: Cardio Abs<br />Month 2: Insane Abs (only included in ""Deluxe"" version)<br /><br />Cardio Abs is probably the easiest workout in the whole bunch (and also the shortest).  Insane Abs is about 2x as long, and it is by far, the best, most enjoyable ab workout I've ever done.  It blows P90X's Ab Ripper X out of the water in every way possible.  If you can get a hold of Insane Abs, I would highly recommend it.<br /><br />The two other workouts I haven't mentioned are Core Cardio and Balance (a pseudo-recovery workout that blends everything together *the last 5 minutes are brutal!!*) and Max Interval Sports Training... a ""Deluxe"" package workout that incorporates moves with various sports in mind.<br /><br />Just a quick word about the two ""Deluxe"" workouts... I borrowed them from a friend of mine, and they ended up being my two favorite workouts.  Get a hold of them if you can.  There is a third deluxe workout called Upper Body Weight Training, but I never tried it.<br /><br />In conclusion, this workout has a 30 day money back guarantee for a reason.  If you can't make it through the first 30 days, there's no way you'll make it through the second 30.  But if you're in good shape and are looking for something to really push the envelope, you've really got nothing to lose other than some inches (and possibly some muscle mass unless you incorporate weight training).<br /><br />As for me, I'm not sure if I'll do another complete Insanity cycle.  It seems like something you do once and then move on to something else.  It would seem odd to me to start back with month 1 after the month 2 workouts are so unbelievably taxing.  I think I'm going back to P90X and P90X+ in order to put back some of the upper body muscle mass that Insanity took off.<br /><br />Have fun, and don't give up!"
B002QZ1RS6,A24RWRV0TB27FJ,Marlon A. Soppart,11/12,5.0,1294963200,2011-01-14 00:00:00,BUNNNSSS!!! and abs...i guess,"I have been doing this exercise for a week now and...MY BUNS!!! THEY BURRRNNN!! WALKING UPSTAIRS HURRTTSSS!! AAAAHHHHHGGGHHHH. TOO MANY SQUATS!!! But in all seriousness, I feel as though I have accomplished something - a week's worth of something. Quite the burn of satisfaction if I do say so myself. My confidence has boosted significantly!!! I feel as though there is a part of SHAUN T HIMSELF in me now. I look forward to doing this for ONE HUNDRED AND TWENTY DAYS!!!! ARRRRRRRRRR<br /><br />it's a good buy if you want a 23 pack."
B002QZ1RS6,A3J5FXO6NKJBHA,Robyn Mcpherson,9/10,5.0,1295222400,2011-01-17 00:00:00,I love it...but you better be ready!,"I bought Insanity because I needed a new challenge.  I have been doing videos from ""The Firm"", Tae Bo, and other really popular videos for years, and started to get a little bored with the routine.  I had seen an infomercial for Insanity once at night, and I thought, ""It CAN'T be that hard.""  Never one to back down from a fitness challenge, I decided to go for it.  As a former collegiate athlete, I figured I would be able to do at least at much as those in the workout...WRONG!  From the fit test, I knew I was in for a workout circuit like I've never seen before.  The first time I did the Fit Test, I was nearly embarrassed that I could get as many reps as I thought I could with the exercises!  But that was just the beginning.  From the first workout, I started thinking, ""What the f*$& have I gotten myself into?!?!?""  But that was just fear and doubt playing tricks on me, and I made a decision right then and there that I wasn't gonna quit this program, I don't care how many breaks I have to take.  Other reviewers are absolutely correct...the participants in the video are taking breaks just like you, so don't feel bad!  I just did my 2nd fit test to kick off week 3, and I did substantially better this go-round than I did the first time I did it.  My weight loss hasn't been lightning fast...just the recommended amount (i.e. 2-3 pounds a week), but have already lost a few inches around my body.  But to do this workout, you MUST, YOU MUST eat and drink AT LEAST 8 glasses of water daily...other than that, you won't have the energy to even think about Insanity.<br /><br />Now for the disclaimers...if you have anything wrong with any joint of your arms, shoulders, or any part of your lower half, this IS NOT the workout for you, because it will probably most definitely aggrevate whatever condition it is.  Also, do what YOU can do, because probably 9 times out of 10, you won't be able to keep up with those in the video.  Push as hard as you can, but know your own limits.  Don't get down on yourself at first, because if you stick with it, you will see a change in your fitness...there's no getting worse with this workout.<br /><br />Lastly, make sure you get some kind of recovery formula.  I didn't get the one that is advertised within the Insanity DVDs (it's just a little too expensive for me), but I did go to GNC and get an amino acid recovery formula to use both during and after my workouts, and it has nearly eliminated the soreness so that I can move around the next day and it has helped with my stamina during the workouts.<br /><br />Take a chance and go for it!  Get INSANE!!!<br /><br />!!!!!UPDATE!!!!!<br /><br />I finished my 60-day program, and my results were INSANE!  I lost almost 20 INCHES from my entire body and about 13 pounds!  So I'm living proof that this works if you work it!  Go for it and GET INSANE!!"
B002QZ1RS6,A2UJ9RB26244Y1,A Soto,61/63,5.0,1295308800,2011-01-18 00:00:00,Insanity Works!!!,"This is my first product review, and I just have to say that of the many many workout products I've tried, this is the ONLY one that has gotten me results. I'm a mom of two, a 3 1/2 year old and a 1 year old, and have always struggled with my weight. Diets never worked, and after my daughter was born my husband and I got a gym membership where I lost about 10 pounds and then never lost any more. My husband saw this infomercial and said he wanted to try it, and even though I was skeptical I agreed. We're now in the middle of our second round and I love it!!! After my son was born I weighed 189lbs (I'm 5'9"" and 26 years old), and after our first round of Insanity I got down to 157. The first thing I noticed was the muscle tone in my arms. No more bat wings!! You will do a lot of push ups and shoulder work, and it definitely pays of. I'm no longer embarrassed to wear tank tops! Also I saw more definition in my legs and abs even in the first couple of weeks. I didn't follow the eating guide closely at all, and now I'm actually eating more than I used to because my metabolism is up, though I am trying to make healthier choices. Now in our second round I'm down to 152 and the results are even better!!(I'm wearing a mini skirt for the first time in my life!) We even cancelled our gym membership and never looked backed. In fact, after seeing my results, all of my friends have started doing it and are also getting amazing results! Bottom line: If you actually put in the effort, this program works. Shaun T. is a good motivator, you feel like you're getting a good workout, and the results are awesome. I went from a size 10-12 to a size 3-4, something I never thought possible. Definitely try it!!"
B002QZ1RS6,A21KAUC5R02XDJ,Daniel K,29/31,4.0,1295395200,2011-01-19 00:00:00,Works..but recommend P90x more.,"Don't get me wrong this program works, but you have to be in VERY good shape to properly use this program. I'm 25, played college football and have been doing P90x for over a year. I had to live overseas for 6 weeks for business so I couldn't exercise and stay in proper shape, so when I returned back I thought I decided to give Insanity a shot. It is like the football condition and stamina programs I used to do, but there are many limitations and problems that I came across such as:<br /><br />Cons<br />1. Too much jumping. Expect to have to jump a lot, if you have problems with your knees and joints proceed with caution.<br />2. Not a lot of variety. Same stretches every day limits the flexibility and injury prevention to other muscles. Works your legs and core A LOT...not many exercise that work the arms, shoulders and back...<br />3. More of a toner than a muscle builder. You don't use any weights so if you wish to put some muscle on your frame go lift at the gym or do P90x instead<br /><br />Pros:<br />1. Works. If you follow the program and follow the diet plan as much as possible you will see results. I'm 6'0"" and  I started Insanity at 194 lbs - 17% body fat....after 52 days I'm at 185 lbs and less than 10% body fat..<br /><br />Basically if you are already in very good shape this is a good program to mix up your normal workout routine. You don't need any weights or resistance bands and it only requires 8x8 foot floor space...so it is more convenient than other at home programs.<br /><br />Overall, I would recommend p90x over this program. Compared to p90x you lose about the same weight/body fat but you don't build muscle. Insanity basically strengthens your core, lose weight and tone your body. The Insanity exercises can be too repetitive and cumbersome. I'm almost done with the 60 day commitment and I'm going to go back to p90x...its just a superior program all around and I didn't get bored like I have with Insanity..Hope this helps."
B002QZ1RS6,A174FEP0DBI92I,CoachGina,0/2,5.0,1295654400,2011-01-22 00:00:00,Insane Results,"I have done many workout programs over the years. Insanity is one of the best I have ever done. All of the Beachbody products I have purchased are top-notch. I have never been disappointed. Shaun T has a personal way, he comes through as if he is right there in the room with you. And it doesn't hurt seeing him getting just as sweaty as everyone else! After 4 weeks of diligently following the Insanity program, I have lost 15 pounds and several inches. I am excited for the end of the program but I will not be stopping there. You can find me at the Beachbody WOWY site if you need a ""buddy"" to workout with in the WOWY Supergym, which you will find out about on the Insanity DVDs. My profile is: [...]Come join me and thousands of others for a chance to win cash and other prizes just for logging in your workout..."
B002QZ1RS6,A1IEEYO1BNJAXM,Mark L. Whitehead,17/17,5.0,1295740800,2011-01-23 00:00:00,Older guy's outlook,"I am a 62 year old man.  I started 9 months ago when I bought P90X and couldn't pass the fit test.  I dropped back to Power 90 and began.  I decided to make a complete change of lifestyle.  That is what it takes to do these workouts.  I completed Power 90, then did P90X, and finally I am in week 8 of Insanity.  I have taken it slowly and lost 28 lbs in the process.  My resting heart rate has dropped from the mid sixties to the mid fifties.  Yes, Insanity works very well but don't expect to be able to do it starting from nothing.  It is a very extreme workout.  It is intense on the core muscles and builds strong legs.  It's push ups are arduous and are very hard on my shoulders.  Shaun T has a kind of boyish charm that pulls you along through the workouts.  It is wonderful to see the ringers he has to demonstrate drop out in the middle of the workouts.  It is highly motivating.<br /><br />One of the things I really like about the beachbody.com workouts is that they don't pretend that any of this is easy.  If you are looking for a 10 minute a day miracle look elsewhere.  Doing these workouts is a huge commitment.  If you put in the effort the results are fantastic.  This workout is the real thing.  If you want easy don't do this, it will be just another failure experience.  So change your life and step up.  Or as Tony Horton (P90X) says, ""Bring It!"""
B002QZ1RS6,A2ITE4BV9XNNT,Pattymae,11/11,5.0,1295740800,2011-01-23 00:00:00,Tough but worth it,I went into Insanity very out of shape and the first day was tough! As a matter of fact the first day is just a fit test and it discouraged me so much that I turned it off in the first five minutes. After reminding myself why I was doing Insanity i tried it again and now I'm on my fourth week!.... Though your body can handle the workouts better after doing them for a while it never gets easy. But what keeps me going is that you can see results immediately.
B002QZ1RS6,AHU7FZM7LEB1X,Lime-g,2/8,5.0,1296000000,2011-01-26 00:00:00,my gf scwols at me everyday,we work out everyday have been at it for almost two weeks lost a little wieght with combined diet and workout some exersises she cant do some it took a week for us to get into the rythem and be able to do them correctly says keep your core tight alot had to google to figure out what that meant
B002QZ1RS6,A3SZL3CYE35UQL,Darc1635,7/7,5.0,1296086400,2011-01-27 00:00:00,Best cardio you'll ever get...SEROIUSLY!,"I started this program about six months ago thinking I was in good shape because I had been working out at the gym for 9 months. Insanity showed me I was wrong reallll quick. I could barely get through the fit test, the first time I started this workout. Needless to say, I got my butt handed to me during month 2. I started doing a rotation of month one to get my cardio up. I started the full 60 day routine almost two weeks ago now, and I'm loving every minute of it. I flew through the fit test this go around. This is seriously one of the best workouts you will ever get. I love hearing people ask me if I've been losing weight. It is the best feeling ever. I had knee problems prior to starting this program, and my knee rarely bothers me now. You just have to follow Shaun T's cues to protect your joints. I never thought I would swear by a workout video, but I now swear by this program. Your cardio will be up, and your body will change. Just stick with the program and invest in a good protein supplement to keep your muscles going. The pylo workouts are amazing and even in the recovery workout, your muscles are still on fire. So if you are serious about losing weight and putting your heart into working out, this is your program."
B002QZ1RS6,A35S0X8KAU7ECS,M. Gonzales,1/1,4.0,1296172800,2011-01-28 00:00:00,More of a question for those who are using this...,"I actually teach group fitness classes here and run marathons. This brutal winter of 2011 has made it dreadful to run outside and I hate treadmills. However, I am looking for something that gets my heart rate up, takes off that extra ten pounds and is just fun to do. I looked at Turbofire and it looks like the high-energy classes I used to love taking at the Firm in Minneapolis. My only question is, for those who've tried these programs, how well do the workouts go if you have an apartment or small space that's carpet? One thing I learned right away from trying kickboxing at home is, any lateral movement, and twisting, lunging and jabbing is much, much different in a hardwood floored aerobics studio than a carpeted studio apartment! Is this basically a kickboxing routine, or more of a 'sports specific' training (jumprope, jumping jacks, etc)? I would like to try this program just to lift me out of the winter blahs, but would like to hear what you guys think first. Thanks!"
B002QZ1RS6,A180R7TV72ULIN,Lady Taylor,0/5,5.0,1296345600,2011-01-30 00:00:00,Insanity,My weight loss speak for itself. I wanted to purchase this product but I could not afford the high price. When I found this great deal online I could not pass up the offer. The provider offered great services and Insanity was delivered in a timely manner. I have used this product daily. I plan to order from this provider in the future. Thanks for your great service:)
B002QZ1RS6,A1Z6PB9Y494UY0,Eli,2/3,4.0,1296518400,2011-02-01 00:00:00,Takes more than the videos.,"I bought this for my wife as a Christmas present. I could never get her to go to the gym with me and this seemed like a good alternative. The video and workouts are great from what I watched. But she lost motivation and stopped doing the workout after two weeks.<br /><br />So if you think that you can keep your motivation and dedication to the workout at a high level and workout at home or wherever you decide to use the videos then this would definitely be a great workout for you especially if you are not familiar with building a fitness routine for yourself. Do not be disheartened if you cannot do as much as the people in the videos (they even stop and take breaks). Worth the money in my opinion, if you can stick to the workout."
B002QZ1RS6,A2AFRSRXE0EIJM,clarkKent,1/8,4.0,1296864000,2011-02-05 00:00:00,"Good product, just had no time for it","Used the product twice and from what I did, I had a good workout. The only reason I didnt keep using it is because I dont have the time to do cardio at home when Im already in the gym five times a week."
B002QZ1RS6,A3OYUHARBDK9E4,krisann,0/0,5.0,1297036800,2011-02-07 00:00:00,great workout!,time flies when you are doing the dvds! something different everyday! you will be tired as sore the first week!
B002QZ1RS6,A32DAIXG32QOCP,"Machine Gun ""MnVols""",4/4,5.0,1297123200,2011-02-08 00:00:00,Toughest Cardio Workout I've Ever Done.,"I've completed 3 rounds of P90X, 1 round of P90X+, 2 rounds of Billy Banks TB boot camp, and Insanity is the hardest cardio workout I've ever done. I normally do it only once a years, to prepare my legs for the MTA tennis season. I'll turn 43 this year, and I can keep up with most folks 10 to 15 years younger than me.  I credit part of that to Insanity, because it really works the legs.  It's a total body workout program, but it has more cardio than anything.  To gain strength and power, you need to do P90X or lift on your own.  You can only get so strong doing pushups and floor dips.  Yet as for pure cardio, you can't beat this program.  As a benchmark; if you struggle with Plyometrics in P90X, this program with totally smoke you.  It's a great program and worth checking out for all of us home fitness folks.  The 60 days flies by, and you will definitely take your fitness to the next level with Insanity."
B002QZ1RS6,A1FE1XM7WMEKCF,Knowlli,2/2,4.0,1297123200,2011-02-08 00:00:00,"Good for your heart, bad for your knees.","My sister had the Insanity DVD's and I absolutely loved borrowing them from her.  I decided to get my own set and start the 60 day program.  The workouts are great and work almost all of your muscle groups while keeping you moving constantly.  Despite my love for this program, I did have to stop after 2 weeks due to the severe straining of my knees.  I ignored the warnings from other users about knee injuries... DO NOT USE if you have any knee issues.  I'm only 22, but have had an ACL tear and knee surgery 5 years ago.  All of the jumping and quick movements started to really damage my knee over just a few days.  I only use it sparingly now, but cannot keep up with the grueling 60 day program due to my knee issues.  Also do not use if you have back problems. The company is serious about this too and posts a very clear warning at the beginning of each video.  I absolutely love the workout, but I'm not willing to put my health on the line any further."
B002QZ1RS6,A3QLDVYUUDB0AS,SarcasmKing,4/4,5.0,1297296000,2011-02-10 00:00:00,AWESOME!!!,I just completed Insanity and it is amazing. I originally got it because I wanted to lose my lower stomach fat that i've never been able to get rid of since i've never really done a workout in my life. I lost all that stomach fat and gained lots of lean muscule. Now my cardio is through the roof and I look great.  I look like your typical runner thats been doing it all their life but i've only ever done is this workout. My favorite part is now I have great abs.
B002QZ1RS6,AZQNXQK8M07XN,"Covergirl ""Covergirl""",2/5,5.0,1297382400,2011-02-11 00:00:00,Absolutely INSANE,You must be ready for Insanity.  It is a very high intensity workout.  Which is wonderful but I am not ready for it yet. :)  I have P90X also and there is no comparison.  At this time P90X is a better fit for me but it will build my endurance to accomplish INSANITY.  If you are an athlete or very discipline in your work out INSANITY will work for you.  I am 46 years old training to stay healthy and fit.  P90X is a great start for me.  Hope this helps.
B002QZ1RS6,A1RQ9Y8SD8WS84,Jen67,4/4,5.0,1297814400,2011-02-16 00:00:00,Awesome!,I am in week 2 of my Insanity work out and I love it! It is the most challenging cardio workout I've ever done and I feel like I could do this work out for the rest of my life and it would still be just as challenging as the first time! I love this workout because it REALLY works you during it but you don't feel drained after. I have more energy now than I did at 20! This is the best workout ever!
B002QZ1RS6,A2FQ2K92RV3MM3,"Christopher Parker ""Always in training.""",12/12,5.0,1297814400,2011-02-16 00:00:00,The Iron Man of fitness videos,"There's 300 reviews on these excercise videos so I'll cut straight to the chase with my observations:<br /><br />1.) Don't get this if you have joint problems or if you're seriously obese. Ditto if you have heart problems of any kind or if you're diabetic. I'm no doctor or trainer, but this will push your body to the limit so apply common sense. This program 100% lives up to its namesake, its not just a marketing ploy.<br /><br />2.) If you're not in shape or are simply quite a bit overweight, expect the adjustment curve to severe. I mean like crashing mid-way through a workout the first one or two times, and having to sit down. I've also taken a half hour nap directly after finishing a routine more than once I was so wiped. There is no build up for newbies, and this was a bit of a shock for me as I was 50 pounds overweight. I did 500 calorie a workout cardio(eliptical and treadmill) 4 times a week for two weeks leading up to this and I was still leveled in the first video.<br /><br />3.) If you're new or even just not a fitness junkie, buy yourself a basic heart rate monitor and figure out how to pace yourself or you'll experience crashes per number 2 above. The Polar RS100 is perfect for that. Nothing is more disappointing than having to stop half way through because you over did it early on.<br /><br />4.) You hear this all the time, but this workout regimen makes it absolutely critical. Drink lots of fluids every day, put some simple sugars and electrolytes in your body before(to not crash) and after(to recover) workouts, and always do the stretching to the best of your ability during the video.<br /><br />5.) If you lose form, stop, take a breather, and start over. Losing form puts you at serious risk of straining a muscle which you may or may not notice at the time because you're so exhausted and you're endorphins are pumping. If a muscle or joint seriously hurts(not just tired or sore), stop immediately and stop doing the videos till it gets better.<br /><br />6.) This workout will get you lean throughout and build your endurance and lower body power, but it won't build your upper body.<br /><br />7.) I have to say is it's killer hard to keep at it. I have stopped and restarted many times. I find getting through week one in its entirety is the roughest and it gradually gets better from there, although never any easier. Talk about sore.<br /><br />8.) Month 2 is ridiculous. We're talking doubling the workout length and intensity. One month simply isn't enough for most people to prepare for that kind of abuse. I'm not sure if I'll ever be motivated enough to take it on to be honest. Month 1 is still kicking my butt.<br /><br />Hope this helps set everyone expectations. These videos certainly aren't cheap, but they are unique. Shaun T is good about pointing out good(and bad) form and reminding everyone to break as needed, and the workouts are a great challenge for people that thrive on that.<br /><br />As far as results, the jury is still out for me but its definitely working fast. I will update this review after another month."
B002QZ1RS6,A3LJA2HTWJMBU8,BShore,3/3,5.0,1297900800,2011-02-17 00:00:00,worth it,Great workout - I just needed someone to do it with - a bit intimidating doing it alone.  But once you're into it - just one week - and you're hooked - and happy for it.
B002QZ1RS6,A2NE926ART1N9V,smarterthanshelooks,2/8,3.0,1298160000,2011-02-20 00:00:00,One or two of the discs is intense enough for me,"I usually find exercise videos to be too easy, but have three kids and am really busy so was looking for something I could do at home when I saw this infommercial. My husband bought it for me for Christmas. Of all the discs it comes with, I found only one disc,the Pure Cardio and Cardio Abs, that I use regularly because I thought the others were a little too slow or easy. An Insaner Insanity would be a good next DVD. It is good for someone like me who is fit, exercises regularly, is not overweight, and needs an intense workout. Let me add that this DVD provides a lot of diversity of motion, side to side motions, that are good for someone who might have repetitive motion injuries, such as myself who can no longer run 40 minutes a day 7 days a week due to a hip injury and a bad back. I love it."
B002QZ1RS6,A2IEGPGNA2ULSQ,"Alice Marks ""Writermom""",1/2,4.0,1298332800,2011-02-22 00:00:00,LOVE this workout but watch your achilles tendon!,"Overall, I am very happy with the intensity of this workout.  I started with P90X, which I also like a lot, but found that it didn't have enough cardio to effect weight loss.  I was getting stronger, but my clothes were also getting a bit tighter.<br /><br />So I switched to Insanity, and within a week I noticed a difference in how my clothes were fitting.  I did feel that the total amount of cardio time in the first phase was a little short, so I added on about 15 minutes of treadmill walking after the workout to stretch out my muscles and cool down a bit more.<br /><br />When I first started the program, I was a little surprised that there was a super intense wind-sucking warm-up with jumping before there was any stretching.  After ten minutes of madness, then you stop cold and stretch.<br /><br />A few days ago, I noticed that I was expereincing discomfort in my achilles tendon.  I tried to stretch it, and work through it, but it just got worse after every workout.  When I couldn't walk without limping (after 3 days) I finally went to see a doctor, who diagnosed tendonitis.  She said it probably happened from doing plyometric work on a cold tendon.<br /><br />So now I have to take several days off and hope it resolves.<br /><br />That being said, I cannot wait to resume the workout BUT I will make sure that I do a light warm up myself first, and then thoroughly stretch myself out before starting the warm up.  I think with this precaution I can safely continue the workouts.<br /><br />I highly recommend this system for expereinced exercisers, but PLEASE take the time to do a little pre warm-up so you don't find yourself benched due to achilles tendon pain."
B002QZ1RS6,A212NK8A5IW9H8,Melissa Bush,5/5,4.0,1298419200,2011-02-23 00:00:00,It's Insane,If you are willing to work hard and sweat you will see results.  I lost 10 pounds in 3 weeks just got into the second set of workouts and it steps you up to a brand new level.  The fit tests will keep you motivated doubled most of my scores from the first to the second tests.  Shows how quickly you can change and evolve your fitness to the next level.  I did give it 4 stars just because it is extremely challenging and would love a next step after the 60 days.  Such as a calendar to mix up all of the workouts after the 60 days to keep you going.  Or an opportunity to get additional videos once a month to mix into a routine.  Totally worth it but you have to be willing to do the work.
B002QZ1RS6,A1R59B8OLV1Z0Y,L11,3/4,5.0,1298505600,2011-02-24 00:00:00,That is something u need to get!,"I got this workout not long ago and I gotta say its the toughest workout I've ever seen. But guess what - I am seeing results and I am already in my first week! It takes a lot of commitment and hard work but if you want to change your body and lifestyle, i think its absolutely possible with these dvds. I started blogging about my journey with insanity so you can check that out [...]"
B002QZ1RS6,A1RUOAMNPDEN5L,cbcuse,2/3,5.0,1298505600,2011-02-24 00:00:00,Insanity!,What a great workout. I almost didn't get it because I thought the name was gimmicky / cheesy but Insanity is the perfect name for this workout. If you really want to get in great shape this is the way.
B002QZ1RS6,AD4IBYKCUZC34,Chad,5/33,1.0,1298764800,2011-02-27 00:00:00,Disappointed in quality of DVD's,2 videos came damaged and would not play.  The rest of them are fine and I actually like the workout.
B002QZ1RS6,A17M1HL6U2GS7M,Storylover,0/0,5.0,1298851200,2011-02-28 00:00:00,"Rrrrrripppp....yes, that was the sound of my abs flexing","This is a nuts set of workout DVD's.  I am overweight and just shy of 40, but I have dreams of getting back into my pre-marriage body.  I decided to seize the day and go for it, and I am not sorry.  My muscles are currently screaming, every bit of me hurts.  Every day, I both love and dread pushing play on this dvd, because I know what will happen when I do.  I will spend 45 minutes gasping, lurching around, heart pounding, sweat running off me like a monsoon, desparately trying to keep up with a workout designed by fitness demigods.  Afterwards, when I can catch my breath and pull myself up of the ground, I feel so good it is not even funny.  Yesterday when I finished my workout and was talking to my wife, I said ""You know what I feel like? I feel like I'm on vacation!"".  You know, that feeling you get on day 1 of vacation when you have the whole thing stretching before you, when there is a cool drink in your hands and not a care in the world?  That's how I feel when my blood is pumping, when my body is sore and I am so proud of myself.<br /><br />I can't even begin to keep up with this video, but that is ok.  I keep my heart rate up, I have a great time, and I try to get a little better every day.  I'm not done with the program yet, I hope I have the stamina to keep it up, but for now, this is fantastic.<br /><br />The DVD's themselves are good, the music is fine, the instructor is incredible and never demeaning.  I feel like he is speaking directly to me and he is very encouraging.  I am also encouraged when the folks exercising with him can't keep up, because I know that if these very in shape people can't do it, then I am in good company.  The rest of the package is fine.  I'm on weight watchers, so I'm not using their eating plan.  I'm not changing diets midstream.  Anyway, the workout calendar is nice, I keep it up to date and it is a good motivational tool for me.  The DVD case is compact and sturdy.  It's a little pricey, but I think that it is worth it so far.  It is giving me back my self respect.<br /><br />----**UPDATE**<br />I've done the program now for 21 days.  I have gone down 2 pant sizes, lost 11 pounds, am losing my love handles, have had to take my belt in 2 notches (almost 3!) and am getting my neck back!  The workouts are very active.  They are very intense, and the more I do them, the more intense they can get.  When I first started, I could not do the exercises with anything approaching good form.  3 weeks on, my form has improved, but now the workouts are tougher because I'm pushing myself harder to complete them.  Shaun T. is inspirational,and I have a love hate relationship with him on the DVDs!  I yell at the screen as I exercise.  Get yourself a good pair of shoes, it made a huge difference to me, and make sure you do all the warm ups.  If you are chunky like me when you start, don't be discouraged, just keep at it, do your best, and so far the results have made me a believer.  It has been a very hard 3 weeks, but I love the way I feel, I'm happy to be in clothes I thought I would never wear again, and my wife and co-workers all notice the difference.  This set has made a big difference in my attitude towards exercise, and I think I'm going to do P90x when Insanity is done!<br /><br />--**Update**<br />Day 31 of insanity here, down 14.1 pounds, ran 5k yesterday, pushing harder.  The workouts don't get easier, but there is a huge sense of accomplishment every day as I fill in the workout calendar. Someone told me today that I look thinner, and I was very excited.  I'm still thick, don't get me wrong, but I'm getting there.  Insanity has made me excited to get physical.<br /><br />--**Update**<br />5 weeks of insanity done, 17 pounds down, preparing for a 4.5 mile run this weekend, really nervous about starting week 6--it supposedly gets even insaner (?).  My wife has joined me for some of the workouts and my kids are now doing it with me (as much as they are able, and they have a great time!)--the whole family has gotten into it.  Can't say enough about how good I feel--it is a crime to feel this good, I swear.<br /><br />--**Update**<br />I must admit that I look forward to these little updates, as I use them for encouragement.  Anyway, day 45 of insanity is today.  From a discipline standpoint, this is a daily decision--these workouts are hard.  I feel great, but every day, I look in the mirror and think a)this is great and b)long way to go.  On the up side, my belt is too big, have to use it on its tightest setting.  I'm down 18.5 pounds since I began.  I can see my neck--and it is not just a solid column of blubber.  I have abs popping out (!) (although they are still buried under some belly fat--let's face it, I started this waaaay overweight).  My wife has now joined the culture of fitness in our family, and is working out regularly.  The second month of insanity, which starts 6 weeks in, is significantly more insane than the first month (which I didn't think was humanly possible).  Shaun T goes completely nuts, and the workouts are tougher, more intense, longer, and still lots of fun.  I could never have dreamed 45 days ago of keeping up this level of activity.  Back on day 1, the first warm up blew me away and I wanted to lay down and cry.  Now, the warm up still kicks my rear end, but I know it is because I am trying HARDER working STRONGER doing Better.  My flexibility is so much increased!  I walk around and I feel stronger in everything that I do.  Listen folks, this is a great program.  If you have the determination, it will change you, mentally, physically, cardiovascularly.  It is so hard, but soooooo good.<br /><br />--**Update**<br />Today is day 59 of Insanity.  Wow.  I can't believe I have almost made it through the first round.  I weighed myself today, and I am down 21.8 pounds.  My old pants are falling off me--literally.  I put them on yesterday just to walk around the house because they were in the top of the ""clean"" pile, and they fell right off.  I had to change clothes!  I'm using a smaller belt I never thought I would use again.  My size 36 jeans are now my jeans of choice (down from busting out of size 40's to the point that I wouldn't even wear jeans because they were not comfortable).  I'm planning on doing Insanity: The Asylum when this round is done, which will turn the Insanity journey into a 90 day (actually, 93) day trip.  Then, on to p90x!<br /><br />--**Update**<br />This will likely be my final update.  I finished Insanity 2 days ago.  Wow.  Wow.  It was a bear.  The last week was so intense, I struggled just to keep up (two Max Plyo workouts?  Two Max Interval workouts? And Cardio Abs twice??).  I'm 22+ pounds down, happy as a clam, sore as can be, and chomping at the bit to keep going.  I did my final fit test, and more than doubled many of my exercises--I would NEVER have believed it possible.  I was still sucking wind by the end of the fit test, because I was pushing as hard as I could to better my last scores.  I started the sequel to this video set (Insanity: The Asylum) yesterday, and it is equally intense, but different.  I'll probably review it as well when I have done more of the workouts.  Anyway, I could never have survived even 5 minutes of the Asylum if I hadn't done Insanity first.<br /><br />In the end, this set worked for me because I needed someone to push me.  Or I thought I did--I really ended up pushing myself, but the videos gave me the structure and the tools to get it done.  I promised myself I would do it every day, even if I had to workout at midnight.  It was just me, a pair of shoes, and my DVD player, kicking some butt.  Some reservations here--it is not easy on your joints.  I'm 40, and overweight.  Some exercises were just too hard on my knees, and I modified them.  I kept my heart rate up.  Shaun always says ""exercise at your own level"", but what I told myself was ""exercise just a little past your level"".  So I did, and it worked for me.  Take their warnings seriously--don't do this if you aren't willing to push, and if you have health concerns, then for heaven's sake, choose something else.  But if you are willing to get your goose cooked on a daily basis and come back and ask for seconds (!), then this is a great choice.  Cheers to everyone in the Insane Posse of Fitness Gazelles, and I hope that these updates have helped.  Be smart, work hard, and whatever method you are using to lose weight, Insanity or something else, keep it up.  I'll be doing the same!<br /><br />--**Update**<br />I know that I said that the last update would be my last update.  But I wanted to give a status report 1 year on--I'm now just shy of 50 lbs down since I began one year ago.  I did the following things--I did Insanity x 1 round, Insanity Asylum x 1 round, P90x+Insanity hybrid x 1 round (P90x + insanity cardio), P90x straight up x 1 round, and I'm now in the midst of a p90x2 + Insanity hybrid with 3 weeks to go before completion.  I also run 1-2x per week for 45min to 60 min on the elliptical because I enjoy it.  I do insanity with a 20 lb weight vest on now sometimes, and I run on the elliptical with a weight vest.  I have gone from being able to do 1 (count it, 1!) pull up to 10 sets of 8 pullups.  They aren't the prettiest pull ups around, but I get up, all on my own.  I can do push ups until the cows come home.  I'm still about 20 lbs overweight from what I'd like to be, but I'm not complaining.  At 50 lbs in a year, you can see that weight has been slow but steadily coming off.  No loose skin, lots and lots of muscle coming on.  I'm still a big dude--but I now RUN up and down the stairs at work. And I'm out of breath--but I love it.  I'm not yet back in my wedding suit, but I've pulled out clothes I haven't worn in YEARS.  Yesterday, I had to take off a sweater because it swallowed me whole.  Then I put on another sweater--and it was too big also.<br /><br />All of this is to say that I haven't done anything that crazy, not really.  About an hour a day, sometimes more because I really enjoy it now, sometimes less when I'm tired.  I do it 6 days a week when I'm on insanity only, 5 days now on p90x2 because that is the program.  I still do weight watchers, and it has changed my relationship with food. I still love to eat (believe me!) but now I eat to enjoy and not to make myself stuffed.  I still have a burger and a beer on Friday nights and I don't worry about it.  I eat a lot of healthy things, and have discovered that I enjoy them.  That's a shock.<br /><br />I'm just a dude.  I have a job, I work 60+ hours a week.  I have 3 kids.  I have a wife.  I have pets.  I have a yard.  But I decided that no amount of pain during exercise was as painful as not being able to wrestle with my boys.  No amount of pain in a workout is as bad as sitting on a couch and feeling gross in my own skin.  So I got going.  I have to keep struggling every day--some days I just want to sit down and not get up--but then I think of how things were only a year ago, and I think that, yea, I can get off my duff and exercise.  The insanity/p90x programs work for me because I respond to structure (I need someone telling me what to do!) and I can't afford a trainer.  Shaun and Tony are my trainers now.<br /><br />You can do it.  You really can.  I've been super careful--done all the stretches, listened to my body, MODIFY MODIFY MODIFY when I knew that the movements weren't possible for me, and I've by and large avoided major injury.  Lots of sore muscles.  Shin splints.  A few things like that.  But just use your good sense--protect your body, give it all your love, and it will love you for it.<br /><br />You can do it.  I'm still doing it.  See you 20 lbs down, ok?<br /><br />--**Update**<br />Just a quick update, now 16 months after I bought insanity.  I'm down another 5 lbs (every pound seems to get harder!) but I have really noticed improvements in my muscles as well.  Anyway, the reason for the update is just some personal goals are starting to happen that I never thought I could do.  I ran a 5k in honor of a friend who died of cancer.  My entire family ran it--my wife, my 3 kids, and I all crossed the finish line.  My 5, 6, and 8 year olds were so proud of themselves and I was about to burst with pride.  Afterwards, I felt so good that I signed up for a 10k; I ran it last weekend and had my best run ever.  I decided to start training for a half marathon, and I am using Insanity/p90x as my cross training days.  I've always wanted to run, to be a runner, but I never had the courage.  I was afraid that it was going to hurt.  That I couldn't do it.  But after insanity, I figured that workout aches and pains were just the feeling of my body getting stronger, right?  So Here I go!  Oh, and I got a bike.  Don't look now, but I need to take a swim class..."
B002QZ1RS6,ASHGEHLZXHTHS,wesbedford,2/2,5.0,1298851200,2011-02-28 00:00:00,It works!,"I'm into week 3, but right away I could tell if I could keep myself ""pushing play"" everyday I'd have great results. I'm 49 years old, so I haven't pushed myself this hard in a while. I thought I was going to drop over just in the fitness test, but I kept going and I am having positive results. The work out doesn't get any easier, because the more in shape you get, the more you push yourself. If you want to absolutely be dripping when you get done with your workout, this is the one for you!"
B002QZ1RS6,A2HBP51UBAP2WI,"Liliane F. Carmo ""Lily""",6/6,4.0,1298937600,2011-03-01 00:00:00,How it works..,"well.. I just started this workout.. got it last week but decided to start it on monday to follow the calendar..<br />only one word: WOW<br />When I bought it i didnt quite understand how the program would work.. that's why i decided to write this review..<br />You receive in the box a cd case with 10 cds, the elite nutritional plan, a fit test paper and a calendar.<br />The calendar is awesome. It has all the days in it with the specific workout/fit test you have to do and a white box so u can check it when u'r done.<br />the elite nutritional plan (I am a nutritionist btw) it's great! it has some recipes for a 300 calorie meal and ideas on how to increase or ingestion. I really enjoyed the Michi's ladder list by the end of the book. it's really helpful when you don't want to follow a diet.<br />And the quality of the cds are amazing.<br />You start by taking your pictures and measuring ur body. Then on the first day you do the fit test.<br />OMG! the fit test gave me already soreness and pain..<br />Today i started the real work out.. and one hour after it I can barely walk..<br />it sounds horrible i know.. but trust me.. it's unbelievable how much energy you have and how happy you feel.<br />I'm not gonna lie saying that everybody can do it.. but honestly.. even you try it a little bit i can promise you that you will love the afterwards..<br />Shaun T really motivates you and they have a very interesting thing to count the time tht for me is the best.<br />i'm not giving it 5 stars because i just feel that the cds have to much merchandising in it for beachbody and i don't like it..<br />right now i'm really focused and counting my calorie intake and can't wait to finish my 60 day program and see the real results..<br />just to add, I've always been very sporty and into the gym, biking and hiking.. I don't have tons of pounds to lose.. but i really want to tone up my body.. so i really think this is the work out for that :)"
B002QZ1RS6,AY5M261TSVDOP,LAURA28,4/4,3.0,1298937600,2011-03-01 00:00:00,Its ok.....,"Let me start my saying I am already fit. I have been working out for years with various programs, done a half marathon, and work out normally about 1.5 hrs a day six days a week. I was tired of the same old, and wanted to switch it up a bit. I was also looking for something that will push me to the limits. This workout will focus on lower body, core, cardio and upper body as well.There is a workout calendar to follow along with an eating plan. First you follow month one you will work hard. Then a recovery week, then off to month 2. I dont know if any one is ever ready for it, that is why its called Insanity! Take a chance on yourself to get healthy and be a better you. You do not have to be super fit, just do your best for you. That is what it is about every day. And yes of course see your doc and make sure you get the aok! That being said after doing the plan, not sure I would do it again. It gets rather mundane after a while. Also as far as the Isane factor yes, its hard. And for as hard as I worked, I expected better results. Or any result really. I did not have much weight to lose, did want to tone up, and have lost 3 pounds. And people always tell me I do not need to lose or change any thing. Not much of a noticable phsyical change though. Not worth the effort I put into the workouts thats for sure! This is an ok work out. I have finished, now, and give it 3 stars. A good workout, but dont expect miracles people. I ate good and didnt miss a day...improved on strength but not much change overall, maybe cause already fit? Good health to all:)"
B002QZ1RS6,A15RNE4JQVYQHZ,"Carrol Dugan ""carrolch""",3/3,4.0,1298937600,2011-03-01 00:00:00,"""That sh*! is bananas, yo.""","Those are Shawn T's own words.  Seriously bananas!  I am on day 5 of the program and am getting my tushie kicked but will definitely keep going.  All the other reviewers are right, it's not for the faint of heart or injury prone but it can be done, no matter what level you think you're at.  I pay attention when Shawn says form over speed so I will either modify the exercise or take a break.  I hope to update this review once I've finished the 60-day program but so far I am really motivated to keep going.<br />UPDATE 4/8/11: I am coming to the end of the 1st week in the 2nd month and I'm still going.  I can definitely tell that things are shaping up.  My abs are much harder (never had that before) and my core and back are stronger.  I haven't really lost any weight and my clothes are not falling off but things are shifting around.  My rear is more toned and lifted (didn't expect that so that's a bonus!) Towards the end of the 1st month, I was keeping up pretty well with the moves and taking far fewer breaks so I thought I was golden.  Then this month started and I was quickly shocked back to reality.  I am recovering from some new areas of soreness so I know that different muscle groups are working.  Even though there is no weight lifting, many of the exercises use your own body weight, so I'm improving the definition in my arms and shoulders.  The program is totally portable and I take the dvds with me when I travel and do them in my hotel room.  I'll update again when I finish this month.  If you're on the fence, just go for it!"
B002QZ1RS6,A3BMVPZUT8NMOP,Flatsforlife,3/4,5.0,1299110400,2011-03-03 00:00:00,Toughest workout ever,"I have worked out for over 25 years, including P90X, and this is the hardest cardio workout ever.  I'm almost done my second week and it is getting manageable, meaning i can almost finish it and still be breathing.  My husband mentioned after one week that I looked better than I have looked in a long time.  It manages to work out a lot of your muscles, especially, butt, legs, chest and arms but at the same time giving you a massive cardio workout.<br /><br />It's not for the faint of heart.  This is some serious cardio, jumping, etc.  I can't imagine that people with bad knees could do it either.<br /><br />My only complaint is your upper body is not stretched enough during the stretching part and I have had some shoulder aches.  I now make sure I stretch those areas on my own.<br /><br />I am 47, in good shape, live in a very high elevation (8000) but for those of you looking to kick jump your daily workout, this is it."
B002QZ1RS6,A1WYVXGMM07DI7,"D. Anderson ""Heidi""",3/13,2.0,1299110400,2011-03-03 00:00:00,Seller not dependable,"I am enjoying the Insanity program. It took about 3 weeks to get here though. Also, as I progressed into my workout, a couple of the 'new' dvds wouldn't work on my computer. I had just taken them out of the packaging. Sometimes I would have to re-insert the dvd 10 times before it would work. Other dvds work fine. Anyway, I contacted the seller about a possible return and was informed they are no longer with amazon. This makes me feel like I was cheated."
B002QZ1RS6,AC6442QEVLF2G,Mellie G.,2/2,4.0,1299196800,2011-03-04 00:00:00,Insane Describes It Perfectly,"I am into my fourth week of this workout. ""Insane"" describes it perfectly! I thought I was in excellent shape before I started it, but I have definitely improved in the last three weeks. This workout is NOT for wimps, and it is NOT for people who are not already in shape. My couch potato of a daughter says she gets worn out just watching me! I am dripping sweat after each workout, which is unusual for me. Things I really like about the workout are: Shaun T is very motivating, there is a bar at the bottom showing time remaining, the folks in the workout appear to be truly working at it (as I am), and I feel like I've really gotten a workout each time."
B002QZ1RS6,A2PW83OVS09DPF,sara23,2/2,5.0,1299283200,2011-03-05 00:00:00,I love it!,I finished day 5 of Insanity today and I love it.  It is very intense but it is great because there are water breaks built into the workouts so you don't need to stop the video.  I was really sore the first 2 days and could barely walk but I pushed through it and kept doing the workouts. By the fourth day I wasn't sore anymore. I am really excited to see what my body will be like by the end.  I think if you stick to the program that there is no way you cannot get results. Good Luck!
B002QZ1RS6,A39I1QVREG9AYX,conservative_shopper,3/3,5.0,1299369600,2011-03-06 00:00:00,Not Just Another Workout,"I have to admit that I was sceptical when my daughter (who used this in her high school cardio and weight gym class) recommended that we get Insanity for use at home.  But I went ahead and ordered it . . . and I couldn't be more pleased.  This is a tough workout, but you can begin at your current level of fitness and improve from there.  We do it together, even though she's a teenager and I'm a forty-something!  The fitness routines rotate on a set calendar, and even though you repeat them, they do not get old.  Periodically you re-take a fit test so that you can measure progress . . . it's very motivating to know you are getting stronger, that the INSANITY is worth it!  I highly recommend this product for anyone who is looking to improve their fitness and doesn't mind doing their workout in front of the TV!  You'll be amazed!"
B002QZ1RS6,AA57SZOQ3V6NT,Working Wife MD,2/13,3.0,1299369600,2011-03-06 00:00:00,Shaun T can't even complete his own workout...,"I *like* this workout but it annoys the crap out of me at the same time. I am in my late 30's, working mother of two, trying to get back into shape.  As for the positive aspects of this video, the cardio is tough, and overall it is good for the core/butt/lower body.  Lots of squats, love it or hate it. OK for abs, and the upper body exercises were too difficult to do.  I wish there were modifications with respect to the upper body exercises.<br /><br />Shaun T. is hella annoying.  He refers to himself in the third person. ""Shaun T. is getting tired now!""  Also, he is hardly doing the workout. He'll do about 30 seconds at a time max before leaving the workout to ""teach"" good form with one of his students.  He is no doubt fit, but it wasn't from doing Insanity.  The workouts are a mess.  I guess I'm just used to seeing workout videos where everyone is in sync and demonstrating good form.  Not here. Poor form everywhere.  Everyone is all over the place, and even in some parts of the video there's only like 1/6 people even doing the video. Everyone else is on the floor.  I mean, what's the point of making a video that nobody can do???  Isn't Shaun T. the one emphasizing good form the whole time?  Yet, the speed at which he's telling the participants (mostly everyone is a fitness instructor) to move is simply impossible.  And you don't see him doing it either.  Fortunately for me, my dance background allowed me to focus on my own form and not be deterred by what I was seeing on my TV screen.<br /><br />And for anyone thinking that he's using new and innovative moves, guess again. He just re-named them.  Look at any Cathe Friedrich/Jillian Michaels/Jackie Warner video from the past five years and see them doing the same moves as in these videos.  They do them timely and in good form.<br /><br />There are much better DVD workouts out there.  In the end, I have to applaud Beachbody for really great marketing.  This is an expensive video that I bought into, that many have.  And if I want to become a Beachbody ""Coach,"" I can sell their products and receive commision.  A+ for marketing!"
B002QZ1RS6,A42IMC86ZT3JN,Sharon,1/1,4.0,1299456000,2011-03-07 00:00:00,So Far So Good,"This workout is definitely hard, and only gets harder. My fear of it only being a workout that made you feel better but not change your body... are slowly slipping away. It was hard though, as I have only gained weight so far, I am far enough in (two weeks) to see fat going away, but I am steady gaining weight, I guess it must be muscle mass underneath my blanket of fat."
B002QZ1RS6,A2CYWZNPWXUQJZ,Christopher,0/1,5.0,1299456000,2011-03-07 00:00:00,Very Happy So Far,"I purchased this program set a couple months ago.  I was planning on doing it before the holidays.  I pushed play and got through about 3 days and then the excuses came up and it was back on the shelf.  Well, I let myself go through the holidays and into the New Year.  I got on the scale most recently topping out at 251 pounds at 6'2.  With 40 years old in my near future, I decided to raise the stakes and do this program alongside the TNT Diet.  Now, I know the nutrition guide says that no carbs is so 1990's, but I have a real problem with them and decided to move forward with both.  I made it through my first week and am starting my second week today.  I am very, very sore.  The workouts are extremely challenging, but doable (you can find more details in other posts).  I will post at least once more at the end and may post a mid-point progress report.  I am down a few pounds already.  My goal is 225 pounds at the end of 63 days.  I know this is slightly over 3 pounds per week, but I feel that working out 6 days a week and adding in the challenging TNT Diet, that it is very possible...even if I add a few pounds of muscle in the process."
B002QZ1RS6,A1AH5H7T3UBQWC,de23,2/2,5.0,1299542400,2011-03-08 00:00:00,be ready to sweat,This workout is unlike any that I have ever tried it is cardio at its best. when i first got it i wondered what am i thinking there is no way that i will be able to keep up i thought i was gonna die the first day but you have to remember to dig deep. Insanity is not a gimmic it really does work.
B002QZ1RS6,A2JET0JU1FLHF,A. Steck,1/5,4.0,1299542400,2011-03-08 00:00:00,"Great workout, but don't expect miracles","I just finished my first round of Insanity last Saturday, and am currently taking a week off before starting my next go around.  I'm a female college student, 5'10"", 160 lbs or so.<br /><br />When I was looking at buying Insanity in December I read all kinds of reviews and saw how many people were saying that they lost tons of weight and got in the best shape ever, blah blah blah.  I didn't want to lose very much weight, just slim down and get back in shape to start running when it got warm again.  So, I bought the program and got started.<br /><br />The first month was tough at the beginning, but as I kept going it got more and more manageable.  By the end I was able to make it all the way through the warm up without having to take a breather, which I figured was pretty good.  Then month two came around.  I knew it would be harder, but I guess I didn't expect just how physically draining it would be.  I have to work out at 6 am because it's the only free time I have during the day, and so it was tough to keep motivated.  I also wound up getting really bored with doing the same videos for a whole month, which didn't help the motivation issue.<br /><br />I did stick with it, though, and completed the program, only missing 2 workouts I think in the whole 63 days.  I didn't follow the diet plan because of various reasons, but I still eat pretty healthy.  And, I didn't lose any weight.  I don't even think I skimmed off any fat in the areas that were bugging me.  I pretty much see no change in how I look or how my clothes fit now (though my bf says my butt looks nicer, so I guess I'll believe him on that).<br /><br />I guess I would recommend Insanity to people who maybe have more weight to lose, or who are able to really devote a lot of time and energy to the videos and diet plan.  Like I said, I will be starting another round soon, but this time I altered the schedule to alternate weeks from month 1 and 2, so that I don't get as bored, and I replaced the recovery workouts that I hate with running and yoga days."
B002QZ1RS6,A1ENXV3HUBI3O3,Liz,6/6,5.0,1299628800,2011-03-09 00:00:00,Insanity Workout,"In a nutshell it is one of the best workouts I have ever had.  I spent a great deal of time researching it on the net before I bought it.  If you need a push towards buying this product then I hope this helps, DO IT!  I'm technically obese and I know my limits.  I did as much of the workout as I could and used the diet program without cheating.  In the first 2 weeks I lost almost 3 inches off my waist.  It works according to your level of commitment.<br />Good Luck!"
B002QZ1RS6,A28GK895BGH6U,Adrian,2/2,5.0,1299628800,2011-03-09 00:00:00,If you put in the effort... you'll get the results.,"First of all, I am a 22 year old, tall, skinny girl who was sick of having a rail for a frame. I decided on INSANITY since it was the cheaper option overall (and shorter time period) versus P90x. The program is NOT easy by any means, but rekindled my competitive drive that I had when I played high school and year round sports. I have a week and a half left and have seen tremendous results. I still can't keep up with the people in the video, but no one expects you to. You are supposed to do YOUR maximum interval each time, not someone else's. As long as you put forth your best effort with the nutrition and workouts... you will definitely get the results."
B002QZ1RS6,A1V0V4NJAJ0S1H,"Pb ""fan#1""",2/2,5.0,1299715200,2011-03-10 00:00:00,The most challenging and interesting workout,"I am a marathon runner, lift three times a week and do yoga and consider myself fairly fit. I was humbled by this workout though..It is really challenging with interval training workouts. The stretches are based on yoga moves and very physiologic. It is a great investment and I am glad I purchased it. The best part is not having to lug around any equipment."
B002QZ1RS6,A1R8FXIG4UQ780,Lisa D. Wallace,11/11,5.0,1299801600,2011-03-11 00:00:00,If you're ready...,"...then Insanity might be for you.  I was looking for an intense workout, targeting the whole body, defining and toning without using weights.  I have done 3 of the workouts so far, and Shaun T. really pushes you!  But he's also got a very caring attitude and tells you to stop when it gets to be too much during the workout.  The design of the whole program is really good.  For instance, I was so sore yesterday after the cardio, and today's workout was more about stretching and balance and letting muscles recover.  The nutrition guide is so awesome to have because it tells just what to eat and how to prepare it, and when to eat it, to increase metabolism and have strength for the workouts.  The workouts are hard, but I am overweight and have been sedentary and I am making it through them at my own pace.  I feel really good after each workout."
B002QZ1RS6,A18AWFBF832DJI,Lisa Shoaff,1/1,4.0,1299974400,2011-03-13 00:00:00,Good workout,If you want something that pushes you then you should try this!! This is a workout that really is insane! Its good I like how Shaun T. shows you the moves and doesn't expect you just to do them like some other workout dvd's!
B002QZ1RS6,A3E904T537VR20,D. John,154/189,1.0,1300147200,2011-03-15 00:00:00,Challenging workout but prone to causing injuries,"Overall,  this is a very good and challenging workout.  I completed 7 weeks of the 9 week program and feel that I am in better shape cardiovascularly and my core is stronger.  I didn't loose any weight and my body looks no different than when I started.  However, I can't recommend this workout to anyone due to its unbalanced approach and high impact movements that can cause injury.  I think you can achieve the same results with a lower impact workout.  In addition, there is very little stretching (and what there is can be awkward) and Shawn T is not graceful in this respect.  Also, there isn't any balance between working chest and back or quads and hamstrings.  As a result, my experience suggests that this imbalance can lead to poor posture and potential injury.  The lack of stretching is more alarming.  I had such cramping in my legs, I couldn't lay flat without pain and had to sleep in the fetal position.  It's frustrating because from a fitness perspective, the workouts were enjoyable and effective but just not worth the risk for injury.<br /><br />I've been working out for over 20 years (I'm 35, 5'9"", 155 lbs, male) lifting weights, running, swimming, cycling, hiking, skiing, and practicing yoga.  I've never had any serious injury due to any of my exercises.  However, I had to stop walking up and down stairs around week 5 of this program even with icing my knees after every workout.  I finally decided to stop the workout completely when I could not do the moves during the workout without joint pain (not the ""good"" burning pain from working out).<br /><br />Pros:<br />Challenging<br />Motivating<br />Fun Workouts<br /><br />Cons:<br />Risk of injury<br />Imbalanced routine<br />Awkward stretching and ""off"" workouts<br />Unrealistic time commitment (6 days per week and some workouts are 90 minutes)"
B002QZ1RS6,A2ZF0M87VPONQG,Fit Me,2/4,5.0,1300233600,2011-03-16 00:00:00,INSANITY IS HOW MY BODY LOOKS NOW!!! GRAWL!,OMG THIS PRODUCT IS ABSOLUTELY AMAIZING I DONT HAVE ANY OTHER WORDS THIS IS BY FAR THE GREATEST THING THAT HAS HAPPENED TO ME (FITNESS WISE) ITS RIDDICULOUS BEEN SEARCHING FOR THIS BODY RESULTS MY WHOLE LIFE!! THANK GOD FOR INSANITY.
B002QZ1RS6,A2MWS1J3PGNH94,DT,4/6,4.0,1300406400,2011-03-18 00:00:00,A cardio thriller... (4 1/2),"I just finished week 7, but I am stopping to mix the program with another one (Rushfit). Since rushfit has no cardio dvd, I'm going to mix the month 2 workouts in on days where cardio is required after I heal for a few days as a means to maintain the gains I've made.<br /><br />I actually got insanity when it first came out. I was already in decent shape, but decided to check it out as prior to doing it I had finished p90x.<br /><br />I did both programs to simply get ready to start martial arts again as that's my primary means of staying in shape along with just general physical training (Running, sprints, bodyweight exercises, isometrics, etc...)<br /><br />I did the first month and I liked it then. I stopped to start Muay Thai (Again) and Brazilian Jiu Jitsu. The first day in Muay Thai I did a lot better than many of the people in my class, but I still gassed faster than I expected, and unfortunately at that time that really discouraged me, so I stopped doing it and decided to move on to my training.<br /><br />Now I am deployed. I have an even worse work schedule. I've have some of the worst highs and lows through this program. I've had to do two workouts in one day more than once; I've had days where I slept in for 10 hours to recover; I've had days where because of issues I couldn't sleep at all the night before. It was a wild ride. But I pushed through. It's all I really have minus a heavy bag that I occasionally strike, and I have no major qualms with it.<br /><br />I'm just in it for the cardio and conditioning. It's impeccable the hell you'll put yourself through. I haven't had one day in the second month where I haven't returned with my shirt looking like I took a swim. Yet it's all sweat. If you are ready to take your cardio to a new level: Try this program.<br /><br />Pros:<br />- Amazing cardio, core strength and lower body explosive strength built. Ok Upper body strength is built through various movements.<br />- Simple setup due to no needed equipment (Although a mat is advised). I just pop it in my laptop and I'm game. I've even done a few workouts outside.<br />- Shaun T is.... Ok in my opinion. He'll ask you to push a lot, but what do you expect? I personally like Tony Horton more personality wise, but Shaun isn't bad.<br />- I can say that maybe it doesn't apply over completely to certain martial arts training, but I've developed some of the most ridiculous recovery ever, and that does apply over. I guess it's the ""Dig deeper"" thing? My second wind doesn't always come in, but when it does, it's like I didn't just push myself for the last 20-30 minutes.<br />I took a fitness test in the middle of the program. I ran a 10 minute 1.5 mile, took a breather for 30 seconds after, and was fine. That hasn't happened to me in I don't know how long.<br />- The moves occasionally build on one another leading to more complexity, but the after a few workout it become second nature. It's more about blasting than crazier and crazier moves.<br />- Self-paced progression based results<br /><br />Cons:<br />- Your joints are going to take a beating. Do NOT do this program if you have any serious joint issues, especially in your lower body. There are Lots of jumps, squats, and so on. No major issues here minus my shins, but my knee has begun getting ""Clicky."" I used two mats for most of the program. I still had some days where my shins were screaming at me, and I do stretch them.<br />- It may not apply over to the sport/activity that you do. It doesn't tout itself as such, but still. Granted after the second month I think what happened to me before would not apply (I could go a couple more rounds than normal).<br />I take 1/2 a point away because of the first issue though. I'm anticipating the sequel (Insanity: The Asylum) to be a cure for the second con as it is supposed to be more sports based conditioning with higher intensity.<br /><br />Overall great program."
B002QZ1RS6,ASCZDKNKVTXRL,S. Nelson,2/3,5.0,1300406400,2011-03-18 00:00:00,quick delivery - great product,The product was delivered very quickly and was in good condition.  I am very pleased with the Insanity Fitness workouts!  The workouts are tough and you definitely see results.  These workouts are for any one that is used to working out.
B002QZ1RS6,A3M5S5CM1S16P9,Luis Fernandez De Lara,4/4,5.0,1300579200,2011-03-20 00:00:00,Awesome!,"Very much worth the money, the first two weeks are the most difficult to overcome but once that is over, your body is asking for more and more ""INSANITY"" workout. The results after two weeks are really starting to show, AWESOME program!!!"
B002QZ1RS6,A1G7AUQ5QC4SJN,2 Cats in the Yard,23/23,5.0,1301270400,2011-03-28 00:00:00,"Insane and Addictive, in a Good Way!","Since I've purchased beachbody.com product before, I knew the workouts would be high-quality: great instruction, clarity, camera work, etc. I am a 48 year old female, 5'4"" tall,  work full-time, have a long commute (leave house at 6:30am, home at 7pm) and my workouts are limited, for the most part, to weekends. I ran a marathon over 10 years ago, but it's been a slow decline since (I'm about 15 pounds overweight). I chose this over P90x because I travel a lot for work and thought I could just take the DVDs with me on the road and pop them into a DVD in a hotel room (I have, works out great). Most of the workouts in phase 1 are around 40 minutes so I figured I'd be able to fit this into my schedule (phase 2 is upwards of 45 to around an hour). Let me tell you, this is one tough workout--you will break a sweat and be winded during the warm up phase, i.e., in the first 5 minutes or so. Basically, these tapes are a lot of football and track drills, squats, push-ups, plyometrics and you do each segment 3 times--for example, you have a warm up segment, and do the first set slow, second set medium, and third as fast as you can. Take a short break and then next segment. The breaks are short and the sets are long (i.e., max interval training), yet they are easy to follow. The routines are very-well structured--i.e., you work alternatve muscle groups (quads, then your hamstrings, etc.) then when you're about to keel over, there's an ""active"" break where you slowly bring your heartrate down. Like all beachbody products, there's a timer that you can watch in the lower part of the screen so you can count the seconds until your next break. Even the ""cast members"" in the DVDs have to take breaks and drop out to recover for a few seconds...and Shaun T does from time-to-time as well. The cast members can't speak at times while they're doing the workout, and I will say that I work so hard at times I can't speak either. These routines are tough, but I will say this: if I had the time (and stamina) every day to do these routines, I would because they are so energizing. They are really hard, but fun and addictive.<br /><br />While the routines are hard, what really makes this DVD is Shaun T., the instructor. He gives clear, concise directions, gives great advice throughout on form that makes a real difference in its effect (some of which I've never heard before), is enthusiastic, fun and funny, motivating and seems sincere. It seems like he is totally into these works. Plus, he is one incredible physical specimen. This guy is in awesome physical shape and it is amazing to see what he does in these DVDs--it's like watching a thoroughbred. The guy has fabulous footwork and coordination, is fast, strong, doesn't give up, stays high energy throughout, gives great tips on form, counts for you, acknowledges how hard it is, does the routines WITH you (instead of instructing most of the time) and basically has pogo sticks for legs(I can't believe how high he can jump.) Plus, as odd as it may seem, he seems so sincere when he is rooting for you to ""Dig Deeper"" and ""You can do it"" that it almost seems like he is talking to you directly.<br /><br />The first few times you do each routine (i.e., cardio, circuit, plyo) are really the hardest in terms of exertion and getting used to it. I can't fit 6x a week into my schedule, so I do this 4x a week and have really seen the results. I am being careful about what I eat but am not following the diet. If you do this 6x a week, as instructed, the fat will melt off. And if you follow the diet, you will drop major weight. And you will find that your stamina increases by leaps and bounds. I had been doing Insanity for a month, and was on vacation and went for a run. I hadn't run in 2 or 3 months. I went out for a 4 mile run in a hilly area and I have never run hills with such ease. It was like running on flat ground. You will find Insanity to be highly motivating.<br /><br />I do wish there were some alternate moves provided. But I guess they want you to ""aim high"" and try things outside your comfort zone. But you will need to go at your own pace, and modify accordingly. I did find my calves to be tight, so you may have to do a bit of supplemental stretching on your own if your muscles get really tight.<br /><br />TOUGH, BUT HIGHLY RECOMMENDED."
B002QZ1RS6,A33Q1VESFXJU77,JRF71383,3/4,5.0,1301270400,2011-03-28 00:00:00,Insanity DVDs,"The package arrived quickly in 3 days.  Every DVD so far has been perfect, no complaints!  I just realized that I have the ""DELUXE"" package which includes 2 extra discs.  Only thing is, I do not have a CARDIO CIRCUIT DVD, but I think there is a misprint in that they mean the PLYOMETRIC CARDIO CIRCUIT for the scheduled day.  Workouts are very challenging and I look forward to popping in that dvd every morning!!!"
B002QZ1RS6,A2O2RWTKL7AWG6,tennisplayer,2/2,5.0,1301529600,2011-03-31 00:00:00,It got me motivated,"I read many reviews before I purchased this product because I wasn't sure if I could do it.  I am female, 47, and consider myself in good shape.....for my age.  I've had some injuries (biggest problem is achilles) and I wasn't sure I could keep up with the program.  I am on my 8th day and I find it to be very motivating.  I needed to get out of my old routine and try something different.  I also think it will help me gain speed and endurance on the tennis court, which is one of my goals.  I do the DVD at my pace, which is getting better every workout as I learn the routine and my body adjusts to the exercises.  However, I would say that if you have major joint issues this is not for you.  My husband has had knee and ankle surgery and he would not attempt this for fear of re-injury.  I actually do some brisk walking and other stretching before I even start the DVD because I can't go right into jogging and jumping (no matter how low intensity to start) without being warmed up."
B002QZ1RS6,A2DWZB0J7DDGVS,Bill,1/2,5.0,1301529600,2011-03-31 00:00:00,Insanity Workout,"Very, very pleased.  The product was exactly as advertised.  Mike made that extra effort and shipped by Priority Mail at no additional cost.  Great!"
B002QZ1RS6,A1QPOG15PIT8YO,Jorge From Texas,4/4,5.0,1301616000,2011-04-01 00:00:00,BE READY TO DIG DEEP...AND LOVE IT!!!,"I'll keep this very simple.  I was nervous about acquiring Insanity, especially after seeing all sorts of recommendations that one should be in reasonable shape prior to getting into Insanity.  While there is a little truth to that, I don't know if that is as much of a concern as joint pains would be.  I'm not in the best shape, but I have done well with this routine.  I am now on my seventh week, and I already considered this to be my greatest investment before I was even done with the first month.<br /><br />I started off at 210 lbs.  I am now down to 196 lbs and managed to also shave over 12 inches off my body in the process.  I am not going to get into any more detail, but I will say this.  Insanity is very appropriately named.  For those of you who want a physical challenge, this is it!  For those of you who think you are supposed to get used to Insanity, think again.  The reality is - no matter how much you get used to it, or how much your endurance builds - you are always expected to go all out all the time.  The object is to do better, not to keep up!<br /><br />If you are still in a contemplating process, that's fine, I understand because I was the same way.  I got it now, and it has made all the difference!"
B002QZ1RS6,A2BVODGTKOEL5F,Keely,1/2,5.0,1301702400,2011-04-02 00:00:00,This workout is INSANE!,This workout is insane!  I have worked out in the gym for hours at a time and never sweat like this before.  It is a very hard workout but worth every penny.
B002QZ1RS6,A3HIVQA9B02RCA,"RKG1510 ""bgt""",4/4,5.0,1301875200,2011-04-04 00:00:00,"Great Workout! Tough, but fun.","Love it! About to start Month 2 and I can't believe the change in my body.  I was in good shape when I started, but definitely didn't have the plyometrics/leg strength base that this workout requires, so I've been playing catch-up.  If you think you might not be in good enough condition to try this program, go ahead and get it and let month 1 serve as a foundation.  If you follow the Elite Nutrition guide and keep ""pushing play"" you are guaranteed to see results.  My only regret is I wish I'd ordered the deluxe package, because I've heard so many great things about the two DVDs included in that.<br /><br />I have weak wrists and an old injury in my left ankle, but as of Day 36, the program hasn't caused me any pain.  I do the workouts in Vibram ""barefoot"" shoes because I found it to be more stable than even my best cross trainers."
B002QZ1RS6,A2JLZDS01A837V,Still waiting,25/38,2.0,1302048000,2011-04-06 00:00:00,Poorly planned and executed.,"This workout program is not good. Basically, one does the same workout again and again and again, with just slight variations of the moves that do not make any substantial difference. The 'theory' of this program, which it proudly tells you, is that it makes Interval training harder, by taking out the interval rest period, so that it is no longer an interval (?). The plyometrics do not follow any of the protocols of plyo training that you can find on any university physical education Web site.<br />The form of the background exercises is also poor. There is one, a young blonde woman, who always does her squats etc. with her spine hunched over in a ""C""-shape that makes my back hurt just watching her. She is never corrected in her form.<br />The company, Beachbody, that puts this out also has a multi-level marketing program, so that there is no shortage of people who will sell this to you on the Web and offer to become your 'coach', the only qualification to be a coach seems to be a willingness to sign up other 'coaches' from what I can see.<br />The same company also puts out the much advertised P90X which actually is a very good general conditioning program. It actually alternates days of weight training days vs. cardio/yoga days so that one doesn't overwork one area too much. There is weight work, yoga, stretching, kickboxing moves, plyometrics, something for everyone. For a lot of people this is all they will need to meet the advice of 'take exercise'. If one wanted more of a cardio-based routine, I would probably go with 'RushFit' which is co-hosted with George St. Pierre.<br />As for Insanity, you'd have to be nuts to make this the centre of your program."
B002QZ1RS6,A3Q9UH1TR3Y17N,Micah,63/63,5.0,1302220800,2011-04-08 00:00:00,No frills killer,"I am the classic Beachbody target - just turned 40, had 30 pounds to lose, felt like crap.  As a former long distance runner, I knew what it was like to be in great shape, but man had I let myself slip.<br /><br />So I set myself a goal - lose 30 pounds, and 7 inches off my waist.<br /><br />There was only one complication - I made a bet with 2 other buddies to see who could lose the largest percentage of body weight in 12 weeks.  This meant that I needed to find something that would get me into rip roaring, navel winking shape in extremely short order.<br /><br />This, of course led me to Insanity, which claimed to turn pretzel pounding lardasses like myself into striated demigods in 63 agonizing days.  Perfect.  Sign me up.  The only catch was that it said you already had to be in some semblance of physical shape to undertake the heavy workouts they would deliver.  So, I quit smoking and decided that was as good a start as I was going to get, and kicked things off the next day.<br /><br />Ooooh, daddy....<br /><br />The first week passed by in a bit of a blur, but to my credit I did not yarp like many of the other folks here seem to have done.  I did, however fight to hold body and soul together.  Just the opening warmup was a killer, and that (without belaboring the obvious) was just the warmup.<br /><br />The workouts are very good, and Shawn T keeps you motivated throughout.  Things do get repetitive, however, and a couple of the steel bellied assistants they have in the background get brutally annoying.  Tanya(sp?) manages to keep a Topol smile plastered on her face throughout, and by minute 32 I (and I'm sure many others) want to shoot her out of a cannon into a parallel galaxy where she can smile and clap excitedly while doing endless leg lifts somewhere far, far away.<br /><br />As a person who was fat enough to be dodging my own tits through the first workouts, I would say that it is possible to start the Insanity program without a huge amount of physical conditioning.  That said, if that is the route you are going to take, get ready to suffer real good for about 2 weeks as your body gets acclimated.  I would also guess that the chance of injury is increased quite a bit if you start out unfit, but I was lucky there and did not have much issue in that regard.<br /><br />I did not stick to the diet religiously, but have kept very low carb since I began the workouts.  The weight loss is pretty amazing - I am now in the first week of month 2, and am 10 pounds down.  With the super intense second month just starting, I would guess that I will easily lose another 10 pounds before the 2nd month finishes. That will mean I will be 20 pounds done with my 30 pound weight loss goal, in only 2 months.<br /><br />A quick note on the 2nd month - it really is tough.  Just when you have gotten used to the first month's workout, they switch it up on you.  The workouts are about 15 minutes longer, and every minute of that extra time is spent driving you until you drop.  I am just getting used to the pace, and actually it is very doable, but there is no way you can finish without being totally exhausted, with your clothes absolutely soaked with sweat.  Also, as many people have said, there is no way to do every rep of every exercise.  Just do the best you can, and don't sweat the rest.<br /><br />All in all, this product works exactly as advertised - great results, but you will have to work your a$$ of to get them."
B002QZ1RS6,A32010EONDG2GX,A Female's Perspective,34/34,5.0,1302307200,2011-04-09 00:00:00,Lady Are Insane Too!,"I first want to say that I am an overweight, 24 year old female and this video is truly insane.  I have been doing this video for a short time, but I can say that it feels great.  I have purchased a number of videos trying to get the weight off that came on from stress, eating, and more stress, and Insanity is the only one that makes me want to keep going and provides results.<br /><br />Shaun T makes working out hard, but rewarding.  I was apprehensive about beginning this workout because many people were saying you needed to be fit and in shape to do it...WORNG!  I do agree that you need to be somewhat active to get going.  This Fit Test will have you drenching in sweat.  With each workout, you will find yourself doing better and better.  I had to modify many things at first, but I now see that I can make my jumps higher and endure longer.<br /><br />A bonus for me is when I think it's too hard, I look at Shaun T's team and see them taking a break, and know that if they can take a break and they are fit, I can.  And sometimes they are breaking and I am still going, and that makes me feel great.<br /><br />Ladies, I love my hair done, my nails painted and manicured, wearing pink, and skirts and sandals.. so I am as girly as they come.  If I can do this, so can you.  Worry about your hair the hour after you've finished.  I keep going and know that my hair is not as important as my health.  Don't be afraid.<br /><br />After trying many things, I found this DVD to make you want to keep going.  I find me telling myself that it is only 60 days.  On mornings I don't want to get up, I think, come on it's just 45 minutes and the rest of your life. Results are bound to come if you committ."
B002QZ1RS6,A2HYHHCBZHDSL2,Mars,1/1,5.0,1302480000,2011-04-11 00:00:00,Love it!,"This workout is amazing. No matter how many times you've been through the videos, you will sweat. Its a bit hard on the knees, ankles and wrists, so steer clear if these are sensitive spots for you. I love doing it, the time commitment each day isn't too huge, but the payoff is awesome. I'm three weeks in and have already see results, the muscle definition that is starting to happen is very exciting. In two weeks I start the 1 hour sessions which will be even more insane."
B002QZ1RS6,A21BF6ARH83WLV,TK,0/0,4.0,1302480000,2011-04-11 00:00:00,Insanity,"Just started this program a few weeks ago and have started to see some improvement, not much weight loss yet though, but I have not followed the meal plan 100%.  I am anxious to get through the 60 days!"
B002QZ1RS6,A3BN6BFV4ORF41,"Fuge Fan ""Barb""",1/44,3.0,1302480000,2011-04-11 00:00:00,Shaun T Insanity,I bought this for the teenage child of a friend. She is using it to lose weight and work on her abs.
B002QZ1RS6,A29DVBU3CNG0ZA,HonestReviewer,0/2,4.0,1302566400,2011-04-12 00:00:00,Not for Begginers,"This is absolutely the hardest workout i have ever tried, if you are a begginer please don't buy this program, even the warmups leaved me sweating.<br /><br />I would recommend this product to people that have a good cardio but wan to make it better, if yo aren't athletic please don't try this workout it's VERY HARD"
B002QZ1RS6,A152Z40VLRMZ46,Merrill23,2/2,5.0,1302825600,2011-04-15 00:00:00,Nothing Like It,"Follow the directions, and you get in amazing shape for working out less than 39 minutes a day.  Couldn't be happier.  Way less painful/boring than the treadmill, way more effective & healthy.<br /><br />If you're more into looking good/bulking up, I'd go with P90X."
B002QZ1RS6,A2LEGPIM7FON5B,Deezy,7/10,3.0,1302825600,2011-04-15 00:00:00,Noisy!,"This is by far the BEST exercise plan I have ever can't across. The only problem is that I can't use it! If you live in a apartment building with annoying neighbors this is not for you. So much jumping, running and heavy foot moves that I can't use it cause my super knocks on my door every time. For this price, this thing should have came with a 5 inch thick exercise mat that will muffled the noise so my neighbors won't complain. Other than that, I only got to use it for three days and I could tell it was the real deal. The diet plan is pretty expensive to keep up with though."
B002QZ1RS6,A1U43SCP42I7LA,Jill,4/4,5.0,1303084800,2011-04-18 00:00:00,AMAZINGGG,"I used to run a few times a week and go to the gym, but I never really had the abs or tone that I wanted. I tried this DVD and within a week I could see results. Now I'm almost at 4 weeks and I love it. I can actually say I'm addicted to it. It has made me look completely different and Shaun T is an excellent motivator. DEFINITELY worth the money!!"
B002QZ1RS6,A2OYKRT75HURV6,Adama,3/3,5.0,1303084800,2011-04-18 00:00:00,kstv4821,"This is by far my favorite workout routine/system.  I have never encountered anything like it before.  The basic moves look very simple and the type of thing you could do without much exertion, but that is a misconception.  For those who claim the system does not work, I would question their diet and how intense they worked out.  The workout is intense, but ultimately you control the how hard you push through the intensity.<br /><br />Admittedly, there are two downsides to this workout.  First, there is a bunch of jumping so doing it in an apartment is tough.  Second, due to the intensity and moves, you may have some joint discomfort.  Personally, I have been able to work around both of these issues.  Regarding the apartment issue I have gone as far as to workout outside, or to move around some of the equipment at my apartment gym to make room (you don't need much but if you apartment is anything like mine, they cram a lot into a small space).  I have had some joint discomfort and have found it eased by two things:  first, the better my diet the less likely I am to have any discomfort; and second, when I hurt I am always able to identify a move that I am doing incorrectly.<br /><br />I know many people that have done P90X, including myself, and those who I have convinced to give Insanity a shot all agree that it is much more intense.  It is just intense in a different way."
B002QZ1RS6,A3ONZJ214ZT9KU,STost,6/7,5.0,1303257600,2011-04-20 00:00:00,Results don't lie--AS LONG AS YOUR UP FOR THE CHALLENGE!,"Before my review, I must state what by now should be obvious to you:  THIS IS NOT FOR BEGINNERS! If you are not already in good shape, click away, select a different program, and come back in a few months. Also, if you have knee or joint issues, this may not be for you--actually, it's not for you.<br /><br />Ok. Now that you are warned, a discussion on my results:<br /><br />I completed the program and followed the nutrition guide to the letter (remember:  80% nutrition, 20% exercise!). After the 63-day ordeal, I have dropped 2 pants sizes (I'm a size 30 for the first time since 8th grade), lost 17 pounds of pure fat, completely overhauled my cardio endurance, toned my muscles, learned how to eat right, and built a six-pack. When I started, I had no aspirations of building a rock-solid core. I thought genetics were fighting me and that getting a six-pack was a naive dream. However, here I am and I can't believe the mirror when I see my core. My girlfriend's reaction was amazing (we are long-distance and she hadn't seen me since I completed the first month), her only words were ""wow, I can't wait to wash my clothing on your abs.""  I still have that little stubborn pocket of belly fat, but I am very confident that a second round through will rip me even more. (for my second round, I am doing INSANITY every other day and mixing in the weight exercises from P90X to build muscle--this way I remain lean and fit and can gain muscle mass).<br /><br />The first month is essentially a conditioning month to help you gain endurance for the second month. Though I felt tighter, stronger, and looked great after completing the first month, it wasn't until the second month that I began to see pounds drop and a core pop out (really, out of nowhere!). You gain so much muscle during the first month (mainly in your butt and legs) that measuring your progress on a scale is USELESS! (so don't do it!).<br /><br />If you are worried about losing muscle mass don't be. Just make sure protein is a staple in every meal you consume and ensure that you consume the calories required by the formula in the nutrition guide. DELUXE Insanity includes an optional upper-body weight training DVD that will help you sustain and even gain glory muscles (biceps, shoulders, chest). I did it once or twice a week, usually during my ""off"" day or after the ""recovery"" workout. If you don't eat right and consume adequate calories, you WILL shrink!<br /><br />Shaun T is a great motivator and keeps you pumped up throughout the entire routine. Just do what he says and push yourself as hard as you can.<br /><br />Make sure you have adequate footwear and enough space to do the workout. I also recommend a plyo-mat (though good ones are a bit expensive), heart rate monitor, and taking joint support supplements.<br /><br />I am a third-year law student at an ivy league school--if I was able to squeeze one hour a day for INSANITY you can too!<br /><br />People who have given INSANITY bad reviews generally do so because they got pirated discs that didn't work or are not in good enough shape to get through the program."
B002QZ1RS6,A29M4HW976F42Q,gildy,2/2,5.0,1303257600,2011-04-20 00:00:00,Friggin Awesome,"No messing around here.  I thought I was in decent shape, but this really pushes you.  Love love love it!<br /><br />The only thing: if you live in an apartment without a sturdy/ solid floor, there's major potential to irritate anyone living below you.  If you can't do a tuck jump and land without the floor rattling (and then do it again about 80 times), you might want to consider how often you'll be able to get your workout in without disturbing anyone."
B002QZ1RS6,ABTUK9MOLJSLB,Rob J,0/0,5.0,1303257600,2011-04-20 00:00:00,Worth the money!,"I was in need of some motivation to help get me back into a good fitness culture and decided to purchase Insanity.  I absolutely fell in love with it.  It's less than an hour a day which fits easily into my schedule and it is incredibly challenging which drives me to push harder.  It is tough on the knees though.  If you are someone with a history of knee problems, this is not for you seeing as  There are some pretty high impact exercises.  I would definitely recommend this to anyone who is up for a challenge and has the drive to see things through to the end."
B002QZ1RS6,A2PRPR3DPRGZ0M,"Jasmine Baker ""Jaz B""",0/3,5.0,1303257600,2011-04-20 00:00:00,Starting Off....,I am on the nutrisystem diet and Im thinking about adding this to my workout routine. I go to the gym everyday for three or fours hours. Im looking to cutting back to just one or two hours and doing Insanity everyday. Will this diet work good with it?
B002QZ1RS6,A1Y5ADODW6ETO9,kmm82,0/3,5.0,1303257600,2011-04-20 00:00:00,great service,"Product arrived with in one week, had all parts included, and is in good working condition. Overall satisfaction with this transaction."
B002QZ1RS6,ACVF5LG7SRI6W,Halfway,0/3,3.0,1303344000,2011-04-21 00:00:00,Still Skeptical,"I'm halfway through the first week of the second phase and I have to say I'm still skeptical. I'm in my early 20s, 5'6"" and about 155, so I could definitely lose some weight and inches. I've always played sports but I was always the position who never did serious amounts of running or anything so I never considered myself to be in that great of shape. Before starting this program, I went to the gym between 3-5 times a week and just wanted to try something that would actually give me results.<br /><br />First, I have to say I eat pretty well overall, but if I want a piece of candy or chocolate or a cookie or something, I'm not going to deprive myself. There are some days where I'm way under my calorie intake and some days I go a little over, but it should all even out. I haven't been following a strict diet plan, and maybe that's the problem.<br /><br />I have now done 3 fit tests and have improved on all of them a lot. My endurance has definitely gotten better in terms of doing the Insanity work outs too and I don't have to take as many breaks. However, I wonder if the reason my fit test has improved is because I'm just becoming used to doing those specific exercises. I don't feel like I'm in any better shape than when I started, and I haven't lost any weight or a significant amount of inches off my waist which was what I really wanted. I'm going to finish the program- the second month is definitely harder, and I'm really hoping that I start seeing some changes."
B002QZ1RS6,A1LYORL5CMHH60,"Crys ""Blessedcrys""",16/18,5.0,1303430400,2011-04-22 00:00:00,AMAZINGLY INSANE!!!!!!,"My product came via UPS today and I decided to give it a trial run before I really start tomorrow. After the fit test and breathing like I'm running a marathon in the Sahara Desert, words can't explain how I feel right now. I'm an athletic female who is in very good shape but after the fit test I am now ready for bed. lol* My legs has a mind of it's own right now, but I'm going to stick with this workout. Even though the pain is unbearable; it's STILL a good pain. All my years in the gym and I've NEVER felt like this in such a short span of time. Yes it is challenging. Yes it is hard. And YES you're going to want to run down the street screaming like a banshee in the wind from the pain, but the final results will be worth every ounce of pain. Those of you who may shy away from this, DON'T! Don't be afraid of the unknown. What have you got to lose but weight. Just pace yourselves and REMEMBER ""Rome wasn't built in a day"" and the extra weight didn't appear in a day either. Have faith and believe in YOURSELVES and GOD and the rest is history! YOU CAN DO IT! I look forward to starting tomorrow. Good luck to you all and God bless!<br /><br />***UPDATE*** I MUST start off by saying how amazing this program is!!!! Since I've started (4/22/11) I'm noticing a difference in my physique. I don't own a scale so I'm going by the way my clothes fit and pictures. For those of you making excuses as to why you can't start, STOP making excuses and JUST DO IT! Before you say I have no time, too much to do, etc. I will give a quick run down of my schedule. I'm a FULL-TIME college student (on campus NOT online), I work FULL-TIME 7:30a-6:00p, I also go to school on Saturday from 8a-4p, I also take care of an ailing parent, as well as a young adult mentor. I still have to cook my meals (I don't eat out; my preference), clean, etc. I'm sure you get the drift. With all this going on I still make time for ME! I've stuck to it and I will continue to stick to it. This post is ESPECIALLY for women. I know sometimes it can get hard and it is, but would life really be worth living without the challenges to make us STRONGER?!? BELIEVE in YOURSELF! YOU can do ANY and EVERYTHING you put your mind to. Hang in there and God bless!"
B002QZ1RS6,A128TL59S3RCYR,Tiffany,1/1,4.0,1303689600,2011-04-25 00:00:00,total insanity,"This is the first beach body workout program that I have purchased and I am completely satisfied with it.  The program is everything that it promises.  Shawn T is a very motivating person and he pushes me to work harder and ""dig deeper"" every day.  I can see the difference in the mirror and on paper.  I expected to have better weight loss results, but instead I have lost inches, which is ok.  I rarely have to force myself to complete this workout and it feels like an accomplishment everyday."
B002QZ1RS6,A1B2DB06E13XNV,Jack,4/4,5.0,1303776000,2011-04-26 00:00:00,this is some crazy program,"Nothing bad to say about this DVD set. It will DEFINITELY get you result if you stick to it.  The program itself is fast paced and if you are moderately in shape, this will be a great fitness DVD.  However, if you are ex-smoker or current smoker trying to quit while doing the program, your success will not come smoothly; expect some pukage and awkward bodily function might present itself at times, for at least a week or 2.  Also this exercise program will need a space where you won't disturb anyone."
B002QZ1RS6,A3NTFK5W9NSLOO,ChrisMel30,2/3,5.0,1303776000,2011-04-26 00:00:00,Loving it!,"Insanity is amazing, point blank.  I'm an almost 40 yr old mom of 2 small boys (my youngest being 2 yrs old) and after countless hours of the gym, nothing was helping me regain my post baby body.  I still have that awful pooch middle and although I can cover it with clothes that's not working for me anymore.  I started Insanity a week ago and I am already seeing major changes in my body.  My arms are more cut, my waist is going in and the dreaded stomach is shrinking.  I haven't seen much movement in the scale yet but from reading previous reviews I'm thinking this will happen as the weeks progress as long as the eating plan is followed. I'm looking to lose about 15 lbs and I'm guessing this is possible this time around.  Can't wait to see what I look like by the end of June.<br />I also would say if you aren't in very good shape already, start with something a little less intense.  I own Turbo Fire too which is awesome but just not as intense as Insanity.  Of course I have to mention that Shaun T is very easy on the eyes which is an added bonus!"
B002QZ1RS6,A1YBJU6PHKC6UY,corey,5/5,5.0,1303862400,2011-04-27 00:00:00,REMINDS ME OF BASKETBALL PRACTICE,"This program will help you get lean, you will not bulk up at all, if you want to bulk up, you should do less of this program just to maintain weight, and hit the weights sometimes.  What customers dont get is that every program does not work for everyone, depends on what type of person you are.  Me, this program reminds me of basketball practice back when i was playing, so i dont mind working out to the video, and it also reminds me of training when i was in the fire academy.  Personally if anyone who is reading this does not have a sports background, something similiar to basketball, track and field, or any sport that requires alot of physical sacrifice i suggest to not buy it, because i see there are alot of people who complain about knee problems, if you do have knee problems buy a strap or leg extensions to strengthen your knees.  I love this program because i feel this program is a program i can do for the rest of my life.  Not only does it lean you out, it builds endurance and helps maintain a good heart rate.  I admit im 29, and after a few workouts with this program I was jumping higher in the gym.<br /><br />But it all depends on the individual, i hardly lift weights, i mostly do push ups pull ups and muscle ups, because my body responded to those workouts alot better than weight, thanks to p90x, I like to have a lean athletic look, but if you want to be a bodybuilder do not get this program, but if you want to feel like you are training for a sport or a competition by all means get the program, i dont follow the calendar, i normally cycle through the disc and pick out which one i want to do that day, i switch it up each week, some days i do my own thing, some days i work out to this program, but in all, this is the best cardio program beach body has ever came out with,<br /><br />Oh yeah I got the insanity asylum, and that program is a beast, you will really feel like you can go out and try out for a team lol, literally, maybe not NBA but definitely college or semi-pro.  Like I said not all programs work for everyone, but i will say this just try it, if you dont like it, you can return it, and get your refund.<br /><br />DO WHAT WORKS FOR YOU, I love push ups, pull ups, muscle ups, and I hate weights.  Some may hate push ups  pull ups but love weights.  But thats what motivates me doing what I love to do, you dont have to do every exercise in the book, pick exercises that you can picture yourself doing, and cant get enough of it, sometimes I do push ups to pass the time by or pull ups or chin ups. Because thats what I love doing.  But if you love weights, do it, you dont have to do what someone else does.  DO WHAT WORKS SPECIFICALLY FOR YOU."
B002QZ1RS6,A2RKO2ZFPLQXWX,michaudra2,0/0,5.0,1304035200,2011-04-29 00:00:00,Awesome Program!,"I've always been pretty fit and work out about 5, sometimes 6 times a week.  I would often run 6 or 7 miles a day, etc.  I was getting bored with my work outs so I decided to try Insanity and I couldn't be more pleased.  Just on the first day I was sweating harder than I have a VERY long time.  It's very fun and fast paced. The work outs go by very quickly.<br /><br />It is HARD and very intense.  As he says in the video, make sure to go at your own pace.  The instructor himself as well as a lot of the participants in the back ground have to take breaks a lot because its so intense.<br /><br />Like people have said, if you have bad knees this probably isn't for you.  I find my knees to be a bit sore from all of the jumping we do in the videos.<br /><br />I would definitely reccomend this to anyone who is looking to get in shape/looking to vary their work outs."
B002QZ1RS6,A2OOBQ5MP9PV5Y,L. Bjarke,4/4,5.0,1304208000,2011-05-01 00:00:00,Kick-Butt Workout!,"This workout will kick your butt, but is not totally undo-able. We've just finished our recovery week and today will be starting month two(we're a little scared). My husband lost a good 10 pounds that first 4 weeks and we've both seen a lot of changes to our bodies - we're slimmer, firmer, our clothes fit better. If you're close to your goal weight already, don't expect to lose weight, at least not right off the bat,  but do expect the changes I previously mentioned. We've been following the meal plan and it does take some getting used to. At first, eating 5 meals a day feels like you're eating ALL THE TIME, but eventually you get used it and you get hungry every 3 hours. The meal plan really brings into focus how important it is to watch portion control and count your calories. Keeping the meal journals allows you to stay accountable and stay focused on your nutrition. Like I said, the workouts will kick your butt, but I don't feel like they're undo-able; even the people in the video (including Shaun T) have to stop and rest. There's a lot of plyo so be prepared for it; my knees were getting a little sore after week 4 but the recovery week helped and I don't feel the soreness anymore. Most recently I had been doing Jillian Michaels's Banish Fat, Boost Metabolism workout and I felt really prepared for Insanity - you do some of the same exercises in both. So if you want to do Insanity but feel like you're not quite ready for it, I would recommend doing Banish Fat, Boost Metabolism first, then jumping into Insanity. Shaun T is an excellent motivator and if you listen to him he'll keep you going, and in the end, you'll feel and look great."
B002QZ1RS6,A167ABU99FT4OC,Jonathan Bennett,5/5,5.0,1304294400,2011-05-02 00:00:00,"If you need to take your fitness to a new level, this really works","As a former fat guy who never wants to return to that state and a current health and gym nut, I'm a veteran of various workout programs. I've tried several home workout DVD's in my life and without exception hated them all. Insanity changed all that and honestly changed my life.<br /><br />I was already in great shape when I started Insanity. I could run ten miles with ease, held my own in strength, and spent 90 minutes in the gym six days a week. I picked Insanity because I wanted to take my fitness to a whole new level and get the perfect definition and tone that had always eluded me. I expected very little. I was insanely wrong.<br /><br />When I first started doing Insanity, it kicked my butt, then for good measure kicked it some more. Insanity is interval training, which means doing short intervals of intense activity followed by a short break. It's very tough. These aren't the wimpy exercises you learned in gym class. They are intense resistance moves that have even the fitness models (and occasionally Shaun T, the developer and host) on the ground and sucking air.<br /><br />After the first couple of days, I could barely walk I was so sore, let alone squat down. However, I pushed through and the soreness went away. Each day of Insanity remained tough because the workouts exhaust the muscles, but they were always do-able. Regardless, you can always take a rest break and then get back to working out.<br /><br />Best of all, I began to see incredible results very quickly. I could see definition in new areas, including those elusive abs after a week. After two weeks, my wife saw me with my shirt off and told me it was the best she'd ever seen my body. And, keep in mind, I'd spent tons of time in the gym previously. My body is truly the most toned and fit it's ever been. For the first time in my life, I'm really ready for the beach.<br /><br />I must add, however, that I don't follow the Insanity ""plan."" My wife does and has also seen great results. I do Insanity and supplement it with running, hiking, sports, the gym, and sometimes, even more Insanity. My transformation has been so amazing that, yes, I sometimes rewind and re-do parts of the DVDs. I don't follow the nutrition plan either, but it looks solid. I just eat healthily and always get enough protein, especially after working out.<br /><br />I want to say it again: this program is tough; kick your butt, suck air on the floor type tough. I had to clean the rug near my TV because it has so much of my sweat and my wife's. If you're a beginner, this program isn't for you. The warning to consult your doctor isn't just a formality here. Insanity is geared for people of an intermediate to advanced fitness level.<br /><br />Finally, Insanity will work if you do it. It's hard as all get out and many will quit. But, if you stick it out, you'll see results. It would be impossible not to. I started out a huge skeptic, but am now an Insanity devotee. Now I can't wait to finish it up and move on to Asylum. Oh, and to hit the beach this summer."
B002QZ1RS6,A1CPJN2AR8EX3H,Philip Smith,4/5,5.0,1304294400,2011-05-02 00:00:00,Amazing results,This program can help you be in the best shape of your life.  I am at high school weight after being out 30 yrs.
B002QZ1RS6,A2GS0ISGQNGUPI,jtm3,11/11,4.0,1304294400,2011-05-02 00:00:00,The Insanity of INSANITY!!!,"I just finished the first 30 days of the 60 day work out, and thus far, I've been largely successful.  I was skeptical especially given most reviews, including those from the product owners themselves, basically stated this product was only for those already in decent shap.  Some even said that if you were signficantly overweight, which I am, DO NOT ATTEMPT, go with something much lighter.  But for some reason the product more than any others ""spoke"" to me as I read the reviews, descriptions, and even the infomercial.  So guess what... I Survived, and have already seen substancial results, I'm down 12 pounds, look leaner, and I feel better.  Everything I have read tells me Month 2 is going to be ridiculous, as the intensity increases even more (which I did not think was possible), so perhaps I should not count my chickens yet until I get into it, but as I have come this far, only a major injury is going to stop me!"
B002QZ1RS6,A3CGZ2UDH9BEL8,"Ashleigh Ann Hicks ""ash""",1/2,5.0,1304467200,2011-05-04 00:00:00,KICKS MY A#$!!,Sean T kicks my butt!  Love it and love the fact I can work out in my own house without anything but these dvds.
B002QZ1RS6,A1B0GU4YB8XFBQ,Kimberly,0/5,3.0,1304467200,2011-05-04 00:00:00,"Great Product, but delivered in poor condition","Product was advertised as ""Used - Like New,"" however, packaging was in poor condition.  Not all literature was included per the description.  The book containing the DVD's was in poor condition with several sections so damaged that they will not hold the DVD in place.  There seem to be a couple of DVD's missing, as well.  The workout that the Insanity provides is great. However, if I had known that I would be paying near full price for a product in very poor condition, I would have ordered it from another distributer.  In other words, I recommend Insanity, but not this particular distributer."
B002QZ1RS6,A202RI4GNEIMUZ,A A Ade,1/2,5.0,1304640000,2011-05-06 00:00:00,True workout without a gym!!!,"I almost did not purchase this item because of the negative reviews, but I was comfortable with ordering through amazon. I am grateful that my DVDs work, and I can follow at my onwn pace. Although I can be considered moderately active, I have seen the greatest improvements in my energy level since completing physical therapy for ACL reconstruction four years ago. Some of the exercises can be hard on the knee, but I watch the whole exercise session DVD before I participate. This allows me to keep track of where I need to modify performance. This is a great product."
B002QZ1RS6,A3J0UYZU6JGZG1,G. Fadie,2/3,4.0,1304726400,2011-05-07 00:00:00,Game Changer but not a Life Chnger,"Like some other reviewers I had done P90x and wanted something to keep me in shape while I took a break from it. This is an awesome program that works you to the point of exhaustion every time. After a couple weeks your aerobic base is through the roof you feel like your heart rate can stay in the zone for longer and longer. And your recovery time is shorter.<br /><br />But despite all its benefits I think it is only good for an interim workout to whip you into shape rather than something you can continue to use over and over again. It's very intense and it doesn't let up and I just wonder if anyone could keep that kind of routine up over an extended period of time.<br /><br />By comparison, P90x is more of a long term life changer. It is methodical and evenly paced. You work muscles which burn fat and you work at a pace that keeps your heart rate and breathing up. With Insanity you're constantly sucking air like you've just sprinted a mile. It's as much mental as physical because you have to constantly make yourself keep going. The difference between the two programs is like the parable of the father and son bull looking over the herd of cows in the valley below them. The son says to the father ""Hey dad, let's run down there and f*** one of those cows!"" And the dad says ""No son, let's walk down...and f*** 'em all.""<br /><br />That being said, Insanity has improved me in many ways that makes P90x better. It helped my balance, stretching, endurance (of course) and my ""attack"" (if that makes sense). For example in P90x warm ups I know to lift my knees better and why it's important to do that.<br /><br />So my recommendation is to buy this program but don't think of it as the end all be all of workouts. It is an excellent compliment to P90x or any other weight training program. And you will learn a lot about warming up, stretching, balance, endurance and yourself."
B002QZ1RS6,APNEF8OWI7SOW,Anonymous,1/2,5.0,1304899200,2011-05-09 00:00:00,Great workout,"I'm 19<br />5'7""<br />145 lbs<br /><br />I haven't always been in great shape but I have been for the past few years due to joining the Marine Corps. I lifted weights for a while to bulk and was looking for something to cut. This workout is great and I highly recommend it to people looking for a challenge. The workout is intense but I wouldn't recommend it for beginners or individuals with bad joints or back problems. The routine is fast-paced, challenging, and exhausting!<br /><br />Good Luck,<br />Semper Fi"
B002QZ1RS6,A4T7UA7WTIZF8,Happy Buyer!!!,1/2,5.0,1304899200,2011-05-09 00:00:00,THANKS!!!,"Thank You so much!!!<br />You saved me a lot of money!!<br />Even though I bought it used, it looked like new!!!<br />Thank you Amazon!!!"
B002QZ1RS6,A13MCQG6PEK4RD,Namjahn,2/4,5.0,1304899200,2011-05-09 00:00:00,Best $120 spent. Getting back to my old self.,"I have always been very active. Athletic but not an athlete. Typical surf, skate, run, etc. I'm a smaller build at 5'5"" 135lbs. I always ran a 9:30 mile and half and always took it for granted until I got stationed here in Montana. It's below freezing here 9 months of the year and it is extremely hard to stay motivated. The only thing I really do is some hiking and snowboarding, both of which do nothing for my cardio. I just turned 25 and my last fit test I couldn't break 11 minutes on my mile and a half. Ridiculous, never in a million years would I have thought I would get so out of shape. Albeit I did break my femur in a snowboarding accident which took me out of commission for a few months. But it definitely put me into a sedentary lifestyle.<br /><br />Insanity is a lot like TimeLife. TimeLife is nothing groundbreaking, they simply collect a bunch of your favorite songs and put it into one collection. Insanity is a lot like that. None of the workouts are really new to me, but Shaun T puts them together in a way that is fun and effective. It has been a great motivator. Essentially, if you do any form of exercise at the level Shaun T pushes for 60 days you will get results. I have never eaten healthy but have strictly followed their diet advice and it does make all the difference. I do my own recipes based on their recommended ingredients. Minus cottage cheese. Can't stand it.<br /><br />I have to say my leg strength, core and stamina are the things I have seen the most significant improvement in.<br /><br />I'm naturally pretty lazy and have never liked going to the gym, especially when there's always a foot of snow outside. This literally is the best way to get in shape without purchasing anything but the DVDs. And maybe a heart monitor.<br /><br />Overall, a very practical and effective workout program."
B002QZ1RS6,A35VY1PRC636HH,Eddie Alvarez,0/0,5.0,1304985600,2011-05-10 00:00:00,Crazy workouts BUT effective!!!,"Insanity is the word for this home workout program!!Get ready to be sore But it's very effective,just go at your own pace in the beginning and little by little you'll gain strengh and stamina. Very addictive once you have the groove of it. Grab this IF you want to scorch the FAT AWAY. Eat clean as possible and you will look good by the end!!! Highly recommend this ONLY for the one who IS SERIOUS ABOUT CHANGING THE THEIR HEALTH!!!! Grab this!!!!"
B002QZ1RS6,A1FE35JDYTJP5N,Joe Crump,0/1,5.0,1304985600,2011-05-10 00:00:00,Possibly the best purchase I've made,"The infomercial really grabbed me. After researching to verify it was legit, I purchased this through Amazon. I even used the 1-day shipping since I was anxious to get started. The fit-test demonstrated coldly that I was out of shape. But even after only a week, I could start telling some results.<br /><br />In fact, I don't see how it's possible NOT to see results with this program if you follow it.<br /><br />Tips:<br />- Buy a heart rate monitor, you'll learn quickly you need it and Shaun T will keep telling you to check your heart rate. You want to make sure it's not too high.<br />- Figure out your pace, which most likely is not the same as the cast. If you can keep a high heart rate (high but safe) and make it to the breaks, then you are doing great. 180 heart-rate is a reasonable cut-off point.<br />- Don't be afraid to pause. Shaun T reminds you in some DVDs this is interval training so 'make sure you recovery' before continuing so you are giving intensity.<br />- Buy a food scale so you're measuring accurate portions<br />- Do a 5-meal rehearsal day before starting if you're not used to eating 5 times a day. You need to plan out in advance what you'll be eating and how you'll manage that."
B002QZ1RS6,A39QL4JLWMYXXB,Explorer7,3/3,4.0,1305072000,2011-05-11 00:00:00,Insanity is Insane!,I'm pleased with the product. I was eager to start but I took time to read the materials first; they were simple and easy to understand. The TV commericals are a true depiction of the program. Now I'm in week 4. It's hard but Shaun T keeps you motivated throughout the routine. I sweat a lot and I feel great after each session!
B002QZ1RS6,A1HJ54YAHEU90Y,HunnyJ,2/2,5.0,1305072000,2011-05-11 00:00:00,Works if you stick with it and eat sensibly,"So, as with all workout videos, I was skeptical - and after reading all the reviews, I was still skeptical.  I have a 1-year-old and was anxious to lose the extra baby weight (about 10 pounds) and get back into pre-preg shape (I am relatively athletic and hadn't felt so in like 2 years).  My husband and I started the program and signed up for myfitnesspal for the 'diet' portion (downloaded to our iphone/itouch) ... we have 2 days left of the program and I am thrilled/sad ... thrilled to see the results (back to pre-preg weight and toned! was 5'9"" 151lbs now 140lbs ... hubby 6'1"" 187lbs down from 218lbs)and sad that it is over - though I think we may start it again to see if it is any easier ... so it works and we can see the results in our before/after pictures and in our general level of fitness. We set up our basement with a tv and floormat and a pack-and-play for the days when we couldn't get up early enough to fit in the workout before the baby got up. I think eating the right calorie count is important ... we didn't really follow the diet plan with this video but def. changed our eating habits to be healthier. As far as knee pain (several others comment on this) - when we first started I def. felt pain in my knees and was suprised since i have played soccer since forever and never had issues ... but i was weraring running sneakers while working out and found out through some research that it could be my footwear bothering my knees ... I got a pair of crosstrainers after week one and tahdah! no more knee pain ... just go for it!"
B002QZ1RS6,A25SL7IOQPI5V4,John Mottola,3/4,4.0,1305072000,2011-05-11 00:00:00,oh my god!,"i just got mine in the mail today and couldn't wait to get started. i just now completed the fit test and let me say that everything i read is true. i haven't even started the actual workouts yet and i'm drenched and exhausted from only 30 minutes of work! and i am by no means out of shape. i'm 35, and i've been exercising for 15 years. i've done every kind of cardio you can think of: step, slide, boot camp, kickboxing, circuit, spin, yoga, you name it. if the fit test was hard, i can't imagine how difficult the actual workouts are going to be, but i am up for the challenge and i will definitely report back my results."
B002QZ1RS6,A1WCO6WMRB0CTK,"J. V. Hennburg ""The Straight Stuff""",2/3,4.0,1305072000,2011-05-11 00:00:00,"Great, but don't expect to look like him","Right. I have this workout, I have done it for nearly all 2 months now, and am very happy with it. The following are merely concerns that should be considered by others contemplating this as a means of fitness.<br /><br />First, if you have weak knees, try something else. This program involves a LOT of jumping.<br /><br />Second, if you wish or require a steady (no stops) program, this might not be what you are looking for. That could definitely have been one of the features here. As is, Shaun T. stops between exercises to show the viewers how to do the following one. That makes sense, right? Sure, the first time you see it. When you have already been doing the program for weeks, however, you know how to do them. All he would need to do was say ""Okay, Ski Abs [one of the exercises], everybody. Go!"" If you had briefly forgotten what ""Ski Abs"" was, you could look at the screen and see him and the whole group doing them. You could keep going, and that would take the intensity level to another level. It could be an option for ""version II"" of this. As is, to maintain the intensity level while doing this program I am running in place waiting for him to get going again while he is explaining an exercise I already know perfectly well.<br /><br />Third, and most importantly, this program is not likely to get you to look like the gentleman on the cover. There are folks out there with that incredible genetic code (e.g., Herschel Walker, former pro football player, built like a statue and won the Heisman Trophy in college by doing no upper body training except pushups), but not many. This program will shape you, definitely, but it will not get you to look like the exercise coordinator or his participants onscreen, all of whom look like bathing suit models. To get that - to get ripped - you are going to have to lift weights too. The abdominal workout here is not that intense, it just isn't. Unless you have that gift-from-God genetic code you will get no six-pack from doing it. You will need to do the other exercises body-sculpted people do, and LOTS more of them than displayed here (20 minutes?? Forget it!).<br /><br />All in all, however, this is a great product. I have survived it, I have enjoyed it, and will keep doing it. If you are thinking about getting it, GET it! And Dig Deeper..."
B002QZ1RS6,A33IMLGPYHIRIE,Resarans,4/16,4.0,1305072000,2011-05-11 00:00:00,The Problems with Insanity,"First, Insanity is not the ""most extreme"" or ""most difficult"" program out there. The program reminded me of my experience in JROTC Raiders in High School. This does not mean the program is worthless, or even average. It is very good, and will certainly improve your fitness, no matter what level you're at. The line ""Shaun T's brand-new program is the most extreme, most difficult, and most rewarding workout you will EVER try"" is just for selling points. Second, consult a doctor before you try this program. It is not for people with fairly weak joints. I'm in excellent shape, but I have to stop regularly to give my ankle or shin a break. Having the right shoes isn't a way to get out of this problem. The shoes I have are almost brand new, and were fitted based on the unique way I walk. In short, if you're not physically able to endure this program, without joint or back pain, then find something else. Third, Shaun T isn't there to coach YOU personally. He cannot see you or adjust his workouts to your personal needs. If you fall down, throw up, or something blows out, the recording will simply say something like, ""Let's go, Let's go!"" or ""Alright, let's pick it up."" In short if you want to have an extreme workout experience, and lose weight, gain weight, or improve in fitness in a short amount of time, get a personal trainer who you can trust. It may be more expensive, but it will help with YOUR needs much better than any recorded program ever could. Thank you for reading this, and good luck with your training."
B002QZ1RS6,A16L5UPFOMQ3CQ,"Jeremy R. Smith ""JSmithNickell""",3/3,5.0,1305158400,2011-05-12 00:00:00,Insanity was the reason I became a BeachBody Coach!,"Having done P90X before, I quickly realized Insanity was NOT for the weak minded or for the lazy. These Insanity workouts are for the physically ready and the mentally strong...no weights necessary, just a willing attitude. Geared towards the fit work out enthusiast, but can be modified to work your way up into keeping up with the Insanity crew. In less than 10 days of working out I started noticing hints of ""6-pack"" abs and wanted to keep pushing myself. The results alone were motivation enough for me to keep working out and become a Team Beachbody Coach (beachbodycoach.com/JSmithNickell). Now, I'm helping and motivating others through this intense workout. You CAN do this too!"
B002QZ1RS6,A1NNTS4NUTRT2Q,Airforce Girl,2/2,5.0,1305331200,2011-05-14 00:00:00,Lost 2 Pant Sizes!,"I tried doing p90x but found it boring and couldn't stick with it.  I did like the p90x plyo video though so that's how I found Insanity.  Omg I loved it!  The first month isn't even the insane part, it's just gearing you up for the truly insane 2nd month!<br /><br />I only lost 3 lbs but I went from a size 12 to a size 8 in jeans and from a large to a small in t-shirts.  I'm more fit after doing Insanity than I was when I was in the military and fresh from boot camp.  I wish Insanity had existed when I enlisted as this would be a great program to use before going to basic training!"
B002QZ1RS6,AYMVUW6GMY8WD,DELOACH,0/1,5.0,1305417600,2011-05-15 00:00:00,Intense videos! The hardest DVD's on the market period!,"This is some intense workouts! The remote control is your best friend, just remember that when you are out of breath!"
B002QZ1RS6,A1EWNV0T2UESS7,Xman Indy,0/0,5.0,1305504000,2011-05-16 00:00:00,Intense and portable.,"I started the workout one week ago. I am pretty busy and needed a workout that I could do anywhere. With this workout there are no weights, a lot of cardio, and great results. With diet and the program I am already seeing results in one week. Shawn T is really encouraging and pushes you like a personal trainer. I also like the fact that the DVD's can be used anywhere, from home to hotel rooms. All you need is workout gear, shoes, a DVD player (or Computer) and a towel to wipe off the sweat (because you will be sweating). It is intimidating at first, but well worth it if you are willing to work."
B002QZ1RS6,A2Q83G9635JE5I,chokipokilo,1/3,3.0,1305504000,2011-05-16 00:00:00,Depends on your goals,"Long story short, you can get a more effective cardio workout with more traditional burst interval training in a much shorter time.  You can get stronger and more toned, quicker, with weight training.  But you can't do both simultaneously.  If you have trouble motivating yourself, have a limited schedule, and care more about getting toned than strong, this workout is probably fantastic.  I, however, was disappointed."
B002QZ1RS6,A3EFRU7QLUMKRV,kmarie,3/13,2.0,1305504000,2011-05-16 00:00:00,messed up dvd's!!,"So far I have loved Insanity....but would be nice if I could use all of the discs. 3 of the 13 don't work, very disappointing especially after paying so much for it. My advice-buy from BeachBody.com!!! not some random seller."
B002QZ1RS6,A1WN9WEGSTIVPS,Alerit04,1/1,5.0,1305676800,2011-05-18 00:00:00,Insanely good!!!,"I wasn't consistently working out before, but after I got Insanity I can't stop!!! It's really hard at first and super intense, but once you get into the routine you WANT to keep going. I've been doing it for three weeks and I feel great and I'm starting to see my body change. If you don't follow the meal plan, at least eat healthy and stay away from junk food and sweets. That should do it. I'm pretty excited to see the results!!!"
B002QZ1RS6,A6HYRBBSPCUZI,"momforever ""Mom of three""",29/30,5.0,1305763200,2011-05-19 00:00:00,Hardest workout that improved my running,"First, let me say that I have all the Jillian Michaels workouts, including her latest Ripped in 30, and I have Cathy Fredrich workouts including HITT, and run 3-4 miles a day, have P90X, have Chaleen Extreme, and Turbo Jam.  I really like to workout at home.  I have to say, in terms of cardiovascular endurance, muscular endurance and speed training, this is THE hardest workout I have ever done.  I have been on Insanity for about 3 weeks now, and I am just now able to get through one of the workouts, which is only 38 minutes.<br /><br />The best part of this is that I am able to see my stomach muscles after 3 kids that I have not seen in 10 years.  In addition, my running, especially going uphill, is hardly a workout anymore.  I use to run with my dog, who I could not keep up with (he's a young lab) to now me having to pull and encourage him to keep going faster and keep up with me.  I can easily run 5-6 miles, at a 9 minute pace and feel like I hardly break a sweat.<br /><br />I am 41 years old and feel like I am in the best shape of my life.  Even though this is not a muscular building exercise, I have lost so much fat that I can clearly see ab muscles, shoulder and tricep muscles, back muscles, hamstring muscles.  While this is hard and even the people in the video take breaks, for me, working out is not really working out unless it is effective in fat loss and strength and endurance building.  It is worth the 40 minutes of panting!"
B002QZ1RS6,ADF950SAOSKV2,D,0/2,5.0,1305763200,2011-05-19 00:00:00,Intense!,I was skeptical about working out in front of the T.V.  After the first week of workouts I realize that I get a better workout from doing plyometric exercises than I ever got from the gym.  Insanity is intense!
B002QZ1RS6,A2F0JEE2VPFNR1,Shelly,8/21,2.0,1305763200,2011-05-19 00:00:00,Buyer Beware when purchasing  DVD's from Franklin Supermart,"Franklin Supermart (seller profile)Shirley Co,  in Alhambra,CANADA, make me so unhappy.<br /><br />I ordered Shaun T, Insanity the Ulitmate Cardio Workout & Fitness DVD Program and some of the DVD's I couldn't play on my DVD player here in the United States because the disc said ""Area Limitation"".<br />So now I have to resend those DVD's at my cost back to them (Shirly Co in Alhambra CA) to do whatever they need to do.<br />When I emailed the seller (Franklin Supermart) and asked what the term ""Area Limitation"" meant, there was no explanation, instead I was told in the email to send the DVD's back to them. on my dime."
B002QZ1RS6,A11AM35BX7UBKE,Carlie M Fieseler,2/2,5.0,1305936000,2011-05-21 00:00:00,The Title doesn't Lie,"If you are ready for a workout that will kick your butt but doesn't take that much time, this is for you. I know I sound like an advertisement. I won't lie, it is very hard and super high intensity, but it also works and takes less than an hour. The first few days I hurt so bad I could barely walk, but I'm at the end of week one and I already feel better. I'll update, to show progress and that this workout really does its job."
B002QZ1RS6,A1J8J3MBPVJKRM,"K. Salau ""{Pop Culture Socialite}""",45/46,5.0,1306108800,2011-05-23 00:00:00,Insanity = Insane Results,"Let me just start with the results--In 60 days I lost 28lbs and 27.25 inches from all over my body including almost 6 inches from my waist! And this was without sticking the the diet portion. Isn't that Insane!?!<br /><br />If you think, ""I'm fairly in shape, how hard could this be?""  Pretty d*mn hard! My 16 year old athlete brother who started with me quit after a day, saying it was too hard. I was SO out of shape and this just proceeded to kick my butt. It was the hardest workout I've ever done! It's a combination of sports drill circuit training that will leave you SOAKED every day. I was sweating as much on day 60 as day 1. It never gets easier, you just get stronger!! No weights, just you pushing your body to it's limits 6 days a week. I NEVER skipped a day; as hard as it was, I made the commitment and never missed a workout, even if it required me working out at 2 a.m.!! It was the only fitness program I've ever stuck to. I can fit clothes I haven't been able fit since 2008!  I've had this cute pair of designer jeans, tags still attached that I could never fit that I tried on and can finally button! I feel like so much more of a women now that I've gotten some semblance of a shape back!<br /><br />I can't wait to get my Insanity T-shirt because I definitely earned it!! Shaun T and the crew is the great, BTW!! Come on y'all let's GOOOOOO!!!!<br /><br />TIPS:<br />-Drinking 64oz + water a day is very necessary because you sweat SO much! If you don't drink a lot of water you will be dehydrated<br />-It's harder to do this workout on carpet, but also be careful with ceramic tile because your sweat makes the floor super slippery...Seriously, that's how much you sweat, you may slip on your own sweat!!!<br />-Ladies--a good sports bra is really important (maybe two!) because the jumping is so intense!<br />-You need something for recovery because you are pushed to your limits but I didn't buy the recovery formula from Beachbody, I used chocolate milk (Instant breakfast or Ovaltine); it's what athlete's use.<br />-Sometimes to switch it up, I used the No Music option and played my iPod instead, my favorite party songs helped me push harder<br />-Only do YOUR MAX, I promise I still barely make it through the warm-up yet even with all the breaks and resting, I still managed to lose a ton of weight<br /><br />You can do it, dig deeper! Insanity works for you if you work for it. Round 2 here I come!"
B002QZ1RS6,A1VIVHHCTKDL5U,J,31/74,1.0,1306195200,2011-05-24 00:00:00,The Most Boring Workout EVER!,"The workouts are hard.  Very hard.  But they are also seriously boring!! You repeat the same 5 exercises over and over and over (and I will spare you how many times you repeat the same thing), but at slightly different speeds.  It didn't keep my interest at all.  I got bored long before I got tired.  After 20 days, I shipped mine back.  It was not worth the money or the time to put the disc into the DVD player.  Waste of $25+ for shipping and handling."
B002QZ1RS6,A3D4P0AGYUQV11,IrishOne,3/3,5.0,1306454400,2011-05-27 00:00:00,INSANITY....is no exaggeration,"Tired of purchasing LAME workout videos?  Me too.  Insanity was my last hope.  I typically bypass infomercials, but I was intrigued by Shaun T and his workout philosophy.  I've had the videos for about two weeks and I am 100% satisfied.  I would highly recommend the workout series to anyone/everyone, however use caution because it is insane.  Sounds cheesy, but you'll be saying it too.  I'm hooked!  Thanks Shaun T.!"
B002QZ1RS6,A23SJFLPHP77PE,Pam Atkinson,1/1,5.0,1306713600,2011-05-30 00:00:00,Two weeks into the Insanity Program,"We are now just beginning our third week and can say this program is everything it is cracked up to be.  It is truly insane!!  It is a complete package with DVDs covering each session along with the calendar showing what program to do on each day.  A complete eating plan which is realistic and easy to follow is included.<br /><br />Shaun T is an excellent motivator, he keeps you moving and digging deeper to complete the program. He demonstrates the exercises and shows the correct form for each.  This program is not for those who make excuses.  But if you like to push you body and work hard this is for you and will take you to a new fitness level.<br /><br />Although we feel it will take us more than the 2 months to get the Shaun T body. We feel this is an excellent program and worth the money.  It allows us to work out indoors as our weather is cold and rainy, although by the end of the workout the windows are open!"
B002QZ1RS6,A3A12PAB7LKUMJ,blockparty50,28/31,3.0,1306713600,2011-05-30 00:00:00,If you're already in good shape review.,"Male 6'10- 250lbs<br /><br />Lets me start of by my saying that I'm a lifelong athlete and I played basketball in Michigan about 7 years ago. I'm very active and in good shape. I wanted something that will challenge me again, so I got the set. I sure am challenged and it kicks my butt. This is a review for those people that are already in good shape. If you do it right, you will always be sore and wasted. Wife and I made this a together thing and we are currently on the recovery week. My wife wanted to drop about 5-10lbs and maybe get some toning, definition,better flexibility and overall better health, but so far no weight loss. This will for sure get you in top stamina shape; make your body harder and your quads much bigger. Most of the moves are quad dominate and there is no way around it. You will gain muscle and maybe burn some fat, so you might not see a huge drop on the scale. This is off course not a case for everyone and you might experience a much more significant weight/fat loss if you're 20lbs or more overweight .If that's the case, it would be impossible not to drop weight with this program. For those people that are already in shape it will be hard for you to drop the last 5 lbs because like I said, you will build muscle in your legs and you might lose muscle mass in your upper body. Also, if you are trying to burn fat from your stomach remember that this will be that last area where you will see a difference.  Your body will burn fat from different places first and then refer to the mid section.  Overall this is a very hard program and if you're already in some kind of shape you will get benefits of better stamina, better circulation, stronger core, flexibility, but not a sure fat loss.<br /><br />I'm giving this 3 stars based on the difficultly of the program and the little fat lost. Pushing so hard and devoting so much time and energy should produce much quicker fat loss and not muscle mass in your legs. There are just too many moves that include jumping. Women don't want to have big thighs and this will sure make your legs bigger. I personally don't care, but you might. I hope after we finish the second month my wife will see that her hard work will show better results."
B002QZ1RS6,A28H6GFAYKYIHX,Rach,0/4,4.0,1306972800,2011-06-02 00:00:00,"Great, but one problem.","Insanity came new to me.. packaged in original wrapping. Everything was in good shape, except one of the DVDs skips... not sure if this is the manufacturer's issue or the seller's. Overall, I would buy from this seller again!"
B002QZ1RS6,A213OFDZUN0TMM,LuvsZappaFan,1/1,5.0,1307491200,2011-06-08 00:00:00,Best Workout Ever!,"Sean T is an awesome, motivational, fitness instructor.  This workout will change your body if you stick to it.  I am training for a marathon and am on my second 60-day workout with Insanity and I would recommend it to anyone who really wants to change their body and get stronger.  The people in this series are really working out, and hard.  This is no workout for sissies."
B002QZ1RS6,AO6SS1GYVRDYP,Val,2/2,4.0,1307577600,2011-06-09 00:00:00,increased cardio performance,"I bought this DVD two months ago and can tell a huge difference in my body especially in my legs and stomach. This is more of a cardio workout but you should see some definition in your arms, legs and a smaller stomach. I think this will be a perfect workout before you start P90X. I had torn my ACL about 10 years ago and when I first started this exercise regiment,I used a knee strap on both my knees because of the reviews of this being hard on your knees and joints. Thus far, I havent had any injuries or pain in my knees from doing this workout but was very sore all over when I first started. I'm 39 mom of a two year old and was a light/moderate exerciser before I began. I've lost 10 pounds and most of the time, eat healthy. I don't get as tired chasing my 2 year old around like I use to and you do not have to keep up with the people in the video, just keep moving and take small breaks, you dont have to complete every set just do your best. The best thing about doing this is that people noticed I've lost weight and even though I dread doing it, I feel great after completing it. There is a lot of the same movements but still very challenging."
B002QZ1RS6,A1M569XZKT5ILM,bcw,1/5,5.0,1307577600,2011-06-09 00:00:00,Very happy with the product,"This came in perfect condition and shrink wrapped for shipping.  Every DVD I have run so far has worked perfectly and all the additional information - calendar, nutrition guide, etc - were all in the box when I received it."
B002QZ1RS6,A10MD34QT33T0P,Jeffery M. Cosby,6/14,2.0,1307577600,2011-06-09 00:00:00,Results not worth the (extreme) effort,"I've been working out off & on over the last 10 years.<br />This years plan started with Power90, then INANITY (a new one for me) then P90X. Finished Power90, I was pumped up & looking forward to INSANITY.<br />I don't half-ass my programs & want the best results, so of course I'm eating the right foods in the right amounts, 5 to 6 meals a day plus taking supplements.<br />For me the results weren't worth all the ""Insanely"" hard works. I'll be starting P90X again. I get much better results from that.<br />I think INSANITY may be for people younger & fatter then me."
B002QZ1RS6,A2NE4KHCHVF3Z,mjgoryl,4/5,3.0,1307664000,2011-06-10 00:00:00,Insanity exercise dvd collection,"My son loves the intense workouts but about 20 days in, 2 dvd's didn't work and got no help from Supplier (Beachbody) or reseller (SERGFRO).  In short, exercise program is good, customer service to remedy situation was terrible."
B002QZ1RS6,AE0AE0QLM3YEC,Abdul Habeeb,0/1,5.0,1307664000,2011-06-10 00:00:00,ONE OF A KIND,"This workout dvd is the best I have seen in the market so far. I have been using dvd as part of my workout for the past 25 years. I thought I was in good shape, untill I tried this workout. This workout takes me to another level that I never been. This is great and I'm enjoying it. Please if you are a beginner, someone who have not excercise in years, don't try this workout."
B002QZ1RS6,A33HUUC32L37KQ,yahis09,2/3,5.0,1307750400,2011-06-11 00:00:00,insanity workout,I was very satisfied with my purchase.I purchased this product June 1st and had originally said that i was going to receive my package in about 2 weeks and received in a couple of business days. Looking forward to doing business with you guys. Thanks so much.
B002QZ1RS6,AGZMDLBIOSUDQ,Shannon20,5/33,1.0,1307750400,2011-06-11 00:00:00,Terrible,The order came in decent time but 4 out of the 10 disks are completely damaged and not even usable. A few of the other disks also have damaged spots that skip when your trying to use them. I was beyond upset with the quality because of how much it was listed for.
B002QZ1RS6,A288KCPBITTX71,Diane,0/7,3.0,1307923200,2011-06-13 00:00:00,Meh,"The dvds come from China and are obviously knock offs (not ""used"" as advertised). But the seller is pretty good about providing a good product. Meaning, a couple of my dvds didn't work and he sent me new copies after I emailed him. Then again...a couple dvd's didn't work. And of the new ones he sent, one still didn't work. The workout was put together in a way where the clips were all out of order. So you can't follow the workout at all. So, overall I would say: good customer service, poor product."
B002QZ1RS6,AXYT5SOONJHZ7,dbowie80,4/4,5.0,1308096000,2011-06-15 00:00:00,Self Motivation A Must,"I cannot rave enough about this workout.  Although, if asked when I first started, I would have said every bad word that came to mind.  In the beginning I often wondered if it was worth it...6 days per week of working out and I do mean work.  But when the end finally came I was glad that I stuck with it.  All I have to say is that this video is not for the weak willed, if you come up with reasons not to do it, you will not!!!  The first actual workout (not the fitness test) I felt...the next day and the day after that and the day after that.  I was sore for about a week, but I stuck with it and at the end of 4 weeks I was seeing results that I liked and I could've stopped there and been satisfied with my body but I wanted to see exactly where 60 days of insanity would take me.  And just when I thought I was getting used to the first half of the workout I started Insanity Max  and it kicked my butt all over again.  I loved not having any additional equipment, no weights, not resistence band, no medicine balls...just me!  I went from a size 14 to a size 8/10 (and I didn't even follow the nutrition plan, but I did control my portion sizes AND I still enjoyed my pizza and burgers, my desserts, and my wine! DISCLAIMER: RESULTS MAY NOT BE TYPICAL).  That was the fastest I've lost weight and the most toning I've done since I first started trying to lose weight after giving birth to my youngest who is now 4 and it took 60 days of commitment.  My advice:  get a supposrt system in place to motivate and encourage you and love to hate Shaun T (sorry Shaun T) that's what got me through it.  By the end of it all you'll feel stronger and be proud that stuck with it.  Good luck to all who undertake this endeavor, you will definately understand why this workout is called INSANITY!!!"
B002QZ1RS6,A4X59QEQZ5Z15,jose,2/4,5.0,1308096000,2011-06-15 00:00:00,>_> ?????? >:D,"well this goes to the people on the big side of the gene pool. I personally wight 256 pounds and im 16 years old. The first week was pretty hard but its about digging deep and the amount of determination you have. Over wight can do this program Im doing very well. I have lost 6 pounds the first week but remember the amount of wight you will lose in the begging of this program depends on how much you wight,because obese people tend to lose wight faster than thoes who are a on the skinney side.<br />I would recommend this program if your trying to lose wight. But remember its about determination, diet, and really giving it your all.<br /><br />AND DONT FORGET TO STAY HYDRATED."
B002QZ1RS6,A31LKL8N0NHX5K,Truthful Turtle,0/2,5.0,1308182400,2011-06-16 00:00:00,Excellent Product,I am very pleased with my Insanity discs! The seller sent them to me early and even wrote Good Luck on the package slip. Everything came as promised and in excellent condition. This program is not for the faint of heart. Stay committed if you want results. One workout will have you pouring sweat from every part of your body.
B002QZ1RS6,A12G7GBHD997H5,delana,0/2,5.0,1308268800,2011-06-17 00:00:00,Stay strong!,This product is AMAZING. If you are in somewhat good shape and are willing to put in the effort for the duration you WILL see a difference. The first time you make it through an entire DVD without having to pause and catch your breath is a great feeling!
B002QZ1RS6,A2E5A0XNM0871P,Capt. Aloha,0/0,5.0,1308528000,2011-06-20 00:00:00,Insanity:  A Perfect Title,"I bought these DVDs and these workouts are crazy.  I do like this program, just not when I'm doing it.  When I'm doing it, I think I must be insane to be doing this madness!  I'm 5 weeks in and am at or near the best cardio shape of my life (guy in his late 20s).  For me, it is crucial to stretch before the warmup of each DVD.  When I didn't stretch, I kept getting slight muscle strains, now I've started stretching before I start and everything is all good."
B002QZ1RS6,A2HZDVSDSA5ISE,Angelus,12/12,5.0,1308528000,2011-06-20 00:00:00,BEWARE! EXTREME WORKOUT AHEAD!,"I have been shopping on Amazon for years and have bought countless products from them.. and never have i ever felt the need to write a review.  Nothing has been either good enough or bad enough for me to have an opinion that I just NEED to share.  I guess there's always a first.<br /><br />I bought Insanity after watching the informercial even though I never really trusted them.  Insanity seemed simple and true enough: no gimmicks, no fancy contraptions, just PURE HARD WORK and u'll get the body you've always wanted.  I am getting married in a few months, so i figured hey why not give it a shot.<br /><br />I've been fairly fit.. playing competitive sports from middle school all the way to varsity.  I had a two year stint in the Army after college as well.. though i have to admit, the past two years, i've been going to the gym way to little and not eating healthy.. my fitness level though decent is no where near fit.<br /><br />Onto the product:  Insanity Works.  plain and simple.  The first week was quite shocking.. half way through the fit test and i realized how truly out of shape i was.  wheezing, coughing and lying in a pool of my own sweat, i questioned if i had the will to continue.  Just going through the warmup (Shaun T makes you do a circuit of about 7 exercises repeated 3 times without stopping) was a real challenge.<br /><br />Somehow i survived and by the second week, i was feeling much better, being able to go through the whole dvd stopping only occasionally.  By the second fit test, i was feeling good, my results showing a drastic improvement.<br /><br />By the end of the first month, I was feeling fit and healthy, i dropped 6 kgs and 3.5 inches off my waist, and EVERYONE noticed how much leaner i've become.<br /><br />Recovery Week:  Don't let the title fool you.. recovery week is not easy!  Although they are not the same intensity as the regular exercises, they will make you sweat!<br /><br />So.. I just completed the first day of Phase Two and OH MY GOD.  Shaun T kicks it at least 5 gears higher and pushes you to the max.  It doesnt help that the first day of phase 2 includes a fit test AND a max interval training (team beachbody should consider changing this!), but I feel like I've started all over again.  Phase Two workouts are ONE HOUR each and will absolutely destroy you.<br /><br />So here I am writing this review with my arms barely working.. I am spent, exhausted, still pouring sweat but excited.. if the first day can make me feel like this, i can't wait to see the results at the end of the month.<br /><br />Apologies for the rant.. believe me when i say this.  Insanity IS THE BOMB."
B002QZ1RS6,A1V06KOAWUNFPK,Lakutra,1/1,5.0,1308614400,2011-06-21 00:00:00,Insanity,"Insanity definitely works and will get you in shape.  You should be prepared to make a commitment to do the DVD daily.  The workouts are hard and you will sweat a lot every time.  I found I had to make a few small adjustments to a few of the exercises because I simply could not do them (mostly the plank work) so I do "" girl"" style pushups instead of the regular, etc.... However, once I made these few substitutions, I was on my way to a better body.  I do recommend this workout and probably will add more beach body workouts to my collection in the future.  Shawn T. Is motivating and helps u do the exercises correctly.  This is no walk in the park.... It is real cardio and u will be sore.  Enjoy."
B002QZ1RS6,A2ORPGVDN8T38A,Elianne,0/1,4.0,1308614400,2011-06-21 00:00:00,really good!,"it's a really good workout, i've been doing it for a month now and I'm starting to see a difference in my body.<br />you have to be very carefull with the knees though or you might wanna quit in a couple of weeks."
B002QZ1RS6,A3QNT2CDZ9QM8K,polkadots,1/1,4.0,1308700800,2011-06-22 00:00:00,GREAT BUY! 100% Recommend!,"Overall super product! The workouts are VERY intense but since they exercises change you do not get bored and the time goes quicker than running on a treadmill for the same amount of time. It is also motivating to do which is a huge plus! I would recommend doing this with a friend or family member as it makes it even more motivating!<br /><br />Only thing I noticed is that for those people who want to loose weight while doing this, I found that it is helpful to run in addition to the workouts. The workouts are significantly improving my cardio capabilities however I do always feel skinnier after running and then doing this workout versus just the workout alone."
B002QZ1RS6,A1VXRF9NJZA45G,J. Bennett,0/1,5.0,1308700800,2011-06-22 00:00:00,Looking for a real Cardio workout - this is it,"I am 40 years old and really needed something to work on my gut and give me more energy.  The workouts are ""INSANE.""  You sweat the entire time.  The video shows people who have been doing this for along time drop like flies from exhaustion.  In a weird way it motivates me.  This is a great buy but it does you no good if it just sits on your shelf.  Make the time and do it."
B002QZ1RS6,A2POBXOA9DD3YU,Brandon M. Rodriguez,3/3,5.0,1308873600,2011-06-24 00:00:00,No gym membership needed.,"First off let me say this program is not for an out of shape individual.  I've worked out for 16 years, was in the Marine Corps, ran cross country in high school and have ran 50K's.  Let me tell you this is one of the hardest things I've ever done.  When the background people start leaving the set because they are exhausted you know this is crazy.  If you are out of shape do not buy this.  This is not for people looking to just get back in to exercising.  This is for a person that is in moderate to good shape.  You will definitely be ripped after 60 days by following the program and eating right."
B002QZ1RS6,A1BRKY4E5XX4WP,Cecy,1/2,5.0,1308873600,2011-06-24 00:00:00,Day 13 Insanity,I am LOVING this work out and I am SEEING results. Stick to the meal plan and stretch often and you will be loving it and seeing results too!
B002QZ1RS6,A146DRSDTCQE7,William Shipman,1/1,5.0,1308960000,2011-06-25 00:00:00,More than I expected!,"The title says it all. I heard all the hype about this video and wanted to try it out. I finally ordered it and insane is the right word for it. I consider myself in pretty good shape. I run three miles three times a week which apparently is not as good as I thought. I did the fitness test which is the first video and was completely out breath and tired. I had no trouble sleeping that night.<br /><br />The second video I could not even finish in correct form I just did as much as I could and hoped for it to be over soon.<br /><br />The nutrition plan is great too.<br /><br />I would definitely recommend this video set to anyone serious about getting in shape.<br /><br />Update: August 30 2011<br /><br />I have completely finished the program. I have lost quite a bit of weight and my metabolism is very high. I started the program weighing 215 and I am down to 190. No more beer belly or love handles. The program is very intense but, stick with it and you will see great results."
B002QZ1RS6,A31QMY1S0LSUA2,RDIAZ,4/32,1.0,1308960000,2011-06-25 00:00:00,DVD dosent work,Some of the DVDs in this set do not even work. What a ripoff! Very disappointed! These DVDs were obviously copies of the real thing.
B002QZ1RS6,A1BFGRDVJGOT7G,Wolfvixen,1/1,5.0,1309132800,2011-06-27 00:00:00,I hate you Sean T!,"I hate this workout, and I love it.  I did the P90X workouts, and to be honest, Insanity made them seem easy.  Not to say that P90X isn't great (it was), but this is focused more on cardio and plyometrics, which I hate and is my weak point.  All the more reason for me to get this workout!  I'm on my second cycle of the workout now, and I'll be honest, I could not get through a full workout for the first several weeks of my first try through this.  Definitely not for a beginner or those with a weak will!  If you don't mind sweating profusely in front of a family member or a friend, I'd definitely recommend finding a workout buddy because you'll need the extra motivation.  I got my sister to do it with me through the first two month cycle and it really helped me push longer.  To sum it up, I hate you Sean T!  And I love you :D"
B002QZ1RS6,A2MJFBOXFZ3HC9,C. Springer,96/117,1.0,1309132800,2011-06-27 00:00:00,Insanity ruined my back,"I actually loved Insanity.  It pushed me, the music and workout was great.  It was a great challenge and put me into perfect shape.  However, a couple of weeks after completing insanity I started getting back pain which progressed over time.  Ultimately it turned into a fully herniated disc.  Now I am potentially facing a lifetime of pain and challenges.<br /><br />I read many reviews before doing insanity about it being a high impact workout with repetitive jumping and motions that can cause deterioration in spinal discs.  Oh how I regret not paying attention to that ahead of time.  I'm 34 and was in good shape before I started insanity and have always been athletic.  I've never had back pain before but now I'm stuck.<br /><br />Also, I didn't actually experience any specific back pain or injury while doing the workout and I was careful to build up and use my core during any bending or back focused exercises.  I believe it was just the intense, repetitive movement that deteriorated the casing on my disc and now I can't do any exercise.<br /><br />Be careful with this."
B002QZ1RS6,A3M9BN6W1J1M25,Carlos Perez,3/4,5.0,1309219200,2011-06-28 00:00:00,Insanity does work! Take it from me!,"It works! I just started Round 2 of Insanity and let me tell you, I'm sooo glad I'm back doing 30 min instead of the hour! lol.. It is super hard but not impossible. Before Insanity I had never worked out in my life so I was really in bad shape but I stuck through it and I feel better than I ever did! So again it will work if you stick with it! It will kick your ass, make you puke and even make you feel soo sore that you can't even get out of bed! lol.. But the results are totally worth it!! =) Thank you and good luck! lol.."
B002QZ1RS6,A19T1PO12219ER,D. Nadeau,0/0,4.0,1309219200,2011-06-28 00:00:00,Surprisingly Great workout,"This collection is a one of the few TV infomercials for sports related activities that actually lives up to the name.  It's very intense.  You need a lot of space and you have to purchase some additional items (plyometrics mat, recovery formula), but definitely worth the investment.  You'll sweat so much and really tone and define muscles you didn't know you had.<br /><br />The production quality of the videos leaves something to be desired.  It's basically an instructor and two other gymers working out on a basketball court.  There is a super helpful countdown letting you know how much time you have left for each exercise and it comes with a tracking guide for progress, calendar, nutrition guide, and discs.<br /><br />Due to the 'intensity' of the exercises, it's helpful to watch them all the way through and then do the routine because it's sometimes hard to keep looking up at the TV.  Happy working out!"
B002QZ1RS6,A1X3NYJNRFL73U,Phillip Lakota,1/1,5.0,1309392000,2011-06-30 00:00:00,Great Workout!,"Best workout ever. Like all Beachbody workouts this is exactly what it says it is and results are a given if you follow the plan. The formula is simple. Go like hell, rest and go like hell again. You rest when you need to and you go at your own pace. However, you will want to push yourself to the absolute limit."
B002QZ1RS6,A14T8J9OBFJ306,Jude,2/2,5.0,1309564800,2011-07-02 00:00:00,Fantastic,I absolutely love this DVD. I have myself and three of my four kids doing it. We look forward to it.  Although it is really toughwe love the challenge. And we are all seeing results.  I have lost 10 pounds in 3 weeks and feel great. And I'm 52 years old.  I highly recommend this program.  It also as brought our family closer together for a healthy cause.  Thank you Shaun T.  We also just started hip hop abs too.  Love love it.
B002QZ1RS6,AE2KT1PPBW6BB,R. Burton,1/1,5.0,1309651200,2011-07-03 00:00:00,Great workout and nutrition plan.,"I once heard that this was the hardest workout on dvd and I agree.  Don't let that intimidate you; this workout is designed to push you to your max so no matter how good or bad of shape you are in you can benefit from the interval training because you go as hard as you can personally go.  My fiance and I are still in the first month of training and though the workouts are repetitive, they go by fast due to the intensity of them.<br /><br />The true gem of the workout is the diet and nutrition plan.  It is simple yet offers variety and customization.  Many of the meals are delicious, some not so much, but you have to remember that nutrition is 90 percent of the weight loss or gaining battle.<br /><br />One area o caution for those packing a few extra pounds.  Make sure you are sticking to the 40% protein, 40% carb and 20% fat breakdown.  It is easy to stick to the calorie allotment but it is also very easy to eat a lot of carbs and sometimes difficult to get the right amount of protein, especially if you are eating 400 or 500 calorie meals.<br /><br />As far as muscle building is concerned, this workout is not about that.  It will eventually help you get ripped and your legs take a beating, but this workout uses no special equipment so some areas, back and biceps particularly won't get worked enough to give you a fully developed physique.  You can do one-three weight training sessions per week to make this a complete program."
B002QZ1RS6,A28HWDDC1A2WF0,Razz,2/2,5.0,1309737600,2011-07-04 00:00:00,Insane!,"I am 20 and just started the 2nd month of Insanity. Before starting the program I considered myself to be in pretty good shape, but was unable to even complete the Fit Test because I was so tired. The first month pushes you very hard and you will see some results. However, after doing the first two workouts of the second month, I feel like I didn't even do the first month, it's that intense! As long as you stick to the schedule and push yourself through each exercise, I guarantee you will see results.<br /><br />I don't use the meal plan, but I find that the workouts themselves curb my appetite. You will sweat so much that you need to shower afterwards, but I've found myself sweating after a 5 minute shower on the coldest setting. I do this workout barefoot because I have white carpet in front of my tv and don't want to scuff it up with shoes. I have yet to have any problems from doing it barefoot. My only complaint about the program is that there aren't any stretches targeted for calves only and they get worked a lot. Sometimes my calves feel too tight during some of the exercises and occasionally feel restless in the morning."
B002QZ1RS6,A2XQ7CE9NN3TYW,Lani,0/0,5.0,1309824000,2011-07-05 00:00:00,Insanity workout,"Awesome, this will take you out of your boredom workout, I did not follow the 60 days plan, but I can tell I'm toning my muscle & seeing some result in scale. I will continue until I lose that stubborn 10 lbs."
B002QZ1RS6,A3BES4YK8FBV3C,Jennifer L. Farmer,0/1,5.0,1309824000,2011-07-05 00:00:00,Insanity,"Difficult, but so worth it. Shaun T. is very motivating and I feel great when I'm done. Saw results within the first couple of weeks"
B002QZ1RS6,A24EBMLSTWNHL1,T Gill,3/3,5.0,1309996800,2011-07-07 00:00:00,The Insanity of Insanity,"I'm just about finished with the 2nd and final month of Insanity. All I can say is Shaun T is the best. I've been a big proponent of going to the gym and working out with weights and cardio machines. The ONLY reason I decided to go the ""workout-at-home"" route is because I had to work for several months in the Virgin Islands and I didn't want to use the lackluster gym at the hotel. Going into this, I thought that I was in great shape because I workout regularly and I eat well. Fortunately, Shaun T put me to shame! The Max Interval training method that Insanity uses is just crazy. No matter how good in shape you are, you're pushing your body to the max so you're always getting better and stronger. What little body fat I had is practically gone. I look and feel stronger. I am definitely more flexible since Shaun T emphasizes a lot of stretching. And my mid -30s heart just ""feels 'Ford Tough'"".<br /><br />So how does Insanity burn the fat and get you in the best shape of your life? You are constantly sweating. From the 5 minute warmup to after the DVD stops, you are sweating constantly. I have never worked out so hard in my life. This DVD set is everything that it advertises itself to be. The only thing it doesn't tell you is how hard it is to stick to the program because you're working out 6 days per week even though you may sometimes feel like throwing in the towel every day (note: 1 day is devoted to cooling down and stretching, but you end up sweating a whole lot on that day as well). Shaun T is a great motivator. But this workout is really insane. Even the people on the DVD who are all in excellent shape are stopping to catch their breath and shaking off muscle fatigue because Shaun T just doesn't stop.<br /><br />All in all, if you're up to what I believe is the ultimate workout challenge, pick up Insanity. You will definitely notice and feel a physical transformation from start to finish. Shaun T, you are the man!"
B002QZ1RS6,A353IAF5Y1XE53,"J. RIGOR ""shop mama""",1/2,5.0,1309996800,2011-07-07 00:00:00,Great workout,This workout will definitely make your knees feel like jello but it works.  Stick to the schedule and diet plan.  This workout is intense though. Love it!
B002QZ1RS6,A38EQIUG9EVNRQ,Monnie,4/4,5.0,1310083200,2011-07-08 00:00:00,This will kick your butt,"I will keep this short and sweet.  Yes the workouts are hard, probably harder than anything you've ever done unless you've been in basic training.  Yes you will want to quit after the first DVD, but KEEP going!  I am 5'9"" and weighed 264.4 lbs when I started.  After completing the 60 day workout I lost 18 lbs.  Also my doctor is now considering taking me off my high blood pressure medication.  Before I starting I could not run a mile without stopping.  Now I can run almost 3 miles nonstop.  This program will get you in INCREDIBLE shape.  I highly recommend this to anybody!"
B002QZ1RS6,A2S6PTBDNJVOTU,SmartBuyer,0/0,4.0,1310342400,2011-07-11 00:00:00,wow. insane!!!,"These videos really do work you out and make you break a sweat. I have always enjoyed these videos enough though they are tough. You really have to be serious about it and dedicated to see the results. Also, the product arrived on time and was in great condition-just as the seller noted. I got to start my workout as i planned on my calender. It was brand new and appeared to have never even been open. I am very happy with the product."
B002QZ1RS6,A23Z5WHNDTO1EL,Austin Hamner Sr.,1/2,3.0,1310342400,2011-07-11 00:00:00,Insanity Review,"The program itself is great, but the biggest problem is that two disks don't work.  My take on this experience is to NEVER order this on Amazon because you cannot get disk replacements.  Beachbody will only do this if you ordered directly from the manufacturer."
B002QZ1RS6,A2RSMPWZBKX8SK,"Binni ""Binni""",3/6,3.0,1310515200,2011-07-13 00:00:00,"Tough Workout, Gets Old Quick","I decided to try the Insanity workout DVDs because of the great reviews. Started the Insanity workout in March. I haven't seen much change in the shape of my body, but my conditioning is better. Since I'm in better condition, I go to the gym and get a total full body workout.<br /><br />The warm-up is way too fast to be called a warm-up and the stretches start 10 minutes into the video.<br /><br />The workouts are overly complicated routine moves which really drags down the quality of the video. I spent more time checking form than actually doing the moves, and he rarely give good advise on the form. Secondly, if the move is so complicated that form is that critical, maybe the move should be re-evaluated. I think the makers of the video tried to be novel, when they should have tried to make a decent video.<br /><br />Lastly, the moves in this video could really shock the knees and the legs because of all of the jerky movements. I would recommend doing a good yoga video to gain flexability. Flexibility is something that won't be acheived with this video.<br /><br />I would recommend this video for conditioning, but don't believe the hype. You can go to the gym and obtain the same workout, with a well structured routine."
B002QZ1RS6,A2ID5UWTG4BW2V,Michelle,1/2,5.0,1310688000,2011-07-15 00:00:00,Difficult yet Effective,"I bought the Insanity work out program because I wanted to lose about 30 lbs. I have been doing insanity for about 30 days. I will be the the first to tell you- this is NOT an easy work out. I drip sweat every single time I work out. However, it is worth it. Not only do I look better, I feel better as well.<br /><br />As far as results go, I've lost 5 lbs so far but it looks like I've lost much more. I've toned and gained a lot of muscle. I recommend taking pictures each week because the scale can be misleading. I haven't followed the meal plans that were included but I have been keeping track of my food intake.<br /><br />The pause button is your friend, especially in the beginning. I went at my own pace but still pushed myself. Have plenty of water on hand too. Stay motivated and on schedule and it will transform your body."
B002QZ1RS6,A1HTVH490VH4C6,"Jessenia Nash ""Jessenia Nash""",0/2,3.0,1310688000,2011-07-15 00:00:00,review on the exercises then on the seller,"The exercises are great. I am almost done for week 6. I do not follow the diet guide, but I have to say that I see results and I LOVE IT.<br /><br />Now for the seller. I purchased the product thinking it was a used product NOT a bootleg product. The package at first seem funny, but my husbandy told me not to worry about it. Now I am the INSANE ABS portion and the seller recorded the DVD incorrectly. The first ab workout doesn't even start correctly when it skips to the next ab work out. The DVD has no scratches so I put the DVD back into the DVD Player and watched the whole DVD. All the exercises are recorded about 3 to 4 seconds long. I am very disappointed."
B002QZ1RS6,A1QZIKETO0X5XO,Lady Loo,0/0,4.0,1311033600,2011-07-19 00:00:00,Sweaty!,"I have always hated cardio workouts.  I HATE running and just get bored doing cardio.  The only way I've been able to do cardio is in a class or watching DVD's like this.  Shaun T was an excellent instructor, to an extent.  He was very motivating, fun and I really never got tired of him.  He encouraged you to take breaks for water and reminded you to keep your core tight often, sometimes I forget, so that was very good!  However, he didn't explain WHY you're doing certain things.  He mentioned in one of the Max DVD's (which you don't start until after the first month) that you should be able to see the tongue of your shoe when you're doing a ham string stretch in order to tell that your leg is straight.  It really made a difference in my stretching, but I really wish he would have mentioned that in the first DVD!  Also, he always says ""Check Your Heart Rate.""  You can easily find that info online, but it would have been nice for him to say a little something about why you want to check it and at what range one should be at.<br /><br />With those few negatives aside, this was an INTENSE workout.  After the 10 minute warm up I would be drenched!!!  It never got easier, if you're pushing yourself to the max every time, it won't get easier, you will just be able to do more in the same amount of time.  I, unfortunately, didn't get the amazing results I was hoping for.  I know I got a good workout though and even though I completed the program, I still go back and do the workouts.<br /><br />Another thing, I kept having problem with my feet hurting just 10 minutes into the workout, so I tried it without shoes, and it was so much better!  I had a mat and some padding underneath and it worked great.  I would put my shoes on for some of the pushup exercises, however.<br /><br />All in all, this is an amazing workout program.  People have had amazing success and results with this program, but I did not, so I can't give it 5 stars, but I can still say it's a great program."
B002QZ1RS6,A2JCPRR8MNEP84,Joseph E. Mills,3/3,5.0,1311120000,2011-07-20 00:00:00,"Spectacular, not for beginners.","I'm about halfway into this system so far, right in the middle of my recovery week, and I gotta say that its just...well...just great. There are several things a person should know before doing this though. For one, its NOT for beginners. To clarify, if you can't run a couple miles, can't do 50 or so pushups and situps, then you're not ready for this thing yet. I did basic weight training, with one day of cardio a week(not trying to look good, just tryin' to feel good y'know) so...y'know...I thought I was in fairly decent shape. But the first week had me barely able to crawl out of bed.<br /><br />If you're thinking of getting this, let me draw out exactly what is involved.<br /><br />Workouts consist of a 7 or so minute solid cardio warmup, followed by a few minutes of stretching, then the actual workout routine, then cool down stretches. The whole thing will typically run about 45minutes or so if you don't take additional breaks. They sometimes run longer, sometimes shorter, but all in all, anticipate needing a full uninterrupted hour every day. You will also need a bit of space to do these workouts, I personally have had success with an area of about 6.5 x 6.5 feet. Ideally, I'd like to have more room, because I have to shorten a few of the workouts to fit my area, but it works well enough. You will also need a house, ground level apartment, or understanding downstairs neighbors. If you don't make a degree of noise with your foot steps, you aren't doing them right.<br /><br />You should also invest in knee braces if you have weak or injured knees. These workouts involve a lot of jumping and other such moves that produce a strong downward force on the knees. For this same reason, you need to listen to Sean when he says to focus on your form, because if you don't do some of these workouts right, you WILL injure something.<br /><br />Most of these workouts are such that you can add equipment to increase the effectiveness of the workouts. I added a weighted waist slimmer and overweighted it to 7 lbs. Strapped that on my third week and haven't stopped using it since. Though the workouts will be effective all on their own for quite some time, trust me...<br /><br />I'm almost moving off-topic, but you need to drink a LOT of water when doing these workouts too. I personally go through about a liter of water each workout....and I don't have to pee afterwards.<br /><br />Also, for you pirates out there...you're gonna miss out on something that helps a LOT. The results and recovery formula. It really helps the recovery process...if you torrent this then you're gonna have to cobble up your own effective recovery remedy because you won't go far in this system without it.<br /><br />Thats it for now, I'll update this when I get through with the entire routine."
B002QZ1RS6,A34RK14QC4ZMQT,pussnboots,3/3,4.0,1311120000,2011-07-20 00:00:00,Wasn't ready...,"This is a great program, but make sure to judge correctly if you're ready for it before investing so much money in a workout program. I'm a bit overweight and can do moderate to high level intensity workouts. This workout humbled me. I couldn't finish the workouts because I couldn't breathe.<br />Now, I still think this is a great program. My brother and his roommates have all completed it and absolutely love the program! They were all pretty fit and only had a few pounds to lose, but they all look the best I've ever seen them.<br />I would just advise that you are truthful with yourself about whether you think you can do it. If you are hesitant, I'd say you're probably not ready and need to work up to Insanity (which is what I'm doing, just started Turbo Fire). If you ""know"" you can do Insanity, you are probably in the right mindset for this program, it takes a lot of dedication and stamina."
B002QZ1RS6,AZO6MK1RBZYK2,1727,0/0,5.0,1311120000,2011-07-20 00:00:00,Insanity Workout,"You will definitely break a sweat doing these workouts. You work all of you muscle groups without having to use machines or weights. You never get bored because you are doing different exercises throughout the workout and there is a big emphasis on stretching to avoid injury which I love. I would recommend this workout to anyone that is serious about getting into shape. However, if you are not in good shape already you may have to modify some of the exercises until you get stronger."
B002QZ1RS6,A3PA9OK7V73U8X,CLGold,1/1,5.0,1311206400,2011-07-21 00:00:00,Most appropriately named workout ever!,"This program is absolutely amazing!  Before beginning, I considered myself pretty fit, working out 5-6 days a week doing several cross training exercises (swimming, biking, running).  This program completely kicked my butt!  Shaun T. was very encouraging and he made the workouts fun.  It was also great to see others in the video who had already completed the program stopping to take breaks.  I do think there are a couple important notes to make though:<br />1) Others have said it, but seriously, if you have any kind of joint problems, do NOT use this program!  Not being prone to injury, I still often noticed that my knees were sore after a lot of the jumping exercises.<br />2) Sure, doing these workouts will help you get in better shape, but if you really want to see results, you must follow the nutrition plan closely.  I used to be in the school of ""eat whatever you want in moderation,"" but still ate fairly healthy (with a healthy amount of splurging).  I had stubborn spare tire fat that just would not go away.  I started doing research into this nutrition plan, and it is definitely solid.  And the best part is that you have choices for each of your meals, so you're not stuck eating the same thing every day, and you aren't forced to spend $50 a day on groceries.  I usually picked out the foods I wanted to eat that week, and I'd stick to a particular food for my breakfast or mid-morning snack each day for the week (e.g. cottage cheese with fruit) to ensure I could buy one tub and have it last me the whole week, and also make sure I ate it before it went bad.  These foods also helped give me the energy I needed to do these workouts, especially in the second month.<br /><br />Overall, this program is freaking INSANE.  If you want something to kick your butt into shape, I highly recommend it.  I plan on continuing to use these workouts regularly to help me maintain.  Hope this helps!"
B002QZ1RS6,AT82FC10G11CP,ncgrimes,7/7,5.0,1311206400,2011-07-21 00:00:00,What you need to know!,"Okay I'm not going to give you a book here about my experience with this workout, just know that the results are real as long as you stick to the schedule. I'm just going to tell you what you need to do to survive the 60 days and how to reduce your fatigue and soreness.<br /><br />1. Drink as much water as possible before, during, and after (helps remove lactic acid which causes soreness)<br />2. Eat plenty of HEALTHY foods to fuel your workout, not junk foods! (I am hungry and thirsty all the time due to the demand on my body)<br />3. Wear supportive shoes and purchase a thick workout mat to give support to your joints and back (this workout contains many exercises that punish those areas of your body)<br />4. Stretch, Stretch, Stretch! This will help with soreness. Stretch before, during, and especially after for best results. This also prevents injury. I stretch more and longer than they do on the videos. Also I do different stretches that work better for my body in particular.<br />5. Understand your body and what it is telling you. Your body can be pushed well beyond what you think is possible. By pushing yourself, without injury, you will see results. Don't try to keep up with the people on the dvd! Eat, hydrate, stretch, and you'll be in better shape in 60 days. If you're honest with yourself about giving 110% each workout then the results will be real for you too."
B002QZ1RS6,A3RMC6000HS05K,kc08,2/3,5.0,1311379200,2011-07-23 00:00:00,Best I've felt in years,"Insanity is incredible.  I'm 42 and  have never been a fitness type of guy, but wanted to do something at home. I purchased ""Insanity"" and have just completed week 4 of 9. This is the best I have felt in years! At first I watched the DVDs and thought, ""OK, I have bitten off too much."" I would take so many breaks, pause the DVD, but finished each program. However, I stayed with it and am now keeping up with those in the DVD and never hit pause! It has changed my life. I may have only lost 5 lbs., but my muscles have been redefined; I couldn't be more pleased with the results."
B002QZ1RS6,A18D1M4MMLLDRT,bluediver,5/33,1.0,1311552000,2011-07-25 00:00:00,faulty DVD,"I was disappointed in the Plyomentric DVD that didnt work (bought used from BOOKS FOR EVERYBODY), disk was unreadable in multiple DVD players. The back of the DVD doesnt look scratched so I suspect it was burnt.  So far the other DVD's worked but I havent made it through all of them yet.  Everything was included in the set but still a let down."
B002QZ1RS6,A3HD1HV69UPCBH,"A. Cabe ""Ang""",1/1,5.0,1311638400,2011-07-26 00:00:00,Great & challenging workout!!,"This is my second week working out to this program and have seen results! I must say that if one is serious about this work out, follow the meal plan! I gained more energy and currently dropping the weight! There is a day of rest at the end of the week and a recovery day in the middle of the week. The DVDs are well organized in a small case and the calendar is extremely important...It helps one figure out what DVD to use and when to rest!"
B002QZ1RS6,A3LYN2KCI0ZDVY,oldown,0/4,5.0,1311638400,2011-07-26 00:00:00,Well made videos with a great motivator!,Too bad I caught a cold the night before INSANITY arrived in the mail!  Can't wait to start working out!
B002QZ1RS6,AHH0D78O1EXDH,Lori,1/1,5.0,1311724800,2011-07-27 00:00:00,Shaun T. Insanity 60 Day Workout Program,"This workout is truly insane, but if you love to exercise, truly desire a healthier you and sleeker physique, it IS the workout for you. I love it!  I work about about 4 to 5 times a week, the workouts are hard, but fun.  Shaun T. is awesome!  He talks you through each exercise providing both encouragement and the option to take a break when you need it - and believe me, if you are not already in great shape when you start this program you will need to take a break or modify the exercise - which is not a problem at all.  Shaun T. gives you suggestions and shows how to do each exercise at different levels.  I was cautious before I bought this program, wondering if I was getting in over my head and wondering if I should start with the PX90...I am so happy that I bought Insanity!  It is worth every bit that I paid for it!"
B002QZ1RS6,A3IWZKHJWBQXPE,captainron,6/6,5.0,1311897600,2011-07-29 00:00:00,Just read this one,"I have purchased the Insanity and p90x workout.  I am not affiliated with beach body nor do I sell any of these products.<br /><br />The fact about these programs are..........YES you will lose weight, gain muscle, and become more fit.  I 100 % guarantee it.  But you have to follow the guidelines.<br /><br />First off, you have to change your bad eating habits and implement a lifestyle change.  These programs will not work if you don't.  Fact, you will not get the results you see in the pictures of people who have gone through the program ,if you ignore your diet.<br /><br />Second.  Intensity is the key to these or any type of work out.  If you are not drained at the end of the workout you will not see max benefits.<br /><br />Diet, Intensity and commitment are what you will need.  If you don't like these programs that's fine but you will still have to apply the same guidelines to any program you chose, if you want results.<br /><br />Insanity and P90X are the real deal.  If you are really out of shape, choose something else, you are not ready for this.  Start with some of the less intense programs Beach Body offers then come back to Insanity or P90X<br /><br />I have been an athlete most of my life and I let my fitness level and waist line slip.  Working with these programs re-motivated me and got me back into shape.  I lost 30 pounds and I am in great shape.  I did not lose all the weight in the time frame indicated in the program.  WHY?  Because it took me some time to change my diet.  Once I did, the weight came off quicker.  I lost 30 pounds in about 5 months.  But that's the beauty of these programs you can customize them to fit you.<br /><br />I'm 54 years old and I feel great.  I've almost got that six pack that a bad diet kept out of reach.<br /><br />If you have questions, I will regularly check the comments and answer your questions."
B002QZ1RS6,A2Z4851ACJLA6N,Manjushri,35/38,2.0,1311897600,2011-07-29 00:00:00,Very Difficult on Several Levels,"The good:<br />It's all body weight exercises, which means you can do it in your own living room with no equipment. This is wonderfully convenient.<br /><br />My cautions:<br /><br />First: I want to echo what some other reviewers have said: this workout is HARD on your knees.<br /><br />Second: This workout is repetitive. Shawn T. tries to mix it up into about 10 different CDs, but at the end of the day, you're doing a lot of squats, burpee variations, push ups and jumping.<br /><br />Third: It's asymmetrical. It's pretty common knowledge that it's best to train complimentary muscles together. So, if you do a pushing movement, you should balance it out with a pulling movement. This program does not really abide by this principle.<br /><br />Fourth: It's REALLY grueling. Maybe I just wasn't in good enough shape to do it, but I've done lots of intense workout programs over the years (Cross fit, Brazilian jiu-jitsu, MMA). I've never felt as worn out and fried as while doing Insanity. And I'm not just talking about during the workouts; I'm talking about all the time.<br /><br />Overall, I think there are smarter workout programs out there that offer more return for the amount of effort they require."
B002QZ1RS6,ASKC9G3RCL61,og2012,5/5,5.0,1312156800,2011-08-01 00:00:00,I love this workout,"I was really scared to order it because I heard it was so intense and thought that I wouldn't be fit enough to even start it. I ordered it anyway and I am in love. Even in the first few days, the workouts are really tough but Shawn emphasizes that everyone needs to take breaks. The people in his video take breaks!<br /><br />I also thought it would be impossible for me to get through that many cardio reps but he does between 2-3 minutes of 4 different cardio intervals and then there is a break. It is totally manageable but still pushes you really hard. It's nice to know there is always a rest around the corner, and there is a clock to let you know exactly how long until the next break.<br /><br />I love that it is set in a gym, you can see the cameras moving around to get different angles, and they have a bunch of people doing it. It doesn't seem like a huge production where they try and make everyone in the video look perfect, they are really just doing the workout with you.<br /><br />Lastly, I really like that the program tells you what workout to do when. All you have to do is set aside the 40 minutes and the rest is thought out for you. Awesome."
B002QZ1RS6,A3PANVN52D1XNF,soliloquy,1/2,5.0,1312243200,2011-08-02 00:00:00,"Great workout. But, the price on Amazon is a little high.","I highly recommend this workout. It has improved my stamina, strength, trimmed inches, defined muscles, and gave me a great boost of self-confidence but MOST people will be able to find this product new or nearly new on their local craigslist. You can find this workout for much less than $150.00. Beachbody sells the workout for $120.00 plus s/h. I got the item brand new with all the bonus discs unopened for $60.00 off of craigslist."
B002QZ1RS6,A2C2MFNDDPKBKC,Dana DiPietro,1/1,5.0,1312416000,2011-08-04 00:00:00,Insanity = Insane!,"I am a gym rat, workout 5-6 days a week...including taking high intensity kickboxing classes.  I always said if my kickboxing instructor taught his class daily, I would be in sick shape....<br /><br />Insanity reminds me so much of the high intensity, moves that I do in that class, that daily, I believe it will change your body and you will see results in 60 days.<br /><br />I just started, but it has me addicted and I would rather do insanity then my regular routine at the gym."
B002QZ1RS6,A2HF5X1DF1LN8V,ambtab,1/2,5.0,1312502400,2011-08-05 00:00:00,Great workout!,I love this workout!  Ok i have been going to the gym for years and this workout totally wears me out every time! I love it and I burn a ton of calories!
B002QZ1RS6,A1UOKQKXNL28LV,Steve G.,1/1,4.0,1312588800,2011-08-06 00:00:00,Insanity is the ultimate workout,"I celebrate my 50th birthday this fall, so I bought Insanity to get buff.  I've been desk piloting for far too long, and I'm not in the best shape.  If I can do it, so can you -- but do check with your doctor first.  Insanity is the ultimate workout!  If you're not ready for a high intensity workout, this is not for you.  However, if you want a 60-day program to kick your butt and help get you in the best shape of your life, go for it!  You don't need any equipment, but you may want to get an exercise mat or carpet remnant to protect your floor.  The key to starting with Insanity is to push yourself, but take rests when you need to -- Shaun T even tells you that in the videos.  Everyone I know who has used Insanity has started out taking more rests than it gives you.  You will sweat and it will seem ""insane"" but you will get results! This set of workouts burns a lot of calories -- as many as 1,000 per workout -- so you need to eat healthy.  Another great thing is that you really can't out grow Insanity -- It's all about good form, reps and speed, and you can always push yourself to do more.  So when you complete the 60 days, you can always start again and push farther.  An outstanding program for anyone who is very serious about getting in great fitness shape fast!"
B002QZ1RS6,A1GXLIM7WVY8H3,Jeffrey Phillips,2/2,5.0,1312675200,2011-08-07 00:00:00,Best at-home workout EVER,"This was my first at-home workout video, since completing this I have tried several others including P90X and Supreme90Day. I made this mistake of doing Insanity first which set the bar far to high for other workout videos to compete with so I have been getting frustrated with the other workout videos. The first month I was able to run several miles since I was training for a marathon, the second month was a little more strenuous, therefore I wasn't able to do my additional 4 mile run or 1 hour swim. Insanity is quite possibly the best workout I have ever experienced. Shaun T is a great motivator and doesn't just watch everyone workout like in some other dvd systems, he is down there getting it done with the crew. I will be purchasing Insanity Asylum as soon as I am done with Rip:60"
B002QZ1RS6,A2Z3B6DMNG4N81,O. Bocharova,2/2,5.0,1312675200,2011-08-07 00:00:00,I have never thought it is possible,"AMAZING RESULTS! It was very tough, but you get very addicted to it if you stick to it. To prevent injuries always always listen to Sean T hints and check your heart rate every time it's required. I didn't loose much weight about 8 pounds but I lost 9inches from my waist! I highly recommend this DVD workout!!!"
B002QZ1RS6,A2EMVL0BX8ZH8Q,ifsogirl,11/17,2.0,1312675200,2011-08-07 00:00:00,not for...,"I tried to do this dvd set for about 3 wks.,while it is a good work out some moves r 2 fast & it is definetly not for any one with bad knees like myself! There's a lot of jumping moves that my knees could'nt take. Otherwise it's a great cardio workout, wish i could do it."
B002QZ1RS6,A2AO20JWOL3YDB,David McGowan,0/8,2.0,1312675200,2011-08-07 00:00:00,Not so good,"I received the DVDs but unfortunately, I could not get any of them to worke. I tried them on 2 different computers and 2 different DVD players. I think the seller will do the right thing and let us return them though."
B002QZ1RS6,A3DV0FFGDNBZUY,zen,2/27,1.0,1312675200,2011-08-07 00:00:00,damaged item,I would give it no stars if it were possible... the item came damaged and when I tried contacting them to Exchange or return i never got a response. I still haven't got a response I don't recommend buying from this company.
B002QZ1RS6,A1LR22I801XREE,runnergirl,1/1,5.0,1312934400,2011-08-10 00:00:00,"for a runner at 70 m a week, this is a BUTT KICKER in a good way","My husband bought this three weeks ago. i have supplemented my long runs/ ellipti-runs (non impact just as hard) and biking w/ one or two sessions of Insanity. i do the fit test, w/o breaks, then the Max interval w/o breaks, just hop on my spinner in between, and then do about 10-20 minutes of another video. to get to about 100-110 minutes. AND I am soaking wet,and sore in a good way, and invigorated.<br />the Plyo moves, and high cardio are perfect for runners to get quicker, and have more endurance. in fact this is wayyyyyy harder than regular running. or even sprint intervals, as these loonggg intervals use the whole body. not just the legs.<br /><br />so. you runners and cyclists out there, try it out. It is so INSANE. You will love it, and i swear after three weeks (three long sessions) i already see more abs and have tightened up a bit too.<br /><br />ps: the Army National Guard Special Forces use this too, as well as P90X to stay fit."
B002QZ1RS6,AKPBO77YUK2DD,JasonRoberts,12/14,5.0,1313107200,2011-08-12 00:00:00,Insanity is a MUST...see my RESULTS! meetjasonroberts.com,"<span class=""tiny""> Length:: 3:47 Mins<br /><br /></span>If you are considering Insanity, please look at my transformation!  Visit me at meetjasonroberts.com"
B002QZ1RS6,A1TGS33HLU2XCR,JDT,1/1,4.0,1313107200,2011-08-12 00:00:00,Insane workout,"Program was bought for our daughter, an athlete desiring to stay in shape. After three days, our non athletic son started using the program. after 2 weeks, there is a noticable difference in his physical appearance."
B002QZ1RS6,A37PRZT7MKH9JV,Yoli Worth,0/0,4.0,1313193600,2011-08-13 00:00:00,Awesome workout package,"DVD set arrived sealed and in new condition from The Vidiot. The DVDs were easy to follow; this exercise program is great whether you're looking to get into an exercise routine or just change up your current one. Sean T was a great instructor; he easy to follow and he was encouraging, saying things like ""Just a few more; you're doing this so you can get a hot body"" (my words not his). Each daily exercise differed and sometimes incorporated exercises from other days, but it took some getting used to. After becoming familiar with it, you're pushed to do more reps and be quicker. It's quite demanding, but definitely worth the 60 days of dedication. And it's fun.<br />Only glitch was that a couple of the bonus discs skipped around out of order (negative for manufacturer, not the seller). I think they were programmed incorrectly because it happened in multiple DVD players."
B002QZ1RS6,A3315LIR20SPZL,"Ace Stark ""brownierules""",2/2,5.0,1313280000,2011-08-14 00:00:00,just plain old awesome,"I have been doing this workout for about a month now and each day is more exciting than the previous one. yes you do a lot of repeating workouts but Sean T pushes you faster with each repeat, most are only three time repeated. i am actually excited to do the next day's workout. i have always been reluctant to workout unless it involved playing sports. Insanity is hard but if you do it the way Sean instructs you to, there will be no problems with injuries. I LOVE INSANITY!!"
B002QZ1RS6,A3HIWTMONUH1LP,Duval710,3/3,5.0,1313539200,2011-08-17 00:00:00,Great,I am on my 4th week of the Insanity workout. I am not a huge guy I just want to get toned. I have already seen results. Before the program my pants size use to be a 38 now I'm a 36. I can fit into a 34 but they are still a little tight for me. All my clothes fit better on me. This is great because I just started working at a clothing store aimed more towards slimmer men and women. my goal is to get down 34 in my waste and maintain being fit.<br /><br />This is not an easy program. The first week is really hard. if you can get through the first week you could last through the whole program.<br /><br />I also noticed I have a lot more energy and stamina now. I use to get tired doing simple task now I lift stuff and running around is less stressful on my body.<br /><br />I highly recommend this product because it has worked for me and my sister who has shown results also. (She is my workout partner). we both have worked hard and seeing our cousin use this program successfully for a couple months now. (he wont tell us how much weight he lost but I would guess about 75 pounds)<br /><br />Please everyone who wants a fun and effective way to exercise get this programs.
B002QZ1RS6,A3JT2NVYDRKFLZ,Michael J. Currier,0/0,4.0,1313625600,2011-08-18 00:00:00,Insanity exercise,The product has everything you need and be ready to feel muscles work that you did not know you had before.
B002QZ1RS6,A32YXIEUPDURNG,nursegurl,1/1,5.0,1313798400,2011-08-20 00:00:00,Best way to take fitness to the next level,"I received this is a Christmas gift and began the program this summer as a P90x/Insanity hybrid. It has been the best way to challenge my fitness level and keep me motivated. The intensity of the cardio is addicting. I feel like a good insanity workout helps my mood and my ability to control my weight, and I am over 45. I have been unable to lose weight for years, plateauing at a certain weight, though working out. Becoming more tone and muscular has allowed me to drop some sizes. So I stopped weighing myself and allowed myself to be satified with my size. My clothes fit comfortably and I feel GREAT. HOWEVER, I just got back from the doctor's office and after doing these workouts for a few weeks (I am in the second section- harder, longer workouts) I have actually dropped a few pounds. Those of you women over 45 (or even over 35) know what I am talking about when I say we hold weight and that scale doesn't budge. BTW- I eat a healthy diet, but I don't give up my after dinner treats- it never made a difference when I did. These workouts are flat out FAT BURNERS. Bear in mind I almost finished the whole program before I noticed the weight loss. It was definitely making me smaller and I was satisified with that. In fact, one workout can begin to make a difference and that is enough to have you trying it again the next day. I also like Sean T's style. He is not boring and he is encouraging and challenging when he coaches. If you have been working out for awhile, have done P90x, are fit and looking for your next challenge, this could be it. I look forward to these workouts everyday and I have ordered the asylum so that I will be ready for my next challenge."
B002QZ1RS6,A345B9A2DX5I7B,"Jacqueline Dittmore ""Canton to Courbevoie""",0/0,5.0,1314057600,2011-08-23 00:00:00,Incredible workout,I'm really looking forward to completing the 60-day training. I can already feel a difference and am pumped to continue.<br />I've decided and am committed....can't wait for the SUCCESS!!
B002QZ1RS6,ABEQPZWW1D1O,jillian wright,1/14,3.0,1314316800,2011-08-26 00:00:00,Doesn't burn what you think it's burning...,"I had to write this to inform people. Insanity is a great workout for sure. You will sweat BIG time but that sweating is deceiving. I started counting calories and fitness so that I would know exactly what I was burning off in a day after about a month of doing insanity with not very many physical results to brag about. When I calculated the math on Insanity turns out I was only burning about 300 calories per workout. I did further research, maybe it's just me....Nope, most everyone I found on the internet that calculated were burning 300-400 calories on every single session, even the longest ones. Was I working hard enough? Let's put it this way I was monitoring my heart rate and had to stop because I was in my danger heart rate zone. The most calories I found someone burned was a longer session and their top number was 454. Then I thought well this is interval training so you burn calories all day long after Insanity workouts. Ohh, oh...you burn about an addition 50-70 calories a day due to interval training. I'd rather have that slice of cheese and run and burn double the amount of calories you do by sweating your balls off with Insanity. It's a good sweat but 300-400 just isn't enough for me but to each his own!"
B002QZ1RS6,A2HG0KI37X4CET,misschriss,0/0,5.0,1314489600,2011-08-28 00:00:00,Insanity: Very Insane!,"I'm really enjoying this workout but I will caution anyone who has any issues with ankle, knee, leg, or back issues at all, which will only get worse with this workout.  I am very healthy and pretty fit already, and did not have any issues prior to starting this workout.  I can see that if you do have body pains, this workout will most likely make it worse. The Insanity disclaimer is pretty clear about this but I know many will not read it and purchase anyway.  They do not give modifications, but I modify several of the moves on my own and am seeing very good results so far.  This is an extremely fun and quick workout.  The first half (month 1) is under 41 minutes and second half (month 2) gets up to 60."
B002QZ1RS6,A3MXS4F6MFIQVP,"ATroy ""ABH""",0/0,5.0,1314489600,2011-08-28 00:00:00,Hurray for Insanity,"I finished the 60 day program and can tell you without a doubt this is a terrific workout program.  There are so many positives about this program.  Only 40-50 minutes a day for an intense workout the really targets your abs.  I have been trying to get rid of my beer belly/love handles for years and I can tell you the cardio I was doing didnt really have material results.  I now have six pack abs and have lost around 15 lbs.  Although I reduced my alcohol intake, I did not follow the recommended diet.  However as I begin to lose my stomach I became more motivated to eat a bit less.  I loaded the Insanity program on my Ipad so its very convenient to travel with especially since you do not need any equipment.  I can even do the program in a decent size hotel room and it definitely counteracts the large business meals you have on the road.  I am now repeating the program just to keep my abs and perhaps lose a little more weight.  I think the only negative is that the workout can be on your joints, especially your knees.  I still think its worth a try especially given how happy I am with the results!"
B002QZ1RS6,A1LSQLPVEL476W,DG,4/9,2.0,1314489600,2011-08-28 00:00:00,"Good Set, poor quality","This is a great workout set and provides a good cardio workout with lots of variety. There are several DVD's in the package however that were damaged and at least three of them do not work at all. There are others that skip around as well. Also, the set included 2 of the same DVD and was missing another one. I would never buy from this company again and regret my purchase for this reason. I would say about half of this set is not usable. I love the Insanity workouts, they are great. Next time I will buy from a more credible source so that I do not waste my money on poor quality DVD's."
B002QZ1RS6,A3AM7W6KP9WOS6,Joe Houle,0/0,5.0,1314576000,2011-08-29 00:00:00,Best fitness purchase I've ever made hands down!,"This program is amazing!  It is extremely well planned and thought out.  You do the workout on your Insanity calender each day and check it off as you go, this proves to be a simple yet extremely effective tool in keeping you motivated.  The workouts give you a great high which also keeps you on track and breaks come at just the right times.  Sundays are off for recovery and in the middle of the week there is a cardio recovery workout which is still strengthening and bit intense but your heart rate stays down and you are ready to continue the next day refreshed.  Sean T incorporates stretching into each workout.  The stretches are great for your hamstrings, hip flexors, shoulders and back.  Every muscle group is worked in this program with an overall emphasis on the core.  Month one is intense, it prepares you for month two which gets even harder.  Don't let the name Insanity scare you, it is insane but at 30 to 55 minute workouts it's very doable and you will improve quickly.  Make sure you have enough space to workout in and if you are going to be doing it early in the morning you might want this space to be in the garage or backyard because jumping on the floor of your house can be loud and annoying to the people you live with.  Don't hesitate to buy this,  the sooner you get started the sooner you body WILL be transformed.  Best of luck!"
B002QZ1RS6,A2I2NQO2TX6O99,bubbajo111,0/0,5.0,1314576000,2011-08-29 00:00:00,If your looking for a workout that will cause results this is it!!!,"When I started Insanity I was 230 lbs and loved to lazy.  Insanity caught my eye because it uses no ""extra"" stuff.  The first week I couldn't finish a DVD.  The second week, I finished them and the improvement was amazing.  I am now on month 2 and seeing the results like crazy.  The first month I lost 7 pounds, probrably would of lost more if I followed their meal plans.  Month 2 I am eating healther and seeing better results.  You may end up with a love/hate relationship with Shawn T.  You will sweat puddles. You will have to dig deep to suceed. Most of all you will have to have determination.  If you want a program that will kick your butt, but you are willing for the butt kicking. This is the program for you.  It is the hardest workout program I have ever done and I absolutely love it. I still can't do them to Shawn T's level but I do it at my level and he even says that is OK.  The workout DVDs are different and they change 5 DVDs for the first month and 5 new DVDs for the second month.  So there is alot of variety.  It is a expensive but in my 2cent opinion, it is worth every penny."
B002QZ1RS6,A2KXV9TPQWPIY1,tab,0/2,3.0,1314576000,2011-08-29 00:00:00,Insanity Workout Review,"It is very okay. It is probably the best cardio you will ever get in your life. However for the first month, the exercises are extremely repetitive. You will not really work your upper body much if getting jacked is what you're looking for. To be honest, I'm a little surprised that there is not a ton of ab work. With that being said, if you want to get in shape and burn some fat/calories, this is a great workout for that. So far, I personally have not seen results worthy of advertisements on the television. However, I have probably trimmed down some, and I know my cardio has improved. In two words, it's ""all right."""
B002QZ1RS6,A1F270VICIA7FE,Adam Dickson,6/6,5.0,1314748800,2011-08-31 00:00:00,"Sweat, sweat, and more sweat.  YES!","I've done P90X twice, and it worked wonders.  Insanity is another great BeachBody product.  I've completed the first two weeks of the program, and am already seeing results - I lost nearly 4 pounds my first week week on Insanity.<br /><br />Insanity is different than P90X - P90X breaks you down and builds you up by training you to near-failure with body weight and dumbells, and Insanity pushes your cardiovascular system to the limit by moving faster and harder than P90X does (no weights used in Insanity).  If you think Insanity will be a breeze because you can make it through a P90X workout without much trouble, THINK AGAIN!  This is the real deal.  It's tough, and you're gonna love it.<br /><br />If your goal is fat loss, I'd go with Insanity.  Fat doesn't stand a chance against these workouts, but it's hard to gain muscle at such a high burn rate.  If you want to put on a bit of muscle, but still get chiseled and defined, go with P90X."
B002QZ1RS6,A2JGVW3RRQHK,tcbratto,1/1,5.0,1314748800,2011-08-31 00:00:00,Insanity is Amazing,"I am half way through the 4th week, and I can tell you this program works.  I am down 6 pounds, and I didn't have a lot to lose.<br /><br />I originally bought this to stay fit between marathon training sessions, but now realize that I'm getting much fitter.<br /><br />I don't run while doing it (don't have the time or energy), and am very curious to see how my times improve from this workout alone.<br /><br />In short, this thing will kick your butt, I don't care how fit you think you are.  It is definitely NOT for beginners.  And I don't think it's that hard on the joints; you just need to learn to land with soft, bent knees (absorb the impact).<br /><br />One note, I would seriously consider buying this directly from beachbody.  There are a TON of illegal copies out there that skip or don't play at all.  Bite the bullet and pay full price; you don't want to pay half price for crap..."
B002QZ1RS6,A20GA2DI9FMV8Y,Stephen,0/1,5.0,1314748800,2011-08-31 00:00:00,Awesome,"The product got here when it was supposed to, and everything was in perfect condition.  I couldn't have asked for anything more."
B002QZ1RS6,A24KZULA1CSH97,"Abby International ""Brenda""",6/6,5.0,1314835200,2011-09-01 00:00:00,Believe the Hype!,"First time reviewer here...  I will start by saying I had a feeling these dvds would work by the little bit they show on infomercials.  I know enough to realize that working out 6 days a week - and cardio to boot will burn some calories...  The problem of course it getting yourself to do it...  The Insanity 60 day program with Shaun T. at the helm is the ticket.  Perfect combination of workouts - which are HARD!!  Easy to follow calander...  turn off your brain and just put in the DVD of the day... and get pumped and focused because its a tough 40 minutes... every time... but as Shaun T. says... 'i love it!'<br /><br />Specific details and comments...<br />Me:  42 years old...  Female... 5'2""  fairly active for my age in my opinion... fell out of the 'workout routine' and put on about 10 lbs...  target weight is 115... I started program at about 125... maybe a bit more but who whats to claim that!<br /><br />Where I am in program:  I just finished the first month and am in my 'recovery week'.<br /><br />My experience so far...<br /><br />First three days of workouts... with the intense use of calf muscles...  I could hardly walk...Calf muscles VERY tight... but not surprising...  if this happens to you just fight through it...As with sore muscles... after walking/hobbling around for a few minutes things loosened up... I had my 'breakthrough' on the morning of the 4th day.. ie... minimal soreness in calves!<br /><br />First 2 weeks....  Tough... could not keep up throughout the complete routine... some sets tougher than others... but by taking minimal breaks.. never more than 30 seconds... I was able to muddle through...  you do a couple of dvds in rotation...  as the second week went by I already found I was keeping up better and form was more solid especially later in the sessions..  I was getting stronger!  yea!<br /><br />Second two weeks...  same dvds for the most part with added core sessions of about 15 minutes on a few days...  still building on base for strength...  Doing a lot better and noticing much better flexibility and stamina for the workouts...  Really enjoying it!<br /><br />Got through first month without missing a workout!  Very proud of myself... I am now on my third day of 'recovery week'...<br /><br />Dont let that title fool you... you will work your butt off in the recovery week but it is definate a notch or two down on the intensity scale.  Slower pace but lots of really painful squat stuff...<br /><br />Really looking forward to what month two has in store... I have a feeling it will be extremely tough but the way the program is designed I believe I will get through...<br /><br />Random thoughts/comments:<br /><br />body changes...  already noticable...  I did not take official weights or measurements as it is not about that for me...  cloths were getting Tight!  simple as that...  In the 4 1/2 weeks my jeans are fitting much better and I can start to see my abs again...  Very pleased thus far.<br /><br />Diet...  the nutrition book that comes with Insanity is awesome...  VERY easy meal selections... NOTHING crazy.. normal everyday food... easy to follow... no excuses people...nutrition is important...  I firmly believe... as told... excersise and diet are the key to success...  do youreself a favor and commit fully!<br /><br />DVD variety...  Very good... even though you repeat programs, they are always 'new'... as you get stronger you can push a bit more so it seems to be an ever evolving situation...<br /><br />Shaun T...  Very good...  easy to listen to.. not overbearing...  very encouraging...  somehow makes you push from the TV...  I like him...  very well thought out programs...  just when you think your legs will crumble or your heart will explode the next excercise focuses on something else and the body part that is maxed out has a bit of time to recover...<br /><br />Best aspect for me... personal reason for being so happy with this system...  I assume month two is same in this respect...  You need nothing other than yourself and a medium to play dvd and about a 4 x 10 area to work out in...  With travelling for work I believe this system is perfect...  I can bring the dvds I need for my travel days and get it going on the road.  This for me is huge!<br /><br />Will post update when I finish the second month...<br /><br />Have fun people... Insanity is all it claims to be... but you gotta commit and prepare to suffer a little bit..."
B002QZ1RS6,A37JZDVXQ9H3KE,Jessica Sampson,0/0,5.0,1314835200,2011-09-01 00:00:00,good results so far.,the package arived on time and in perfect condition. i have had great results from the insanity program and i feel great! =)
B002QZ1RS6,A3KHNBVJXSTALN,Paul N.,11/12,4.0,1314921600,2011-09-02 00:00:00,Great workout but repetitive,"Great workout, very intense like everyone says. This is, like the product says, a total body conditioning program.  You will jump, dive, dip, push-up, and stretch.  It's not just about getting thinner; if you want to do that, just get on a treadmill/elliptical for 20 mins before breakfast and do intervals/sprints.  This is about total body conditioning.  At the end, you'll feel stronger, more agile, more athletic, more toned. I don't know if you'll necessarily be ""thinner"" - that's a product of your ability to keep up the intensity of the workouts, which are pretty high-impact, and follow it with a good diet. But you'll definitely be in better shape.<br /><br />A few things you should know about:<br /><br />1. They're not kidding when they say it's intense and that you need a doctor's permission. These are gut-wrenching, nearly vomit-inducing workouts. If you push yourself to the max, which is what you should be doing, you'll feel like vomiting once in a while.  If you're not in decent shape then you might have a very hard time with this. I'd recommend doing some jogging for a month prior if you haven't worked out in a while. IF YOU HAVE KNEE OR BACK PROBLEMS - BE CAREFUL.  You do a lot of jumping and twisting here.  I have good knees and felt a little tension there a couple times.<br /><br />2. The workouts are repetitive, which is why I gave it 4 instead of 5 stars.  There are basically like a half-dozen basic exercises, and each workout is essentially a remix of these.  In the plyo workout you may do a little more jumping; in the cardio one you do a little less.  But all in all, after 2 weeks I realized all the repetition and I had to fight boredom before my workouts and during.  So listen, you'll need some will power and discipline. Yes, you'll think ""it's the same workout all over again,"" but just hit Play and do it anyway.<br /><br />3. The workouts get longer and you need to plan around this.  The workouts during the first month are about 40 mins, which include almost 10 mins of stretching at beginning and end.  (Even so, the remaining 30 mins are tough.) However, they get to be over an hour in the 2nd month, making this a very demanding program.  You really need to plan your life around your workouts.  I couldn't do these in the morning. I tried doing these after waking up, but I didn't have the energy, so I had to plan time in the evenings.  I'm a horrible morning person, so maybe your mileage will vary.<br /><br />4. You should couple these workouts with a proper diet.  You don't need to skimp on the calories (you need energy to finish the workouts), but you should eat clean foods for all 60 days.  What's the point of planning your life around these tough workouts, only to lose the maximum impact by not eating well?  Do yourself a favor and eat right.  This is a PROGRAM, not just a set of workouts.<br /><br />Good luck!"
B002QZ1RS6,A1J3XC7IGCA3TH,"Luis Franco ""L Franco""",1/1,5.0,1315267200,2011-09-06 00:00:00,Great workout program!,"I ordered this item about a month ago. I am starting the third week of the program as I write this review, and I'm loving it!<br /><br />It is, as the title suggests, an ""insane"" program, nothing like I've ever tried before.<br /><br />If you're thinking about getting it, though, keep in mind the following tips:<br /><br />- Make sure this is the right program for you. Don't push yourself beyond your limits!<br />- Follow the Elite Diet. It will help you maximize your results.<br />- And most important: DECIDE TO START and COMMIT to the program. It will not disappoint!<br /><br />Happy bodybuilding ;o)"
B002QZ1RS6,AUFCECMVBWL08,Ashlee,1/1,5.0,1315353600,2011-09-07 00:00:00,awesome!!,"This program is exactly that, Insanity!! You will sweat like no other, but it is so worth it!! Shaun T is amazing and so is this program!!"
B002QZ1RS6,A3EWOBXF8H4XXP,Kristin,2/2,5.0,1315699200,2011-09-11 00:00:00,Great workout,"The workouts are short and intense.  I'm working out for less than an hour a day, but still burning a ton of calories, which works great with my hectic schedule."
B002QZ1RS6,A1RD86E5S424RG,momof2boys,3/16,2.0,1315699200,2011-09-11 00:00:00,Works only if you are Shaun T!,"I bought this for myself and several of my friends. The program was difficult from the word GO. and though it looked exciting at first... i soon realized how much strain it was putting on my knees, ankles and even my thighs. I exercise regularly and do not have any muscle ache issues but this one left me NOT SORE but actually injured and I just had to stop. anyways my friends stopped this too after a few days because of one reason or another. IN short, buy some other program probably p90X but not this one. you can get seriously injured."
B002QZ1RS6,AH5KEDFV9AWMF,EJ729,2/2,5.0,1315785600,2011-09-12 00:00:00,amazing and amazingly challenging,"I have NEVER ordered anything after seeing an infomercial, but something about this regimen just seemed to ring true. It is absolutely as advertised, seriously crazy, but very effective. It is effort driven, so if you aren't going to commit to it, save your money. Shawn T is a good motivator, clear in his instructions, and clearly in outstanding shape. No equipment is needed, not a lot of space is needed (though you do need to be able to jump so be mindful if you have neighbors on the floor beneath you) and it is certain to deliver on its promise of improved fitness if you put in the time. The workouts aren't that long, because they are ridiculously intense, and I am very appreciative of the time bar at the bottom letting you know how much longer the suffering is set to last. A great purchase- way less expensive than a personal trainer"
B002QZ1RS6,A1SI30NHJQIKM8,Us,0/2,3.0,1315958400,2011-09-14 00:00:00,Disc 2 of 2nd Month Faulty,"This is an excellent workout--however, hugely dissappointed that can not do the 2nd disc of the 2nd part because the disc doesn't work--I've tried it in 3 different dvd players.  Please be aware and chime in if your set was missed by quality control as well."
B002QZ1RS6,A10A53D25W3T7Z,Elle,0/0,3.0,1316131200,2011-09-16 00:00:00,Love it,"It's tough but I really liked it. Much cheaper than paying for boot camp classes. Not for the ""i hope to get in shape soon"" person, its for someone who wants to really take it to the next level."
B002QZ1RS6,A10YKAVVUF00JY,johnnyc,2/2,5.0,1316304000,2011-09-18 00:00:00,This is it. PERIOD.,"This workout is simply amazing. You'll be in pain, you may cry, it doesn't matter. Suck it up and do it and you will see results. I did P90X first and then moved to Insanity and now I'll do P90X on an off day for relaxation. You cant not get in shape if you do this routine and eat right for the most part. I'm not a fitness junkie by any means and didn't follow any meal plan with this or P90X and still saw results. Now I've made the commitment to eat better and follow a strict diet so its just getting better. Anyway cant say enough for it. Warning: you jump a lot, get GOOD shoes...I gave myself shin splints the first week because cheap $20 tennis shoes wont cut it."
B002QZ1RS6,A2SV6QFPJUBTXQ,Ashley,2/11,2.0,1316304000,2011-09-18 00:00:00,Bad discs,"I had purchased this product a while ago and did not have a chance to use all of the discs. Today, my sister borrowed a disc to use. She placed it in the dvd player and it did not work, so thinking it might have been the dvd player she placed the disc into her computer. Her computer now does not work because it is completely frozen from the disc and it will not eject from her computer."
B002QZ1RS6,A1WCMDKKARF4HS,Joker,1/1,5.0,1316390400,2011-09-19 00:00:00,Insanity review,i thought this workout was amazing this is only for people who are in good shape to me the warmup was a workout itself but i loved it and i noticed results fast i recommend this to anyone who loves workingout
B002QZ1RS6,A2QBDF84DBWDTE,"Jennifer Y. Lee ""olive""",1/9,2.0,1316390400,2011-09-19 00:00:00,Scratched,Only a few of the dvd are working.  A lot of them skip during the workout and the rest of them are so scratched that it refuses to play.  The product came in time and was wrapped up and everything but I don't know why the alot of the dvds are scratched up.
B002QZ1RS6,A20DWYDQ33D9QC,mudgemom,58/60,5.0,1316649600,2011-09-22 00:00:00,Excellent program!,"I first want to say that I do not understand all the poor reviews that state Insanity is just too difficult, I didn't lose the 20,30,40 pounds, it's not for people with bad joints, causes injury (and now I'm ruined for life), etc.  I don't want to minimize their complaints - especially if they got hurt - but it is called INSANITY for the love of God!  Was that not clear at all in the infomercial?  Were the repeated warnings of 'this is not for everyone' unclear?  Were the disclaimers of 'results may vary' not clear?  When doing the workout, do Shaun's constant reminders to 'rest and get back at it', listen to your body, etc. not register?  And for those with joint problems - why on earth did you ever think an extreme program with jumping exercise would be for you?  Bottom line - lack of common sense does not make this a bad product.<br />I am a stay-at-home mom of two kids and I am anything but athletic.  I am no couch potato - but I haven't seen the inside of a gym for about 8 years.  I get my exercise keeping up with my kids and cleaning my house/yard - period!  Unfortunately, after having my last child and turning 40, that wasn't cutting it anymore.  I was/am about 30 lbs overweight starting this program and I have been at it for 22 days now.  Let me restate - I am NOT athletic and I am NOT in shape!  In the beginning, I could do only 3 reps of a few of the exercises!  It was sad! The point is, I listened to my body and rested when I needed to but didn't quit.  Anything involving the 'Plank' position was next to impossible due to my weak little arms and the fact that I have had C-sections with each child, so my abs and core were weak. So I modified those a bit, and over just this short amount of time I am proud to say that I am doing all the exercises correctly and am up to at least 15 reps of even the toughest exercises, I have lost 4 pounds and am nearly down one pant size. I really feel as if I am on way to losing the 30 lbs and maybe more.  But I don't expect it all in the first 60 days because my starting point was so weak.<br />Bottom line - this is an excellent fitness program for just about anyone who doesn't have health problems, uses good old common sense, takes it at their own pace (don't 'dig deeper' until you feel you can), and doesn't expect to grace any fitness mag covers after 60 days.  Shaun T is wonderful, very motivational and easy to follow.  I am really looking forward to seeing my results after the next 38 days.  And I thoroughly expect to continue to use Insanity in the intervals suggested."
B002QZ1RS6,A3L67K4ML751DY,escapingvertigo,0/0,5.0,1316649600,2011-09-22 00:00:00,Responsible Service,Order and delivery were handled quickly and efficiently .  DVD's were in perfect condition and all materials were included.  Have been using the product for several weeks and seen no issues.
B002QZ1RS6,AXSD2OXMNS9X3,galaxygirl331,8/18,2.0,1316649600,2011-09-22 00:00:00,not at all for beginners,"I use to be in GREAT shape but got in a car accident and was in a wheelchair for 6 months and had to learn how to walk for an additional 6 months. After all of that my body was very out of shape but figured how bad could it be its only been a year my body will bounce back after some cardio. so i bought this not realizing you have to be in shape to do this its not for beginners or for people who have been out of the game for a while it sure is not for seriously over weight people. my 1st week of doing this is going to be my last week of doing this until i find a more suitable work out program and work my self up to this. I gotta say even in my best shape i know i would find this program hard but at least then it wouldn't kill me. i took frequent breaks and didn't push my self to hard but still found my self so sore i had a hard time walking at times. I gave this 2 stars because no where does it say this program is for an advanced all ready in shape person all it says is ""The Insanity Workout is a difficult workout"" this program is for some one who already goes to the gym and some what in shape but just needs that little extra to lean up. now i have to find and buy another program that can work me up to this program seems misleading and waisted my time and money 2 things I'm limited on.<br /><br />I'm 32 years old, 5'4 female, 143 lbs, and about 20 to 25 lbs heavier then i use to be. I use to work out 4 to 5 times a week about a year ago just so people know my level i would say I'm the average person... i hope my review was helpful"
B002QZ1RS6,AKSL67ZR71A9I,B. ITI,4/7,5.0,1316822400,2011-09-24 00:00:00,"Comparison - Insanity vs P90X, RevAbs and Brazillian Butt Lift.","Comparison - Insanity vs P90X, RevAbs and Brazillian Butt Lift.<br /><br />1. In Insanity videos, these guys putt out. Like you and I, we putt out as well.<br />In other videos such as RevAbs, P90x, Brazillian Butt Lift, the people do not putt out.<br />Which means Insanity to me is realistic, and not misleading like the others mentioned above.<br /><br />2. There are more people participating in Insanity vs RevAbs, P90x, and brazillian Butt lift. The more people there are, the more realistic this program is. Even though they are slim and do not model the different kinds of body weights people are at, Insanity definitely shows that you can get there.<br /><br />3.  The instructor pushes you harder, constantly. Only someone who is fit doing hardcore interval training can do that. I think most instructors would run out of breath if they were to talk constantly. Great Instructor."
B002QZ1RS6,A2NBJ5WTCGPZB6,"C. M. Hughes ""Dr Hughesy""",0/0,4.0,1317081600,2011-09-27 00:00:00,"Great cardio, but high impact on the knees","I really like the approach of the workouts- each starts with a warm-up, and stretching is emphasized a great deal throughout.<br /><br />The workouts certainly do make you sweat and get your heart rate up. However, there are a lot of high-impact exercises that could cause stress on the knees. I've found that I can usually substitute such exercises with ones that are lower-impact."
B002QZ1RS6,A3PWJ5DPLNT5P6,"Patrick W. Whitney ""Whit Dog""",1/1,5.0,1317254400,2011-09-29 00:00:00,Great product and seller!!,I have used both Insanity and P90X.  THey are both VERY tough.  The Insanity is more about cardio and plyometrics. If you have bad knees you won't want to do this.  Have fun!!
B002QZ1RS6,A37CA7PHFCBARN,cbeduke,5/5,5.0,1317340800,2011-09-30 00:00:00,Hardest Cardio Workout on DVD EVER!!,"I am a self-professed queen of workout DVDs. I own them all: The Firm, Jillian Michaels, Moms Into Fitness Post-Natal series, Leslie Sansone, Hip Hop Abs, Piloxing, Kettlebells - you name it, I've had it in my workout repertoire. I'm always looking for something new to keep me motivated. The only time I have to workout is in the 5 AM hour before my toddler wakes up - so I want my workouts to be as efficient and effective as possible. Insanity is definitely the hardest cardio workout on DVD that I've ever experienced and I love the fact you don't need any equipment (you use your own body weight for upper body exercises). In 45 minutes I torch an average of 400 calories - my body definitely feels it and my energy levels have definitely gone up since I starting using the system. I cannot recommend it highly enough. I'm currently finishing up Month 1, I will post more when I get into Month 2. Some folks are concerned with the potential impact on knees, hips, wrists, and ankles - some of the exercises are definitely high impact, but I've found that by doing the 2 stretching sessions / yoga exercises that are built into the workout(after the cardio warm up and again at the end of the workout) - I haven't had any problems. A great buy!"
B002QZ1RS6,A3BTTCQG38WADO,satisfied_soldier,3/3,5.0,1317427200,2011-10-01 00:00:00,Awesome and Intense workout,"I love this product.  I'm an a 26 year old active duty soldier, currently serving in Iraq.  I have been using this workout for several months and have noted huge increases in flexibility, strength, and endurance.  Shaun T's high intensity workouts are great for anyone who wants to strengthen and tone while increasing their cardio endurance.  I love the fast pace of the Shaun's interval training technique, it keeps me challenged and motivated.  I have tried some other fitness products like  P90X.  I found the P90X to contain effective exercises, but overall the workouts were long, tedious, and boring compared to working out with Shaun T.  After using Insanity for ten weeks, I was so impressed that I ordered the deluxe upgrade kit to get three additional workouts(insane abs, sports training and weight training).  Also I like to incorporate small weights and medicine balls into some of the exercises to increase resistance.  My only warning would be that there are several exercises in this program which may be considered high impact.  Just make sure you follow Shaun's instructions for proper form and wear comfortable cross-training shoes. If you want to challenge yourself physically and are serious about getting in shape, this may be the workout for you.  There really  isn't any beginner video in this set, so be ready to hit it starting day one.  The first couple weeks may be tough for you depending on your current fitness level, but after that you won't be able to get enough of this workout.  This program is worth three times what it costs.  I would highly recommend it to anyone wanting to maximize their fitness."
B002QZ1RS6,AAONH9D3A97CM,keepinmind112,0/0,5.0,1317513600,2011-10-02 00:00:00,great great great!,"I was nervous about buying again another workout video, but this one is great! Very serious workout though. not for the faint of heart"
