productId,userId,profileName,helpfulness,score,time,date,summary,text
B002QZ1RS6,A34F6FXWRU96I6,"Maria De La Rosa ""Lucia""",49/61,5.0,1254268800,2009-09-30 00:00:00,Amazing Program it have change my life for better and it is by far the best fitness program out there.,"Shaun T uses a technique called Max interval training. Basically he has you workout at 110% for a period of time and then do an extremely short break before you jump right into the workout routine again, but this time do it faster.<br /><br />This method is proving to be extremely effective and popular. It is interesting to note that at this point 64% of people think Insanity is a better workout then the ever popular P90X workout.<br /><br /> I believe it has exceeded the expectations of most that really care.<br /><br />The workout is 60 days long, and the first half is easier then the second half. The workouts start out at about 40 minutes long on average and in the second month increase to an hour long each day. And with the difficulty of the first 30 days the second 30 days should prove to be a real challenge for those willing to give it a shot.<br /><br />Shaun T's Max Interval training takes you through a series of workouts, then he repeats these workouts, but at a faster pace then before. Then once again you must repeat it a third time, but even faster. This makes the workouts easier to follow along with and is extremely effective... and difficult.<br /><br />Some of the most difficult aspects of the insanity workout is the level 1 and level 2 drills. These are a lot of up and down movements with push ups, jumps and they are very difficult to do.<br /><br />Many people are calling Insanity the P90X of cardio, but I think it is much more then that. It is a full body workout and is pretty difficult to do.<br />An let me tell you it does work you just have to be consistent with your work out and remember is not the program hows going to change you is you who decide to change with the help of this program. Good luck"
B002QZ1RS6,A1TU0BJNY0P9TW,"Scott E. Vezina ""thevez""",115/122,4.0,1255564800,2009-10-15 00:00:00,"Really good. Really, really, really HARD!","I've done and continue to use at home workout DVD's.  I am a P90X advocate and still enjoy it.  The ""Insanity"" workout is just that, INSANEly difficult.  I consider myself in an advanced category (or very close) in cardio workouts, but it took me three weeks to finish any of the workouts for the duration.  I found that after 30 minutes I just couldn't muster enough energy to complete the entire workout at the expected pace.<br /><br />This is a really tough workout.  It' the first time I've ever seen the actual participants take breaks during the routine.  Unless your ready to workout out to exhaustion, don't buy this yet.  Try P90X and P90X+ workouts.  If you can finish those without any breaks or exhaustion then this might work for you!"
B002QZ1RS6,A3B57GQU9GVTG5,T. Gamble,30/42,3.0,1255996800,2009-10-20 00:00:00,WHEW!!!!,"Let me  say this workout is way way over the top for cardio. I agree what Scott wrote about,if you haven't finished P90x don't even bother with this. I have done many cardio dvds before and never had to keep stopping to catch my breath.  I even saw some of his people in the video stopping and half doing it.  You will have to be in perfect shape for this. I had about 14 minutes left in the video so I stopped.  My pulse was beating so fast,and I got worried. Now it's a good video if you have the stamia to keep up. The video does tell you to go your own pace, but oh my, you will still pass out. I call it a quick, fast, stop for 30 seconds and back at it again cardio.  They named this dvd with the right title. I probably won't be doing this workout video. I will stick with what's best for my body."
B002QZ1RS6,A2CPC9OTB10XR7,L. Schulz,16/17,5.0,1256169600,2009-10-22 00:00:00,This is insanity!,"No bones about it- this is a tough workout dvd set. It is well made and I like Shaun T's style. It is tough. The latest research on CARDIO Fitness shows that 2 hours of intense cardio a week is the way to train your heart for all kinds of heath benefits. Well this DVD set will accomplish that. It is tough and you can take breaks, Shaun also encourages the use of a heart rate monitor. You have to listen to your body, take breaks when needed but also dig deep and push yourself."
B002QZ1RS6,A2CDESQB8MJTQH,Denise Arsenault,0/2,5.0,1258848000,2009-11-22 00:00:00,Excellent product!!,Excellent product! You see results within 60 days just like it says. I love it!!
B002QZ1RS6,AQ56Z8MOFLOLF,P. R. Ortega,6/20,3.0,1258848000,2009-11-22 00:00:00,good videos but mislabeled,The DVDs are fine but the labels on them are not what DVD is actually.  We had to go through and watch the videos and relabel them by what DVD it should say on the outside.
B002QZ1RS6,A22CXUZJN9L25R,Johanna Seele,18/89,1.0,1259020800,2009-11-24 00:00:00,"Insanity Workout - unable to ""really"" rate this product","I haven't been able to use the workout.  While it plays on my computer here at work, it won't play on my DVD player at home.  I emailed Lorraine Sperrazza twice, heard back from her once but haven't heard back from her with an answer to my second email. My first email stated that I could not play the Fitness DVD, that was before I found out that the entire set doesn't play on my DVD player at home. It's insane for them to think that I can do the work out at work!<br /><br />I also do not want a refund, I really want this program.  Any suggestions?  Can you guys help me instead?  I don't know where to return this so that I can get a replacement.  They obviously have my money...  HELP!!!<br /><br />Johanna"
B002QZ1RS6,A2CDESQB8MJTQH,Denise Arsenault,1/3,5.0,1259107200,2009-11-25 00:00:00,great product!!,"This is a GREAT workout!! You see results in 60 days,just like it says. I LOVE it!!"
B002QZ1RS6,A1ZOO9NUH3EVE,"PushingDaisies ""Stacy Trish""",9/9,5.0,1259625600,2009-12-01 00:00:00,"Shaun T kicks my butt, and his isn't half bad either!","I have played basketball, tennis, golf and soccer consistently throughout my life; I also attend a gym almost daily, live an active lifestyle and had a personal trainer for almost 3 months this past summer (longer than Insanity takes). I eat well (especially for a college student), but do drink a bit to cancel out some hard workout time. However, I have NEVER had results like I have with this DVD. I push myself when working out, especially when I'm with others who challenge me further, so this DVD set was right up my alley.<br /><br />Initially, the workout was a little intimidating and I had a hard time keeping up, but it was supportive to see that the workout was giving a good challenge even to people with ripped bodies - that told me that I would never get bored with this workout because I would always have something to work to. Plus there's always room to ""dig deeper!"" Furthermore, there's a woman in her 40's on his team - at 21 and in active shape I should be able to keep up!<br /><br />Shaun T presents a very intense, diversified and energetic workout that has left me feeling much stronger, more flexible and with greater stamina. Lastly, when I get out of a late class or work and the gym is closed, these DVDs are always ready to go no matter the time of day. I recommend this to any one looking for an incredible workout - as Shaun T would say, ""it's insanity!"""
B002QZ1RS6,A2ACXWMY4B61XS,"R. Benson ""CelticOne""",2/2,5.0,1259798400,2009-12-03 00:00:00,I'm sore!,"Great workout.. on day five and my legs have felt sore since day one.  Think it will be very beneficial, but I don't recommend it for people who are not already fairly active; it really is a difficult workout.  Enjoy!"
B002QZ1RS6,A2Q1CL5XJVRG0R,A. Larios,7/8,4.0,1260057600,2009-12-06 00:00:00,Insanity Video workout,"If you're not in shape, you're in for a ride. Personally went into it thinking I could handle it, but listen to others advice. Make sure you're in good physical condition to do it otherwise  you're just going to invest your money in something that you're not going to use. Nothing is impossible, but you have to really want it, and bad to keep going with this."
B002QZ1RS6,A320JWOLICLEX7,B. Miller,8/20,5.0,1260835200,2009-12-15 00:00:00,ATTENTION REVIEWERS,"Attention Reviewers:<br /><br />Potential customers would appreciate it if when you reviewed this particular product that you give your age, height, weight and workout history.  This would help in determining if this product would work for them.<br /><br />Simply complaining because the workout was to ""INTENSE"" is simply not a good review and doesn't help out someone seriously considering purchasing this product.<br /><br />I'm 25 years old, 165lbs, 5'11"" and have had a history of not going to the gym but participating in outdoor activities such as backpacking, skiing, rock climbing, and any other intense outdoor adventure.<br /><br />I currently don't have this product but from some reviews I've read [...] I've found some honest descriptive advice and linked up with some people who are just normal people like you and me that has helped me make my decision.<br /><br />I will post my review after I get this product and after about 2-3 weeks."
B002QZ1RS6,AUR08D0T6MZK5,C. N. Sheridan,471/484,5.0,1261526400,2009-12-23 00:00:00,"If You Do It, It Will Do It","Okay, I'm 54 and have run regularly, lifted weights but couldn't get the reduction in inches and bodyfat that I wanted.  I did P90X in the summer and a month of P90X+.  Great programs that got me into the consistent routine of early morning (5 AM) workouts and built overall strength, coordination, and flexibility.  With a 2 pound weight loss, but, I admit I was not very careful with the nutrition plan.<br /><br />Enter Insanity.  I cut out white[flour]bakery products, sweets, sweetened drinks, all sodas, and desserts except for once a week.  Then I started the craziness.  There's no need to tell what's in the package, others have done that.  Let me say I lost 12 pounds and an inch and a half off my waistline in 60 days.  This on a frame my family and friends said had nothing to lose.<br /><br />This program works if you follow it.  Don't worry about keeping up with the folks on the video because NONE of them do all of the routines to completion on any of the DVDs.  You do your best at YOUR pace but it has to be your BEST.  It never gets easier because as you get more conditioned, you do more repetitions.  You must do the Fit Test because you WILL see improvements and the test won't lie and it will keep you motivated.<br /><br />It's not easy but it works.  Nothing worthwhile is easy so why should this be different?  You have to be in decent, not great, shape, and follow the warnings about injuries and other potential health problems because it is a serious workout.  But if you get the green light and you stick with it, you won't regret it.  There's nothing to it but to do it.<br /><br />PROGRAM UPDATE: I have completed another four cycles since this first review.  I have added some variations such as some running and weight workouts.  STILL, I cannot do ANY Insanity routine all the way through without taking a break a couple of times.  It's not the agony of when I first started but it's still hard and remains a challenge to keep doing. However, I feel better than I ever have in terms of conditioning and stamina and so does my wife who has started and continued this program after I finished my first cycle.<br /><br />Give it YOUR best!"
B002QZ1RS6,A3Q2HFUIRCUGI8,"Rolando Aguillon Aguilar ""Rolando Aguillon""",2/3,5.0,1261958400,2009-12-28 00:00:00,Great Workout,"If you are looking for the next way to push your body to your limit, insanity is the thing for you!!! it is explosive, intense and demands mental toughness. Stick to the program and you will know it works.. If you are a begginner, please dont try this at home.. you can injure yourself.. try something lighter until you feel physically ready to commit to this program"
B002QZ1RS6,AIXCOWSM3GLI5,"Mommasita ""Rby2zdy""",13/14,5.0,1262304000,2010-01-01 00:00:00,JUST DO IT!!,"JUST DO IT!!<br />I wasn't hestitant at all about ordering this dvd! I know it's mind over matter. Yes It's hard...but worth it! My husband and I both are on the program together. I am a 31 years old and a stay at home of two. I am 5 feet 102 lbs. I AM NOT DOING THIS PROGRAM TO LOSE WEIGHT! I am however doing this to get muscle tone (especially in the stomach area).<br />My husband is 5'11"" tall and 190 lbs. He wants to tone as well.<br />We've been following the diet and exercise program religiously and after three days, my husband lost 4 lbs and I can see my abs!<br />We've only been doing this program for 2 weeks and LOVE it. Seeing the results so quickly make us keep on going.<br />Neither of us are P90X graduates. Listen to the advice of Shaun T: 1.)go at our own pace and 2.) frequently take breaks.<br />See you at the finish!!!"
B002QZ1RS6,A1JBK4HHU0XWMI,C. Widman,0/0,3.0,1262649600,2010-01-05 00:00:00,I want to love this...  BUT,"I got this for Xmas and was very excited - spent the first four days doing this according to plan.  I should add that I am in my 30's and teach fitness classes at my gym and am in pretty decent shape.  I exercise regularly.  However, I have a history of issues with my knees.  I can avoid flare ups if I avoid lunges, etc. This DVD set makes it literally impossible for people with joint issues - especially knees - to participate in this without seriously injuring themselves.  This is stated on the warning at the beginning of the program - however, nowhere did I read that before dropping $150 to order.  Shaun T is awesome - the program is challenging and if you are looking for something to use at home, get this.  It is addicting and intense.  However, if you have even the slightest issue with your knees, DO NOT BUY THIS!"
B002QZ1RS6,A2FYATCIFDNMB2,M. Moon,13/15,4.0,1262822400,2010-01-07 00:00:00,really intense killer workout,"i have been doing this workout quite regularly for about a month now. just this week, i decided to follow the schedule to see if i can keep doing it for the full two months. let me start by saying that this is damn hard!! i haven't been able to complete any of the workouts without stopping for breaks or modifying some of the harder moves (walking planks, push ups on one leg, etc etc). at the end of the workout, i feel exhausted...like i have nothing left.<br /><br />my only concern about this workout is the fact that i just can't do all the exercises.i know that i am sometimes compromising form for speed b/c it's so hard to keep up. i wonder if it's better to do something a little easier like Jillian Michael's Banish Fat Burn Metabolism and be able to complete the entire workout. in the end, which workout is burning more calories? both are about 45 minutes long. both work every muscle in the body. however, beach body is so hard that i have to take a lot of breaks, modify and go at my own pace. (BFBM is tough but doable and i can do everything i'm asked to do.) i think i'd have to strap myself up to some sort of calorie burning device to know for sure.<br /><br />anyway, i would definitely recommend this to people who are looking for a challenging, intense, high energy workout.<br /><br />Ps. i should add that i am an active person. i run half marathons and paddle on a competitive dragonboat team. i guess, you can say that i am in shape; however i still find these dvds to be insanely challenging!"
B002QZ1RS6,A3INFCS5UXKW7C,N. J. Johnson,43/53,3.0,1263081600,2010-01-10 00:00:00,From a beginner's view.,"Age: 26  Weight:185 lbs<br /><br />I usually do some pushups and situps about 4 times a week and in my job I walk about 2 miles a day, sometimes fast paced walking. When I stepped into this program I knew it was going to be tough but it was way harder than any workout I have ever done. It is like some other reviewers have said, ""impossible"" ,to keep up with the instructer during the excercises. They move way to fast and it seems like I'm constantly staring at the screen saying ""Are you F#$@ing serious?"" a lot. The program is very repetitive so I don't know why it comes with so many DVD's when a lot of the same excercises are on each DVD. They also only put one to two workouts on each DVD which range from 30 to about 45 minutes a piece so they obviously could have made this into a 3 to 4 disc set easily. The nutrition guide isn't of much help because basically all it suggests is just different meals with what could easily be summed up on the back of the box as---> (During the 60 days of this workout DO NOT EAT FRIED FOOD) The instructer, Shaun T., is a great motivator and teacher but I think he had some other single disc DVD's that could offer the same advice but keep a lot more money in your wallet. I would try looking those up. All in all I just don't think this workout is worth the money. Make sure you check with your doctor before you start this or any workout. Peace."
B002QZ1RS6,A473HP8RAU6Z5,J. Huesmann,6/6,5.0,1263168000,2010-01-11 00:00:00,Puddles of Sweat!,"This workout is insanely tough.  You will drink buckets of water, and sweat it all out.  The workout consists of a bunch of exercises using only your own body weight to work your entire body: pushups, suicides, high knees, all kinds of stuff.  There are a lot of intervals, where Shaun T has you doing exercises in three progressively faster stages.  As has been mentioned, you just gotta go at your own pace--if you can't keep up with the people in the video it's OK as long as you're doing your best.  Even the people in the videos take occasional breaks when things get too much for them.<br /><br />FWIW, I'm 39, 5-10 and was 162 when I started the program.  I only lost about 5 lb, but got pretty cut.  IMO the real benefit of the program is the cardio shape it gets you in."
B002QZ1RS6,A3QJGC6TBUW6BB,"bballer ""E""",20/22,4.0,1263168000,2010-01-11 00:00:00,Bananas,This workout is bananas!  Crazy sweat comes off you fast.  If you want to sweat a lot this is your workout.  I use to have bad knees before this workout having popping and cracking noises and I did have problems with them in this workout.  But if you press on through it your legs will get crazy strong.  Like my biggest problem was if i needed to all of the sudden run across the street or just run spontaneously I could not without having pain in one of my knees.  But now i can jog or sprint across without having to do a stretch or warm up first.<br />I still need to do the last part of the program which is the Max cardio portion which i know I am going to get hammered!<br />The ab routine is like nothing you ever done before.  You definitely feel your stomach working.  The only thing is I would like to have some weights included in some of the routines.
B002QZ1RS6,A38MDTOGKJCD5G,"J. McLean ""hey man""",8/9,5.0,1263340800,2010-01-13 00:00:00,Fantastic Cardio Program,"This is an unbelievable cardio workout program.  I've finished 3 rounds of P90X and love that product, but it really lacks a good cardio component.  With Insanity I'm burning between 600 to 800 calories a workout (and that's with taking breaks).<br /><br />A couple of important points: You should already be in very good shape before you do this type of program.  It is designed for individuals who want to take it to another level, not for sedimentary individuals who want to lose 50 pounds.  Also, if you have knee issues, this may not be appropriate-there are a lot of high impact moves.<br /><br />I would suggest getting cross-training shoes with very good support, a mat (if you are working out on a hard surface like concrete), and a heart rate monitor.<br /><br />The program is based upon interval training, which is a scientifically proven way to very effectively lose weight, so it is ideal for those wanting a more toned and hard body.  One thing I've done is incorporated two days of upper body strength training because Insanity has very little in the way of upper body work. 60 days without any strength training for your upper body can cause some atrophy.  There is sufficient plyometric training for the lower body so no real need to include any additional work for your legs.<br /><br />Overall a great (very) intensive cardio program. Some repetition in the workouts, but Shaun T. does a very good job of continually giving pointers about form and breathing.  Highly recommended."
B002QZ1RS6,A344N7ISB0S4TT,"Tanya ""Tanya""",5/6,5.0,1263427200,2010-01-14 00:00:00,Love Insanity!,"Great, great workout!  Extremely hard, but that's what's great about it.  I am a big advocate of the P90X program, but I'm seeing results much faster with Insanity.  I've lost 4 lbs and 2 inches from my waist in the first four weeks. (I'm 5'6 and 135 lbs).  I definitely recommend this product.  Even if you are a beginner, you can always ""go at your own pace""."
B002QZ1RS6,AFUL4RWG344J3,"A. Cohen ""Andy""",37/39,5.0,1263600000,2010-01-16 00:00:00,WORKING SO FAR FOR THIS FAT GUY,"This workout is without a doubt the most intense workout I've ever done.  To make a long story short, I've lost fourteen pounds in the first two weeks with this program.  I've eaten healthier which played a big part, but I also am committed to this program.  I can't wait to see the results I will have at the end of the sixty days.  I will update this review then.  Keep in mind though this isn't some easy workout.  I knew I was in for a challenge when the people with perfect 10 bodies in the video were having to take rests throughout these workouts.  What's cool is Shaun T. is encouraging and it feels like he's in the room with you.  I also save time going back and forth to the gym and can do it all in the comfort and privacy of my own home.  It comes with a calendar so you are sure to be on the right page everyday with this program.  If I can lose 14 pounds in the first two weeks imagine what you can do.  If my results continue to be this great I will write Shaun a letter and thank him.  I really appreciate him putting this program together."
B002QZ1RS6,A595T15OO91DC,"A. Ort ""aorto""",0/0,4.0,1264204800,2010-01-23 00:00:00,P90X this isn't...,"I'm a former P90X junkie.  That program literally changed my life and got me into the best shape of my life, even at 40 years old.  However, this is not P90X.  That is not a criticism at all, just don't expect more of the same.<br /><br />This is all floor exercises using your body weight with lots of plyometric and isometic exercises, cardio and core exercise that will work you - hard.  The exercises come fast and furious with a good mix of cardio and strength building (e.g. squat type exercises and push-up type exercises).  But its primary focus is the CORE.  If you didn't know what that meant before Insanity, you will definitely understand it once you begin.<br /><br />It's broken into two four week segments with a ""recovery"" (I use that term loosely..) week in between.  The warm-up itself is a workout.  The first four weeks are two rounds of three sets of a series of exercises equaling about 40 minutes per session.  In the second four weeks you'll find some of the warm-up exercises were exercises from the actual program from the first four weeks.  And the program itself moves to three rounds of three different sets of exercises equaling about an hour.  You'll actually be begging to go back to the first four weeks. If you like crazy, you'll love it...<br /><br />Shaun T is a good motivator and provides good tips about proper form and techniques.  The music adds to the program as well; as each routine picks up intensity, the music is well designed to keep you going.<br /><br />It is tough on the body, though, so be forewarned.  If you aren't in some semblance of shape, you may want to rethink this one.  I pulled a neck muscle during the first week because I didn't breathe properly.  It will tax your joints, your knees, your feet, your back.  If you are injury prone, be extremely careful.  Modify if you need to or pass on it altogether.<br /><br />It requires serious focus.  Breathing is key.  Drink lots of water.  And move at your own pace. Even the participants in the DVD (including Shaun T) have to quit and take breaks.  It's that intense.<br /><br />The caveat is really only this: you may lose some of the ""glamour"" muscles.  This doesn't mean you will get less strong but there are no no exercises for the biceps or the lats (no pull-ups here).  However, the muscles you do have (especially the legs) will be stronger and more defined.  If you want to maintain weight, you will need to increase your food intake big time, especially as the program progresses.<br /><br />Your body will change and your core (including the abs) will be stronger than you ever thought possible and you will be in incredible shape, even if you only do the program at half the intensity.<br /><br />I give it a definite thumbs up but know what you want to get out of the program and understand what it is about before investing your time and money in it.<br /><br />UPDATE: The first time around I was surprised and frustrated with the loss of size (due to lack of adequate calorie intake) but a second round with more focus is producing positive results.  The body fat reduction happened from the top down.  I am seeing more definition in the shoulders and the chest and seeing muscles in and around the abs, especially the obliques.  Things just feel tighter all the way around.  The ""spare tire"" thing is not completely gone though I feel quite ok in a t-shirt that fits rather than a larger size to hide behind.  Results: maintained my body weight and dropped from 20 to 16% body fat which means I actually built muscle.<br /><br />Final reflections: Using the CORE (which is much more than just your abs) makes all the difference.  Keep it tight, no shortcuts and you'll feel your power increasing.  The true test of this is during the high knee run in the warm-up and in the high jumps on the cardio power and resistance disc.  If you use anything other than your core, you will never get the speed and power and you risk injuring your back.<br /><br />If I could emphasize one other thing it is to continually push through.  One more rep, one more second, just a little further than you think you can.  Don't be foolish, recognize your limitations, but don't confuse your body's need for rest with your mind's tendency to quit too soon.<br /><br />And, just as a reminder, drink lots and lots of water before, during and after.<br /><br />Heads up: Shaun T has a new program just out called <a href=""http://www.amazon.com/gp/product/B004X81ZXG"">Insanity: The Asylum Deluxe</a>.  It's a 30 day program using sports training techniques that looks brutal.  And that's a good thing..."
B002QZ1RS6,A111WVXDVT57VE,Sammy,4/4,4.0,1264204800,2010-01-23 00:00:00,"Tough, but fair","This is my second time trying this program, not because I felt defeated but because I couldn't keep up with the time schedule.  I was time restricted and during long days at work, the last thing I wanted to do was go home and work out.  That and I always felt like I was failing at his program because I wasn't able to keep up.  But, I'm back and I have to say it's a tough program, but I'm actually listening to Shaun T's words this time.  It may seem like he's pushing you to go as fast as him and the rest of the people in the video, but he clearly states in every video to take your time.  Don't neglect form for speed.  And he's right.  I'm only in the first week and I feel like I want to curse him out every single time, but it's all worth it.  The muscles are sore, but in a good way.  And I'm positive that this time I will finish it.  If anyone's wondering, I'm an avid gym goer.  I'm there 4 days a week (at home 2 days) mixing intense cardio with strength training, so exercise is not a foreign term to me.  Just stick with it and I'm sure you'll see results."
B002QZ1RS6,A2Y3MEHTGRVRMA,Nagafighter,17/23,3.0,1264204800,2010-01-23 00:00:00,DVD's messed up,"The workouts themselves are great.  Anyone who complains about them being too tough just has to modify and slowly build up to doing what the on-screen crew is doing.<br /><br />The problem that I have has to do with the quality of the dvd's.  I ordered two sets -- one to give as a gift.  In both sets the routines ""Max interval sports training & Insane abs,"" and ""Insane abs,"" jump from one part of the routine to another every ten seconds or so.  The on-screen timer jumps around with the sceen-changes, but the dvd timer clicks along in the normal fashion, so the dvd's were 'printed' this way.  In one of the sets I received, all of the dvd's that are supposed to contain two routines do not have the second one.<br /><br />Beachbody publishes this and does not seem be a quality company.  When I contacted them about the problem, they were uninterested because I had purchased from secondary sources.  If you want to purchase this workout, do so knowing that you may be getting only part of what you are paying for."
B002QZ1RS6,AJDUFPXV9FO0Y,A. Hsu,2/2,4.0,1264291200,2010-01-24 00:00:00,Best Workout Ever!,"I was very impressed with the DVDs.  I admit it is challenging, but in a good way.  Also, the exercises are not extremely complicated like in some other workout programs.  It makes you work and work hard.  I also like this better than P90X (which I also own). So if you are looking for something to step your game up then this is it."
B002QZ1RS6,A2MGWX5R37UQ0U,Michael T. Benusa,17/69,1.0,1264291200,2010-01-24 00:00:00,Faulty product,"So far 3 of the discs in my set don't work. Some skip the entire workout and just go to the cool down, others skip parts of the workout or start in the middle."
B002QZ1RS6,A2LIH90J2KCFUB,Chad Roberts,9/10,4.0,1264550400,2010-01-27 00:00:00,Everything it says it will be,"I bought this product on eBay (which was less than half the price of the official site) and it works very well. I am overweight and out of shape and was warned that this was not for beginners. However, I went for it anyway. I just do what I can and rest when needed. This series gets the heart pumping and is a great way to lose weight and get in (better) shape. I've completed two weeks and I can already tell I'm doing better as I can get through most of the warm-up without stopping now. My only issue is that 90% of the workouts and stretches focus on the legs. There are little upper body exercises to be done. Yes, there are some but it is extremely disproportionate. Most of the time I have to stop because my legs are burning, not necessarily because I'm out of breath. One will not get a six-pack and a ripped upper body with this set. Overall, it's worth the money if you buy it elsewhere because $150 for 11 discs is ridiculous imho."
B002QZ1RS6,A1E120JISHSKRH,Anne,5/5,5.0,1264636800,2010-01-28 00:00:00,Hardest Workout Ever!,"I have done a lot of video/DVD workouts over the years, starting with Jane Fonda in the 80s, The Firm, Cathe Friedrich, Jari Love, P90X, etc...and I love them all but this is definitely the one that gives you the most bang for your buck.  I like weights but I also like that there are no accoutrements with this workout, it's just you and your sweat.  I love P90X, but hated all those damn pull-ups.  This workout is really, really hard but the exercises are very straightforward and achievable.  I love it.  The guy who said don't do this before bed because you won't sleep is right - you will be leaping out of your skin with energy!  I lost four pounds the first week and all my muscles feel firmer.  I am a 43 y.o. woman, 5'8"" and need to lose at least 20 pounds but I've been exercising a long time and am very fit under my fat.  This workout is NOT for the novice exerciser."
B002QZ1RS6,A2F8FRYT1CXIBK,"Roy Lederman ""Advisor""",5/5,5.0,1264809600,2010-01-30 00:00:00,AWESOME!!!,"Absolute best workout videos ever!  Prior to starting Insanity, I worked out 5-7 days a week for a minimum of 50 minutes.  I had definitely reached a plateau with my gym workouts and running and was ready for a change.  After just under two weeks, I am already seeing results.  I haven't even started the ab workout yet, and the definition I am already seeing is awesome!  While the workouts can be a challenge, Shaun is highly motivating and makes me push myself harder.  I have several other workout videos, and Insanity, hands down, is the BEST.  I've actually started a little workout group at my office.  While they can't commit to the six days a week schedule (and they're just now beginning to incorporate exercising into their lives), three days a week I will bring in whatever workout I'm on and we all do it together.  Great fun!  Prior to ordering Insanity, I read a lot of the reviews and having had some knee problems, I was a little nervous.  If you follow Shaun and his instruction (plus invest in some good cross trainers), you should be okay. I am keeping my fingers crossed that I don't encounter any problems because I honestly don't know what I'd do if I couldn't do the Insanity workouts.  I'd probably be very b*%chy!  Buy it, do it and be amazed!  Shaun, I LOVE IT!!!"
B002QZ1RS6,A2CBLP65NUWH3Q,kalika1823,3/3,5.0,1264809600,2010-01-30 00:00:00,Great Product,"I am a graduate of both P90x and P90x Plus and I love the Insanity workout program.  While P90x gave me fantastic results, I wasn't such a big fan of all the lifting and wished there was more intense cardio.  This program gives me an amazing cardio workout and I've seen great results so far in the first three weeks alone.  After the 60 day program I plan on going back to P90x Plus for 120 days and then doing Insanity for 60 days.  Just a warning, this program is not for beginers or people trying to get into shape.  You must already have a high level of fitness ability before attempting this program.  If you are trying to get into shape, start with P90x...another fantastic fitness program.  These cardio workouts are very, very difficult and a great challenge.  My husband thought it was too much cardio for him to maintain his muscle mass and weight, so he just added the cardio workouts into his P90x routine."
B002QZ1RS6,A3ES44HLS91BOK,"D. Sharpe ""WISDOMSEEKER""",5/5,5.0,1264896000,2010-01-31 00:00:00,Great Change of Pace!!!!,"I kept searching and searching for a high intensity workout and came accross Insanity.  This is a great investment (it cost $155.00), that is well worth the price.  I have to warn those who are considering purchasing this program of several things:<br /><br />1.  This workout is in no way suitable for beginners!  This workout is more suitable for those who do high intensity workouts or athletes.  Beginners should start with Crunch, Kathy Smith, Self, or even Shape workouts.<br /><br />2.  If you have any type of problems with your knees or legs, or even heart.  You may want to look for something else.<br /><br />3.  $155.00 seems like alot of money, but if you are like me and you purchase workout dvds every few months or so, it will pretty much add up to about 14.99 a workout, and a recipe book is included in the package.<br /><br />4.If you are going to purchase this from the amazon website, I would suggest ordering it straight from Amazon, as opposed to one of the other sellers, because you are guaranteed  your package and it only takes a few days to arrive.<br /><br />5. You get 10+ workouts (some of the dvds have more than one workout on them)<br /><br />I am really excited about this workout.  Everytime I finish a workout, I feel accopmlished becuase it is really, really, tough!<br /><br />No pain, no gain!"
B002QZ1RS6,ATJ5Z59YD0OE0,"Thomas E. Mason ""T. Mason""",0/0,5.0,1264896000,2010-01-31 00:00:00,Insanity is a great workout.,Shaun T does it again. Insanity is a great workout. I would definitely recommend this product.
B002QZ1RS6,A2LV9UPUNC6LP7,"Michele E. Dean ""HappyBuyer""",0/0,4.0,1265068800,2010-02-02 00:00:00,Excellent seller,"I purchased Insanity looking for a fast/fun way to become fit. This is definitely the hardest workout I have ever done, but it is worth it. When I purchased the product it was shipped  the first day I ordered it and it was received in a timely matter. One of the 10 discs was not working properly, but the seller replaced the broken disc without hesitation.  Overall good product and good seller."
B002QZ1RS6,A13ULKP9XZMJ9B,sherbert,2/2,5.0,1265155200,2010-02-03 00:00:00,high impact - increases goals - good for shorties,"i hate those dvds that are so simple you can't ever push yourself to improve.  this one, you will have room to improve!<br /><br />this is high impact.  Once i was doing high knees / tucks and landed on my foot the wrong way. Oops i kinda twisted my ankle!  but it is WORTH IT.... b/c then i healed up in a day and was on my way to doing it again.  I like it b/c i am short 4'10"" and it makes me feel bad when i can't run as fast as others  b/c of short gait but I can kill in Insanity b/c just using our own body weight & gravity!  Then i am on even footing w/ everyone.<br /><br />Also good for runners on a rainy day or a day off.<br /><br />Shaun T is very motivational and will get you in shape!"
B002QZ1RS6,A2679LOKSVVPWL,TED,2/2,5.0,1265241600,2010-02-04 00:00:00,This is definitely a tough workout!,"I have been doing insanity for about 3 weeks now, and I really love it.  It is definitely a tough workout!  I was not in very good shape before I started as I only worked out about once a week.  However, even though I don't look like the people in the video, I have still been able to get through these workouts.  I do have to pause a few more times and take a few more breaks, but I get right back into the workout as soon as I can.  I have started noticing some improvements in my cardiovascular health already, and I have lost 5 pounds by sticking to the nutrition plan that comes with the videos (it seems like most men lose even more).  I still agree with other reviewers who say this is a very difficult set of videos to get through for those who are not in great shape.  Thus, you should follow the videos' advise and consult with your doctor before starting.  Also, if you have joint issues, you will probably have to either buy a plyometric mat, or modify several of the exercises.  However, if you think you can do it and are willing to put in the effort, give it a try."
B002QZ1RS6,A1QFYEI9E9H29P,L. MCELWEE,2/2,5.0,1265414400,2010-02-06 00:00:00,Love it!,"This workout is brutal!!! for just the regular person who is  not in great shape trying to lose weight and tone up its gonna be real hard for you to keep up! I suffered through the first few times. I took the fit test at the begining of the program and was a little embarassed at my numbers, but thats not what the program is about. it pushes you hard and helps you to set goals for yourself. do what you can and do it hard. I highly recommend this to any active person that wants a great workout program!"
B002QZ1RS6,A1IBY7ULVWAVYF,"M. Haywood ""Honsalons""",9/9,5.0,1265414400,2010-02-06 00:00:00,"If you commit, it works!","This program is not just hype, it works.  My husband and I started after the new year, and in 5 weeks he has lost 17 pounds and looks so much better!  Also wearing pants he hasn't worn in about 5 years.  My weight is down a couple pounds, but I didn't really need to lose any; I'm getting in way better shape and and firming up my arms and butt, very noticeable.  We follow the diet plan that comes with it and are taking it seriously, but we're not totally crazy.  Anyway, if you are serious about getting in shape, this program WILL work and is worth the money."
B002QZ1RS6,A1MDL2VU9XE17Q,"Joshua Gonzalez ""Josh""",1/1,5.0,1265500800,2010-02-07 00:00:00,GREAT....,"This video is simply great. You have to have heart and be motivated, but if you at least give 100% it works great, plus you'll be extremely sore. I love that i couldn't finish the first work out, that makes me motivated to keep at it and finish it. Anyone complaining of it being to hard simply doesn't have the drive or will and probably are the same ones to drop out of a gym membership 1 month in and still pay for the other 11months without going. You probably won't end up looking ripped like the people in the video, but you damn sure are going to look completely different if you stick with it. Great buy"
B002QZ1RS6,A29YXSKIHUKDD4,Priscilla A. Smith,0/2,5.0,1265846400,2010-02-11 00:00:00,great workout shaun t is wonderful,"Shaun T is a wonderful trainer this workout is excellent the soreness crips up on you, if you like cardio I would suggest you buy this, he knows his stuff."
B002QZ1RS6,A2Z7W7ANFMET3Y,Joan I. Strautman,39/40,5.0,1266105600,2010-02-14 00:00:00,insanity and p90x,"I have had p90x for awhile and love it. Got good results from it. I enyoy working out with Tony. I wanted some thing new to use with p90x so got insanity,Its alot of work but its good to keep you fit too.I made up my own schedule with the p90x and insanity.I also belong to Anytime Fitness, Have lost over 20 lbs,lowered my cholesterol and cut my blood pressure meds in half.By the way I'm 70 years young."
B002QZ1RS6,ACPVLUD240YF9,"Deanna L. Hanshew ""ntebte""",2/2,5.0,1266105600,2010-02-14 00:00:00,AMAZING Workout Program!  Will Make You Sweat!,"I am 37 and 5ft 2in.  I am in average shape and I decided to get this product as a way to kick me back into a more regimented work out program!  Let me say that it is not only an amazing program it is also motivating and you can never get tired of it because it changes daily.  The level that you put into it is up to you.  I do agree with another review this workout is not for people with weak knees or knees injuries.  You do alot of squats, and jumping.  I would recommend this program for anyone who is in good / fair health condition and is looking to jump it up a knotch!  I love it!  Check out the facebook page to, lots of support and encouragement there! Shawn T is also really motivating and you will feel good when you see all the people in the video dropping out to take breaks too, this is some serious fun and serious working out!  Worth every penny!"
B002QZ1RS6,A34P8GRUF9A16I,Mark Bullock,5/5,5.0,1266192000,2010-02-15 00:00:00,Great cardio.,"I have done P90 for over a year and love the results I've gotten.  At heart I've always favored cardio a litlle more though, and felt the cardio routines in P90 were just a little lacking.  I saw Insanity in an infomercial and noticed it was from Beachbody as well.  I decided to give it a try.  My girlfriend and I have been doing it for a month now and we are loving it.  I'm dripping sweat by the end of the routines.  It's a great core workout.  Recommended."
B002QZ1RS6,AR8QC9TDX5E4,"C. Leung ""alproosh""",5/5,4.0,1266278400,2010-02-16 00:00:00,To push yourself harder without going to the gym!,"We all need to stay on our toes and keep moving forward.  After P90X I started doing ""maintenance"" workouts enjoying Jillian Michael's ""Banish Fat Metabolism"" and ""No more troubled zones"" and going back to my old favorite ""Barry Workout System"".<br />Both P90X's Plyometrics and the Barry Workout System are based on interval training concepts with high to medium intensity moves separated by rest periods.  Very effective but I wanted something different for a change (it is 2010 afterall)!<br />Insanity is based on the same concept but with more ""Maximum"" and ""High intensity"" moves built into the workout.  This maybe one of the hardest workout for home exercisers in terms of intensity and Shaun T wants you to go into maximum pushing mode.  We get sore and our body changes.<br />Room for improvement I have noticed are:<br />1) Shaun T needs to correct the stance/posture of the class a bit more especially when doing warm up butt leg lifters.  I noticed that Shaun T maybe the only person in the class doing that move correctly.  This move could be a lower back killer if not done right.<br />2) P90X is conducted in a very calm, poised, and controlled environment and descriptions/explanations of moves are very well explained (if not over)  Same with Jillians' 2 DVDs above with Jillian walking the room correcting and coaching.  Shaun T's DVDs are certainly motivating (music chosen feels like mountain climbing anthems), however, I can hear him huffing and puffing into the microphones more so than his own voice announcing/talking/cueing in a less hassled tone.  I fee like the huffing/puffing is adding to the intimidation unnecessarily.<br /><br />Thanks BeachBody for another one to push us to the next level!"
B002QZ1RS6,A384PD9HCK4D1L,"All Knowing ""GAWD""",16/107,1.0,1266364800,2010-02-17 00:00:00,"I would love to review this item,","However my I never received it.  I ordered it over two weeks ago and no emails indicating the status of my package or anything.  I've never had a problem dealing with Amazon before, even when I was deployed my stuff would get there within a week of placing an order!!!!  I guess this is what happens when Amazon starts to outsource their operation to small amateurish firms...  I want my money back!!!!!  Before people start whining about me not reviewing the product, let me initiate the conversation, get a life, I want what I paid for, I didn't receive anything so here is my review on the product!!!!  NOTHING!!!!!"
B002QZ1RS6,A2YH31LGPINTEB,Stephen Maddox,5/5,5.0,1266451200,2010-02-18 00:00:00,It really works!,"I am on week 6 of this workout program and I have to say that I have been very pleased with the results. I have lost 12 lbs so far and almost have a visible six pack, but more importantly my energy level and overall physical state has improved tremendously. One caveat, I would heed the warnings before trying it out, it is extremely intense. I have a chronic knee injury which is starting to act up. If you have any chronic medical issues use caution and seek medical advice before starting this program."
B002QZ1RS6,A19CS91MUCOY22,"Chokechai Vayavananda ""Tatum""",9/9,4.0,1266451200,2010-02-18 00:00:00,Not a gimmick workout,"If this isn't the most effective workout on DVD, I don't want to know what is! Insanity is a great workout that, if you stick with (with a proper diet, should work. There are some moments where I'm just on the floor gasping for breath or mustering every once of strength to keep going. Did I mention I'm a Marine and a marathoner? (Although, a LITTLE bit out of shape, this really gives me a workout.)<br /><br />In my opinion, this is not a workout you want to start out with; you want to make sure you are fit enough to exercise and want to take it to the next level. I consider myself pretty fit and pretty strong, but these exercises push it to the limit. (You know it's challenging when the demonstrators on the DVD, who are fit as heck, start dropping out :P)<br /><br />Shaun T is really motivating and keeps you moving. It might be a bit hectic at first, when you're not familiar with the moves, but once you have it down you can really work it all out and give the 100 percent. When your body starts to think ""I want to quit,"" is when Mr. T kicks in with that extra motivation to ""dig deeper"" and give it your all. The stretching sequence feels awkward for me but it's still important. What is more important is that you pace yourself - Don't just jump right into this. Make sure you take a few seconds to loosen up before the ""warm-up,"" because it's pretty intense itself. Make sure you stop if you feel any pain and don't be discouraged to take breaks when you need to.<br /><br />THE MUSIC IS GREAT! It really kicks in when you think you're about to quit. It really uplifts me and makes me want to finish each repetition and finish strong with Shaun and the gang.<br /><br />This is a really great workout program. Once I'm finished with it and move on to another training regimen, I'd definitely like to revisit this to hopefully be able to contrast how much better I am. (Or perhaps an Insanity 2 will be released? hehe)"
B002QZ1RS6,A3VS15K8YG77XY,Timothy,134/138,5.0,1266624000,2010-02-20 00:00:00,Building Better Humans,"I'm on day 36 of the workout which is the first day of month two.  I have been so happy we bought this.  Since I saw this on an infomercial, I was kinda expecting it to be (bluntly) cheap crap.  I was just hoping for a workout to do on days that I don't run or punch the bag.  I also wanted a video workout that wasn't feminine in nature with a bunch of girly moves ie. 'sashay left, sashay right.'  I don't sashay.<br /><br />From the time you open the package you can tell that they put a lot of effort into making this a serious workout program. The packaging and accompanying literature alone give you an indication that this isn't going to be cheap crap.<br /><br />Once I started with the first DVD I was hooked. The production quality is very good.  The music (which you can choose to turn off) adds to the overall effect of the intensity.  I soon decided to stop every other workout I was doing and give this program the two months to see if it works as well as advertised.  As of day 36, I'm pretty sure it does.<br /><br />As everyone has clearly explained - THIS IS NOT EASY!!  Keeping up with the pace of the workout is difficult although there really aren't that many hard exercises.  You just do the exercises with enough intensity and for long enough to get results.  Staying motivated to continue hasn't been nearly as hard as I thought it would be. In fact, I've been super-motivated to make time every day in order to not miss any days.  So far I'm on track.  The motivation comes from the fact that you can see and feel results.  After only the first few days I felt like my core had been coated in steel.  On days when you can't see your progress, you can usually feel progress.  I feel stronger everywhere.<br /><br />Another thing that keeps you motivated is the variation. There are various exercises on each workout DVD and variations of workouts throughout the program.  You may repeat the same workout a few times in one month, but the order of the workouts is mixed up so it is never monotonous.<br /><br />Somebody with a lot of experience and knowledge of physical fitness - presumably Shaun T - put a lot of thought into this program.  I'm usually sweating by the end of the warm-ups at the beginning of each workout.  After the warm-ups comes the stretching.  Then you get to the exercises and finally more stretching at the end.  There is a lot of intensity in the workouts but I haven't had any injuries yet. The program pushes you to your limits but the rest days and recovery workouts seem to be inserted at just the right time to make it possible for your body to continue.<br /><br />I also like the format - a group of about 12-15 people, led by Shaun T, inside a gymnasium.  Everyone looks very athletic but that doesn't mean they can keep up.  It's inspiring to see so many apparently fit people suffering and sweating as much as you are.  I like that they didn't try to hide that.<br /><br />Oh yeah - I like that running clock at the bottom of the screen which tells you how long you have left in each exercise set and how long you have in the entire workout.<br /><br />FYI I'm a guy. I turn 40 this year and am in pretty good shape. I'm a casual runner but ran my first marathon a few months ago.  The Insanity workout is difficult regardless of what physical condition you are in or what sports you currently participate in.  There are so many exercises targeting so many parts of the body - with overall emphasis on the core - that you are literally transforming your body into an overall stronger, faster, more finely tuned machine.  I think I'll be a better runner after I finish this program.<br /><br />Don't get frustrated if you can't keep up.  This workout program wouldn't be as effective if it were easily mastered.  You'll see improvements as long as you keep trying.<br /><br />I'd recommend this for ANYONE who doesn't have physical impediments or injuries keeping them from completing the moves.<br /><br />The Insanity workout is a roadmap to transforming your entire body into a higher performing machine.<br /><br />DAY 57 UPDATE<br /><br />I did the first workout of week 8 today and am still alive.  Entering the home stretch. I still haven't missed a workout.  I know from running that if you take too much time off from an intense workout, little de-motivating aches and pains start to show up that try to convince you to take another day off and another.  I don't want to go down that road. I also still haven't had any injuries although my hands are the latest part of my body to be sore.  I think its from all of the push-ups and push-up-like moves.  As advertised, they really step it up for month 2.  The workouts are all longer and more intense.  The longest one is 59 minutes.  During month 1 I would get up early and work out before work. I can't do that for month 2 - partly because the workouts are too long and partly because I'd be worn out for the rest of the day.  I've switched to working out in the afternoon.  It's a great way to work off stress.  It also gets you worn out just in time for bed.<br /><br />One thing I wish I had figured out earlier was to have some kind of recovery formula for rebuilding your muscles more quickly.  Mr. T (my name for him) says to drink your 'Results and Recovery' formula, but I'm still paranoid about getting ripped off so I didn't buy their formula.  Instead, I went to Sam's Club and bought a case of Myoplex Lite.  At 170 calories with 20 grams of protein this is working well for me.  It helps me recover faster.<br /><br />Still absolutely no regrets about doing this.  I can see my ab muscles but still have some fat that probably won't be gone by the end of the program.  That's ok because I plan to keep going with the month 2 workouts beyond the end of the program while incorporating other activities.<br /><br />I can see using these DVDs for a very long time - hopefully til I'm 92."
B002QZ1RS6,A3KJZUS9NWI3CY,"Barbara Ann Ritter ""B.A.Ritter - Avid reader""",0/10,5.0,1266796800,2010-02-22 00:00:00,Insanity: The Ultimate Cardio Workout and Fitness DVD Program (Purchased on 01/21/2010),Insanity: The Ultimate Cardio Workout and Fitness DVD Program (Purchased on 01/21/2010)<br /><br />Amazon seller 'R&A Beauty Store' answered all of my questions and delivered my order promptly.<br /><br />I look forward to doing business with Amazon seller R&A Beauty Store in the future.
B002QZ1RS6,A2Z9B6ZLVGYD5W,Mohamed Elnazer,12/31,3.0,1267401600,2010-03-01 00:00:00,my knees couldn't take it,"I finished the first 4 weeks, and my fitness level really jumped, but i started feeling pain in both knees whenever i do the workout, then the pain continued to be with me in everything i do in my life....<br />I was really dissappointed because i started to feel the defference at the same time i decided to quit the insanity workout.<br /><br /> This is an update for my past review, After i stopped this program and found how my fitness level became soooooo bad, i knew that insanity workout was an excellent product, Although my knees are better now, I really miss the insanity days.<br /> Insanity workout is a great program BUT u must get ready for it first, U have to strengthen your quadriceps muscles very well befor starting in order to prevent knee problems."
B002QZ1RS6,A1QIS66FLK0GYK,S.V.,2/3,5.0,1267833600,2010-03-06 00:00:00,Awesomely hard,"This DVD set is fantastic.  The workouts are difficult, but they are *not* for folks who cannot perform high-impact exercise.  I am most impressed with the format.  Shaun T comes across as very genuine and motivates you without patronizing you.  A lot of other DVD fitness instructors seem like people who are insecure because they couldn't get a date in high school, but Shaun checks his baggage at the gym door and encourages you to motivate yourself.  The other people in the video are fit and attractive, but they come across as real people.  No matchy-matchy outfits and 'fitness models' with implants, here.  Everyone in the video is moving at their own pace, and pushing themselves.  The clock at the bottom of the screen helps you keep going.  This would be a great program for people who travel, since you don't need any equipment.  My preschooler loves to do the videos with me.  She likes to try all the running in place and jumping, so this has been a fun way for me to model healthy behaviors for her, as well."
B002QZ1RS6,A2PCI44R4DAJTF,Jeffrey A. Schuler,2/2,5.0,1267920000,2010-03-07 00:00:00,It's Insane!,"Watch the info-mertial on TV or go to the web site and watch the short ad.  If you want to get in great shape and have no medical problems, then buy this.  Lost 8lbs in 4 weeks.  It feels like more but that's the inches.  They suggest measuring but I didn't bother.  It is as hard as they say.  But I feel great."
B002QZ1RS6,A206982BYGRYU7,William Duenges,1/2,5.0,1268179200,2010-03-10 00:00:00,If you want to get in shape fast this is the product to get.,"This product is great.  I purchased it at the beginning of February to help me with my cardio.  I have also done P90x from Beachbody and found that Beachbody is a top notch organization.  This workout is not easy, but like Shaun T says you can push pause at any time.  The concept behind the videos are quite easy, getting you to stay in your fat burning heart rate zone for as long as possible.  The enclosed nutrition plan gives you the fuel for the intense workouts.  Plus you have an organization like Beachbody that stands behind the product and can answer any questions that you might have.  I enjoyed P90x and now Insanity so much that I became a Independent Team Beachbody Coach so that I could help people achieve the goals that they set for themselves.  Visit my site at [..] to learn more about Beachbody products."
B002QZ1RS6,A171G6WUUQUUOM,Lyndsay M. Ott,2/2,5.0,1268265600,2010-03-11 00:00:00,Insanity,"I love this product! I am on the recovery week right now and it has been tough, but I can already see changes in my body. I even needed to buy a belt, and my tummy is my trouble spot when it comes to losing weight!"
B002QZ1RS6,A3MTILHS9N4EO4,"Victoria Tristan ""harle_quinn""",6/6,5.0,1268524800,2010-03-14 00:00:00,INSANITY review,"These workout videos were a good buy, wouldn't trust any other online source.<br /><br />Here's a housing tip to take into consideration before purchasing the set -Have plenty of room to work out in your home, be prepared to sweat all over the floor, and (if you're staying in an apartment or town house) theres a lot of jumping so watch out for neighbors. To avoid any of these frustrations, I bought a big mat at WALMART. Totally worth it to not sweat on my carpet."
B002QZ1RS6,A1LPMSOMAM9WH,Karen Cress,5/5,5.0,1268524800,2010-03-14 00:00:00,My skinny jeans are loose and I'm only half way in!,"This is a great workout program! You have to push yourself, but the results are awesome. The workouts are as challenging as YOU make them, and as you get hooked you will continue to push yourself to the next level. I just finished the first month and am about to start recovery, and then on to month two! So far I've only lost a few pounds, but even my skinny jeans are loose now! I'm starting to see more definition in my abs than I've seen since I was a gymnast! I will admit I do have to modify some moves as I have injured knees, but I've been able to do the workout just fine. The hardest part for me is the diet. You eat well-balanced meals/snacks 5 times per day. It's easy for me to find things I like and stay full, but it's hard to turn down those fancy drinks at happy hour and delicious fried stuff when eating out.  I remind myself that nothing tastes as good as skinny feels, and as someone who recently pulled once too-tight jeans off without unbuttoning or unzipping them...I can't tell you how true it is! Insanity has definitely been the change from my previous two-a-day workouts that made me lose the inches!"
B002QZ1RS6,A3KDC6ZO98XGGR,Anthony J. Manzella,2/2,4.0,1268611200,2010-03-15 00:00:00,Insanity,The program is really insane. Great for already fit people who want a challenge and a way to get to the next level of fitness. Program involves a lot of plyometric or jump training which may be harmful to people with arthritis or painful joints due to the impact of the exercise moves. Its been 4 weeks and its been very challenging thus far.
B002QZ1RS6,A3QLIMPYGH0PJP,M. Blanco,2/2,5.0,1268697600,2010-03-16 00:00:00,Great product,Great exercises and really will work you out. It is a bit tough at first but eventually you will build your way up.
B002QZ1RS6,AR3S3CRZ24X09,"smartcad ""miact""",62/155,1.0,1268697600,2010-03-16 00:00:00,Definitely NOT for everyone!,"there should be an extreme notice for this workout: it is most definitely not for everyone.  if you are already in great shape, and are looking to enhance your workout, then this might just be for you.<br />If you are looking to get into shape, this is most definitely not for you! There is no way that a beginner or intermediate could handle this, which sort of goes against the grain of buying such a product to get back into shape!"
B002QZ1RS6,AFWREUB862PT3,M. Collister,9/9,5.0,1268784000,2010-03-17 00:00:00,This is GREAT,"I run regularly- generally 45 minutes to an hour 3-4 times a week. I bought this hoping to step up my exercise and it delivers. I've been disappointed by other fitness DVD's that are easy after the first few times or too complicated to follow. The warm up on this one is harder than most fitness DVD's are all together.<br /><br />This one is great- the workouts are simple to follow, but really hard. I need to take breaks and modify exercises at times, but I still feel I get a killer workout. Truth be told, I'd be disappointed if I didn't struggle the first few times. I feel like I am getting a great total body workout- the plank work is helping my upper body, something running does not address and the plyo jumps are taxing my legs in a good way. The stretching is good as well.<br /><br />I will say- I have some back issues but a week into this and my back is not hurting. I think this DVD is not for a ""first time exerciser"", but if you have a level of fitness and some idea of how to modify exercises on your own, you'll get use out of this. For example- if jump squats are killing me, I might do the last 10 seconds as regular squats. I look forward to being able to match Shaun jump for jump!<br /><br />And this is a great workout- it leaves me good sore and good tired. I'd put the exertion up there with a 10 mile run in terms of what it takes out of my body. It also includes a sensible looking eating plan."
B002QZ1RS6,A1JWZ1XP4HU8V4,"Whitney Chisholm ""whitney""",2/4,5.0,1268870400,2010-03-18 00:00:00,OMG! This is IT!,Wow! This is all I can say. This will WORK you OUT. I mean if you want to get insane results fast this is IT
B002QZ1RS6,A1NVJ50U388JMV,B. Burlison,1/3,5.0,1268956800,2010-03-19 00:00:00,AMAZING!!!,"I have been using INSANITY for three weeks and  I LOVE this workout!  It isn't too long, but it kicks butt!  I purchased it to tone up and only drop a few pounds, and it really seems to be working!  I'm going to continue to go INSANE everyday!"
B002QZ1RS6,A14J7YYDRKVPZA,"J. Brown ""thepenmaster""",6/6,5.0,1269216000,2010-03-22 00:00:00,Insanely Fit After This Program,"I just finished this program on Saturday and I am very pleased with the results. I am stronger than ever and have more stamina. By the end I could get through a good deal of the workouts without stopping for more than the alloted time.<br /><br />Don't get me wrong; I was still left gasping for air at the end of each set but I was able to push myself for those 3 minutes take my 30 second rest and continue...except for ski abs and power jumps! This is also the first ever workout that I've done that has not only left me sore at the end but has also left me dripping in sweat!<br /><br />Don't expect to have a well definied 6 pack and cut arms if you aren't already in reasonable shape to begin with after only one 2 month session. You will however get in shape, lose weight and tone up. With one or more sessions or some trips to the gym, you can expect that.<br /><br />I was already in good shape, so my abs are more defined than ever and my arms (the biceps) are reasonably bigger and my thighs are thicker.<br /><br />Sometimes it does get repetitive and/or very painful but you just have to stick with it and eat right and you will get great results. I personally glanced at the food plan but didn't use it. It was basically an outline of foods that I already eat but is a great tool for those who are not used to eating so healthy.<br /><br />This is a workout that I will definitely do for a long time to come."
B002QZ1RS6,A2TIBRU04W4F1K,"Danielle Mulvey ""Maverick Strategist""",11/22,5.0,1269388800,2010-03-24 00:00:00,The Name Says It All!!!!!,"WOW! It truly is an INSANE workout and WE LOVE IT!!!!! It is a no brainer program...just follow the schedule and hit ""PLAY!"" My husband and I do it together every day (except for Sunday which is the weekly ""off"" day). Overall the workouts are challenging and get you moving. After we complete INSANITY we are going to rotate through the other Beach Body programs (i.e. P90X and other ""vintage"" Tony Horton DVDs I have already) and then come back and do INSANITY to keep things challenging and fresh.<br /><br />We were sore for the the first four days, but now we feel incredible and our bodies seem to ""crave"" more INSANITY every day!!!!!!!<br /><br />If you want to stand up against Health Reform than DO SOMETHING...exercise every day, eat right, don't smoke, do not excessively drink and curb your stress (these five ""triggers"" account for 70% of the total cost of healthcare in this country....we do not need the government to be involved in healthcare; we need to TAKE CONTROL OF OUR OWN LIVES - WORK HARD & BE HEALTHY!)"
B002QZ1RS6,A133I7MKTW1ZBO,"Deanna Griffith ""Dee Koss Griffith""",2/2,5.0,1269475200,2010-03-25 00:00:00,Great Challenge,"I bought this after watching the info-mercial and was very pleased. I wanted to really rev up my work outs and change it out at the same time -- all of these videos do just that.  Shaun T. is a great motivator and I am now thoroughly hooked on this series.<br /><br />I was concerned I would not be able to complete any of these videos because I am 48 years old. However, I do work out quite a bit -- I believe that is what allowed me to finish the various DVDs. No matter what your age, if you are looking for motivation and some change-up's with your current routine, I highly recommend this series."
B002QZ1RS6,A226HGNCKRGBTS,J. Rodriguez,2/3,4.0,1269648000,2010-03-27 00:00:00,Killer workout..no equipment needed,The toughest home workout you can find. No pain..no gain..<br />Stick it out and you will love the results.
B002QZ1RS6,A3IBBCTF13GOOT,Blink1976,86/86,5.0,1269820800,2010-03-29 00:00:00,Review from the average guy,"I have just completed week 1 on Insanity and wanted to provide a review from the prospective of the average guy.  I am 33 years old and have been an avid weightlifter since high school.  While I am muscular, I have little to no cardiovascular fitness and as I have gotten older and focused on a career, I have begun to hold more weight around my stomach.  I have finally hit the point where I am tired of seeing the scale and my waist line increase and have committed to the 60 day program along with some lifestyle improvements.<br /><br />A couple of my opinions on the program:<br /><br />* First off the intensity is high, but it is also has a fair amount of rest breaks in between.  I would highly recommend watching the DVD before you start the program.  Do a couple of the moves at your own pace and focus on getting the correct form.  I am a klutz when it comes to cardio moves so it helped me keep my intensity up instead of learning the moves as I go.<br /><br />* I would start the program on a weekend especially if you plan on doing the workout before going to work during the week so that you get a feel for the recovery time needed after a workout.  It takes me about 30-45 minutes post workout to get going again.  I don't think I could do it before work.  However, about an hour after the workout I feel great and have a tremendous amount of energy.<br /><br />* Don't ignore the value of a good pair of shoes.  You spend a lot of time on your toes and in jumping positions.  Running shoes generally support the heel so you may be better off in cross-training or basketball shoes.  A lot of the moves actually remind me of football and basketball warm-ups.<br /><br />* If you are starting this program without much of a cardio base built up, I would strongly consider holding off a week and spend some time running, jumping, and doing squats on your own first.  This will help you get through the soreness you are sure to face.  It gets really easy to quit a program when you are super sore after the first day and start telling yourself I need a day off then I'll restart...  I would say using the treadmill and other types of cardio machines at a gym aren't necessarily going to prepare you for the type of moves in this program.  Those machines keep you in a liner path while Insanity will have you moving in different directions and exploding from a position.  It definitely hits the muscles differently.<br /><br />* I haven't made hardcore adjustments to my diet, but I have cut out the obvious junk foods and have focused on portion control.  To be honest I feel real guilty eating junk now after knowing how much work I put into the program.<br /><br />Week 1 done and moving on!  Hope the review helps and good luck!"
B002QZ1RS6,A1Z84SAD2WLT4F,Michael S. Lambert,3/3,5.0,1269820800,2010-03-29 00:00:00,Amazing,"Possibly one of the best products out there.  Packaging was pretty good.  Strange to get 3 CDs with Cardio Abs on it.  Sometimes the Pure Cardio/Cardio Abs doesn't work, as in would skip around from chapter to chapter but that could be my cheap DVD player.  Simple fix in throwing in a different DVD for a few seconds and then putting the other DVD back in"
B002QZ1RS6,A3H9OUA7O6TFU6,Chitra,3/9,3.0,1270339200,2010-04-04 00:00:00,Insanity Work Out,"This workout is as it suggests insane, it's been a month since I started this workout routine, but I have yet to see any results. I wish there were more focus on abs. It does make you sweat like crazy, but is very repetitive and warm up, and stretching takes up most of the 45 min. of the total workout."
B002QZ1RS6,A2UJLJEEOAO2NY,"Always Summertime ""Lifetime Amazon Customer""",4/9,3.0,1270425600,2010-04-05 00:00:00,Good...but not Great,"You get a better workout with 90X.<br /><br />Insanity is good, it is heavy duty jumping and there is too much time between exercises. P90X is harder and keeps my interest. The hardcopy material were visually pleasing, but lacked content. I will keep Insanity, but it wasn't worth the $$$. Also I had multiple problems with DVDs being bad: one wouldn't load, others had video issue halfway through the DVD. Be sure to check your copies and use all disks immediately if you purchase this product.<br /><br />Update:  P90X is much better. I returned this product."
B002QZ1RS6,A1U78G2IRV4EIP,"K. Uyeda ""fish hunter""",1/2,5.0,1270512000,2010-04-06 00:00:00,Insanity Cardio Workout DVD,"I haven't finished the entire DVD set, but this is THE HARDEST workout I have ever gone through and it lives up to its name ""Insanity"" to a T (Shaun T that is). Haha! I'm 4 weeks in and I'm seeing great results so far. Like I said earlier, this is a tough workout and is not for the faint at heart, but if you want an extreme cardio workout this is for you! Like they say on Team Beach Body, ""Decide, Commit, Succeed!"""
B002QZ1RS6,A2OXAZSHQ9BS6P,"redstarsofar ""redstarsofar""",7/9,5.0,1270598400,2010-04-07 00:00:00,One of the BEST home workouts,"This is an excellent home workout program for advanced exercisers. It'll help you break through any plateau.<br />The first four weeks are 25-30 minutes of all out, can't-do-anymore cardio, not including the warmup and cool down which are VERY necessary. If you're a fitness nut like me you're probably thinking that isn't enough for you. Look, you can run or spin on the other days, but you need those 4 weeks to prepare for the second round. Take The recovery week to maintain your mileage or what not, but you'll need those first 4 weeks to build up for the CRAZY last 4. We're talking at least 45 minutes of the hardest cardio you can do. The only deficit in the program is strength training. Lower body is there and abs are mostly accounted for, but you'll need to add light upper body.<br /><br />I thought p90x was too easy (the cardio anyway), but I recommend trying P90X plyo so you'll know what to expect with Insanity. Jillian Michael's Burn Fat/ Boost Met. has similar exercises too, although NEITHER is ANYWHER near the intensity of this workout program. Sometimes I'm so sweaty steam comes off of me. I can wring out my workout clothes. I've toned up and shrunk down and I feel excellent. This will be a permanent part of my collection."
B002QZ1RS6,A3U2SNTE9NR2Q4,"Latoya M., Jones ""LMJONES""",3/5,4.0,1270684800,2010-04-08 00:00:00,great workout.however,This workout is not for the ill willed. However due to the current price here on amazon your better off buying it from beach body. Here the dvds are over 100 dollars!!! their less than 90 with beachbody....get in shape...yes...but dont get ripped off....best of luck on your WLJ
B002QZ1RS6,ARRQBSAF3NGV5,Rachel L. Andes,2/4,4.0,1270857600,2010-04-10 00:00:00,Insanity,Great workout DVD's!  Shaun T gives instructions throughout the video which makes it easy to follow.  It does help if you are familiar with exercise moves/names.  This is definitely not for the beginner.  I gave it 4 stars because one of the DVD's skip.
B002QZ1RS6,A2PG7COY5S0DOF,"Nicole Ross ""happymedium""",4/4,5.0,1270944000,2010-04-11 00:00:00,Fantastic set of workouts,"I love this product. Insanity has been great - easy to get motivated to actually complete the task. Every day for a month now I have pushed myself down those basement steps to complete the workout. Before I begin, I often feel as if I won't make it through. Once I push play, though, I'm going! Its such fun and I do ""sweat buckets"". In this first month I've toned up quite a bit and feel much healthier! I cannot wait to see what the next month brings! To prepare for Insanity, I did a good month or two of free cable-provided workouts. I would not advise this workout if you have knee issues - a heck of a lot of jumping is involved. This jumping, however, has done wonders for my legs. Fantastic stretching throughout. He seems to know whenever you are not in form (lol) and quickly instructs toward correct form. Its the first fitness program where I actually can understand and follow what the instructor is saying. I also like the option to choose to play with or without music, but I prefer their music, its well done - motivating."
B002QZ1RS6,A1F55YJSLKRT8K,"M. Bane ""heather177""",12/15,5.0,1271116800,2010-04-13 00:00:00,Awsome! Awsome! Awsome! Did I say Awsome!,"Insanity is the greatest best workout. I have a hard time losing weight but I dropped 30lbs in 3 weeks. You haft to follow the diet plan. Which with this plan it was easy because it actually had food I liked. And you also haft to follow the calorie intake plan it has. It may seem like a lot but it truely works. I haft to take in 2300 calories where before I barely made it to 1000. My metabalism is amazing now. My strength has gotten better along with my balance and streching. I had a major migrane problem called chronic migrane illness. Since doing this workout I have had no headaches or arthiritis pains. It was caused by foods I was eating. My body feels so good. I actually hate eating restraunt food now. It has a lot of jumping so if you cant do that then this isnt for you. I had shin splints at first but I worked through it. It takes a lot of strength to really stick with it. Now my sister n law is doing it but she doesnt do the workouts properly. For example pushups. Instead of doing them on the ground she does it off the couch. So half hearted. So in 3 weeks she has lost only 6 lbs. I told her she has to follow the workouts to the t but she doesnt want to put the effort in. She is following the diet but thats for the strength you need to workout. The workout is why you drop weight. In 3 weeks I dropped 5 inches under my chest, 5 inches in the middle of my stomach, 4 inches in my hips, 3 inches in my upper leg, 2 inches in my calves (which I have had a hard time to get my calves to shrink because I used to be a roller bladder and have a lot of muscle in my calve and I hate how big they are. I dropped 2 inches which I have never been able to do) and 1 inch in my arms which I just lost this week because we are really working our arms now. The fit test truely shows lots of progress when you take it every two weeks. If you have no knee problems or major back problems then this truely works. Like I said I had some very painful back pains and havnt had them since ive done this program. Im not even cramping that time of the month. Which is proving my stomach muscles are strengthing up. If you dont have the motivation to really work hard then this is not for you. But if you want to see results this is the greatest best most wonderful workout ever. Its hard but worth it. Good luck to anyone that is doing it and hope you see the results I am. People I see everyday noticed a huge weight loss fast and where totally in shock thinking I got sick or something. I will totally suggest this workout to everyone I know! Thank you Shaun T for the awsome workout."
B002QZ1RS6,A2F4384BLO5KQZ,Joseph A. Gomez,2/6,3.0,1271203200,2010-04-14 00:00:00,Computer Workout,These videos are amazing they really do work you out and they are serious about you having to be dedicated. Its tough!!! The only think I dont understand is why they made these videos where you cant play them in a DVD player. I have tryed on several DVD players and it has something to do with the playback. The first few that I have tried worked on my PS3 I am hoping the rest will as well. I know they work on a computer. But why would they want you to work out from a computer. Other than that the workouts are great if they would fix that it would make these videos that much better.
B002QZ1RS6,AKOTXWNY2VCY9,Alex,3/11,4.0,1271203200,2010-04-14 00:00:00,Insanity,"Insanity is difficult, but do the best you can and you'll get better over time."
B002QZ1RS6,A3NT2DO5BKENZL,Shopper4life,0/10,5.0,1271808000,2010-04-21 00:00:00,I love Shaun T's workouts,"I haven't received this yet, but I can't wait!  I ordered mine off ebay for half the price.  Shaun T. always delivers as far as I am concerned and I really do look good in my jeans!  I am ready to take my workout to the next level with insanity!!"
B002QZ1RS6,A168EOAYEK7R2L,"Penelope pitstop ""fit at forty plus""",1/2,4.0,1271894400,2010-04-22 00:00:00,Tough workout,"As a 45 year old with sensitive knees, I am able to do the workouts but I have to take it slower in parts to protect my knees.  The positives are that very little room and no special equipment is required.  I was able to do the workouts in the hotel room.  You have to be pretty fit already to do these workouts.  I cannot picture a former couch potato starting with these workouts."
B002QZ1RS6,A2NJ8RS7U3IJPD,Rosemary A. Dixon,2/4,5.0,1271894400,2010-04-22 00:00:00,Exhausting but I can't wait to go back for more!,"Before I had my son I loved going to the gym and pushing myself as hard as I could on the bike, step machine, and treadmill.<br /><br />This set of videos pushes you hard, makes you sweat, and leaves you aching. I love it! I have only been doing it a week and I am already seeing and feeling results. I'm back to a 26 inch waist and my thighs aren't quite as jiggly! Love, love, love it!"
B002QZ1RS6,A2NPKQIWLA038H,Chad,164/172,5.0,1272067200,2010-04-24 00:00:00,"Tough, Fun, and appropriately named","<span class=""tiny""> Length:: 7:02 Mins<br /><br /></span>Please watch my video review for full details. If you like it, please give me a positive rating.<br /><br />In my video I discuss the concept of interval training and the different phases of this program.  I also discuss the nutrtion plan (notice I say ""plan"" and not a ""diet"") and who should do the program and who should not do this program.<br /><br />They say it's the hardest workout every put on video and they might just be right.  It's fun, but demanding.  Shaun T is awesome, motivating and in insane shape.<br /><br />If you have questions visit my blog, getfitwithchad . com to contact me and find out how to get free coaching for any Beachbody fitness program. Thanks for watching."
B002QZ1RS6,A2DT8GM2A0K9K2,chris,1/2,5.0,1272067200,2010-04-24 00:00:00,perfect!,it is super hard. but it is worth every penny (if you have the heart). after each work out my mucles feal like jello or there on fire and its awesome. and the results come quick. but you do have to work for them... just dont stop.
B002QZ1RS6,A3EQFAPPLP6ZJ,Chad D. Thomas,1/1,5.0,1272240000,2010-04-26 00:00:00,Best Investment I've Made in Awhile,I've never sweated so hard in my life!  This is truly a total body workout. I weighed 210 when I started the program and now I am at 160.  I did not think that I had that much to loose but the weight just kept coming off. I am in the best shape of my life and I owe it all to these DVD's.<br /><br />A lot of my friends have asked me how I lost so much weight in such a short period of time.  They ask if I changed my diet at all.  I am the type of guy who loves to eat.  I can eat a whole large pizza buy myself.  haha  I told them that I didn't intentionally change my diet.  My body just started  craving healthier options when I did the program.  I still eat like a horse but I have maintained this weight for over a year now.<br /><br />After a year I still love pushing play. It's honestly one of the best investments I've ever made.<br /><br />WARNING! You might have to buy all new clothes because they no longer fit you. haha
B002QZ1RS6,A16L81XTHF3PJP,J. Chuang,24/26,5.0,1272240000,2010-04-26 00:00:00,Best Money I Spent In My Life...,"Background On Me..<br /><br />Started 235 lb. 5' 10"". 27 yrs old. I'm FAT. I started hitting the gym and lifting weights this year. Also started jogging. I did that for 3 months or so. I got stronger, but didn't see the results I wanted so I bought Insanity after watching the infomercial.<br /><br />Day 1...<br /><br />After doing just the ""fit test"" on day 1, I passed out on the floor for 10 minutes in a pool of my own sweat. I'm so use to infomercials lying that when they say it might be the hardest workout put on tape, I thought they were joking. They aren't. At least it is the hardest workout I've ever been involved in. If you don't think its hard, your not pushing yourself to the max.<br /><br />Day 25...<br /><br />I just finished Day 25. Basically the first month is a rotation of three workout videos and one recovery video. I hate ""Pure Cardio."" It is very difficult! It is a 10 minute warm-up. 5 minute stretch. 15 minutes of non-stop cardio. Then 5 minute cool down stretch. It is suppose to be non-stop, but I have to stop. Even people in the video have to stop and say things such as ""I want to go home!."" Even Shuan T needs to stop.  But even though I only do what I'm capable of, I still get results. Which is why I believe in this program and keep with it!<br /><br />Nutrition...<br /><br />I don't follow the Nutrition Guide that comes with it at all. It is probably not the best idea not to follow it, and I don't recommend not to. You will probably get better results if you do follow the guide. I just try to eat foods I'm use to eating at more healthy portions. Though I cheat and do eat junk food sometimes.<br /><br />Month 2 & Warnings...<br /><br />I'm scared of Month 2 because I can't imagine the workouts getting harder. But I'm excited to continue because I'm exciting to see what the results will be. There is a lot of jumping involved! So like other reviews mention, it is probably not good for people with joint problems (consult you doctor). It is also probably not good for people who live in apartments because the people who live below you are going to wonder what all the pounding is about! They are going to think your Insane!"
B002QZ1RS6,A3HKN3MSOU9QUD,Tracy S. Keaton,7/38,1.0,1272240000,2010-04-26 00:00:00,fake,I am upset that I paid $100 for a fake!  I would be happy to get my money back and send the program back!!!  SOme of this disks were mislabeled when they were pirated but at least they work.
B002QZ1RS6,A3N92N6M0UM0RS,"JetJock ""Gordo""",9/22,2.0,1272326400,2010-04-27 00:00:00,Good workout product but disks can be defective,"The workout package belies the $150 that was paid but the DVD's can give several players some real trouble.  As is happens, the 1 day old top-of-the-line LG DVD/BluRay player would not play the disks without inserting an old movie DVD first otherwise a ""Disk Error"" message would be visible.  I tried on another (JVC) player and had a similar problem with pretty much every other disk in the package.  I contacted Beach Body on their online chat customer service system and was promised a replacement with an email to confirm the replacement.  I never received the email and am now embroiled in back-and-forth game of who to talk to about having this issue resolved.  I even pointed their customer service (routed overseas) to their own forum where others discuss this problem. I don't have very high hopes that this will be resolved and the whole kit will be sent back."
B002QZ1RS6,A2284X4NAK5UJL,Rodger C. Little III,4/4,5.0,1272412800,2010-04-28 00:00:00,Insanity Workout,"Insanity is a great program. I would recommend it for anyone who is serious about getting in shape. In two weeeks I have lost 13 lbs and seen changes in my chest, legs, arms, and stomach. Best money I have ever spent on a workout program, but don't waste your money if your not serious. I have worked out almost all of my life and it took me a week to be able to do the warm up without stopping. You'll get the results if your able to stick with this program. No weights, no bands, no mats, no pull-up bars. Well worth the money that I spent. I haven't looked like this in years and I feel great."
B002QZ1RS6,A37BQLRUJIZVF0,Zach,3/3,5.0,1272844800,2010-05-03 00:00:00,Amazing workout,"I work out daily and am in relatively good shape.  Insanity is the only thing that brought me back to the intensity of high school wrestling practice.  I had my metabolism up so high at the end of each session that I would take a cold shower afterwards and get out only to immediately start sweating again.  This work out can be for everyone if they modify it to themselves.  I know other people who use it and exercise at a lower level of intensity and helps them, but does not get the same results."
B002QZ1RS6,A13E90A8WD50BZ,A. Anna,1/1,4.0,1272844800,2010-05-03 00:00:00,Great workout!,"I have been doing Insanity for about a month now. I have only lost about 5 lbs. However I don't have too much weight to lose, maybe 10 lbs at the most. When I started Insanity I weighed about 125 lbs (I'm 5' 2""). Now I weigh around 120. However I am a lot more toned. My tummy is smaller and more toned and my triceps are more toned. Those were my 2 biggest problems areas that I'm now more content with. Hopefully this next month I will see more results. I still can't get through the workouts without having to take more breaks than they do in the video. I do all the work outs as planned on the calendar. I am dieting but I'm using weight watchers since I know it works for me. Insanity is an amazing work out. However, don't expect crazy results like they show in the infomercials. After I complete this work out I plan on either starting it over or moving on to P90X. If you want to get into shape and are more into getting toned than losing weight this is a GREAT work out for that. But if you have any joint problems don't get this for there is a lot of jumping involved."
B002QZ1RS6,A1ZZFDFV5AU1HN,Kyle Goodrich,2/2,5.0,1272931200,2010-05-04 00:00:00,Insanity is awesome,"Insanity is a great at-home workout program. There are multiple workouts so it never gets stale or boring. It has a great balance of cardio and strength conditioning, as well a great stretching to warm up and cool down (it does not leave you on your own for anything). I have been using it for four weeks and feel great. I still have more then half way to go but am already pleased with the results."
B002QZ1RS6,A261B64XWXAU5U,A.K.S.,2/3,4.0,1272931200,2010-05-04 00:00:00,Hardest Workout Ever!,I got this workout thinking that I could follow it.  It will have you on your knees!  I've decided to take slow and work my way up to it.
B002QZ1RS6,A3FSYK95CXNRK,L. Curtis,1/2,5.0,1272931200,2010-05-04 00:00:00,"Hard Workout, Hard Body","This one of the hardest physical workouts I've done, and I rowed crew! You get nice immediate results and better long term ones."
B002QZ1RS6,AKWB0DW5UL6JZ,David T. Harris,0/3,4.0,1272931200,2010-05-04 00:00:00,"quality product, slow shipping",Everything was great with the DVD. All in excellent condition and functional. It just took a while to get here.
B002QZ1RS6,ASXGEGCFUSZ0F,"Reginald W. Dye ""Reggie Dye""",6/6,4.0,1273017600,2010-05-05 00:00:00,Tough But Effective Workout!,"I enjoyed weightlifting and played football and ran track back in my youth and decided one day that I wanted to get back in shape. Just finished my first 4 weeks and near the end of last week, I turned 46. I'm 6ft even, started off at 202 lbs and am now down to 194. Looking to get below 190, which hopefully won't be a problem with the hardest part of the program left to go.<br /><br />After the first two sessions...the Fitness Test and first workout...I thought I'd have to spend 60 days with this program just getting in shape and another 60 really doing the program! Happy to find that my cardio/aerobic conditioning returned pretty quickly and I stopped being so winded as I was in that first week. I could also see the dramatic improvement in my Fitness Test results and by looking in the mirror. Sorry that I didn't take the ""before"" picture like I should have.<br /><br />Workouts have been tough so far, but got easier over time. Shaun T really pushes you and the folks in his class, but you're also encouraged to take breaks and go at your own pace as needed.<br /><br />I travel quite a bit and have taken the DVDs with me to play on my laptop and do the workouts in my hotel room at night or early morning before meetings so I can stay on track. Hardest part for me so far is sticking with the 5 small meals per day nutrition program, largely due to my travel schedule.  However, I've drastically changed my eating habits even though I can't always get those 5 small meals.<br /><br />Only complaint I have is with the case/booklet the DVDs came in. Several of the clips that you attached the hole in the middle of the DVD to in their respective slots were off center or were poorly glued and came off. Now the DVDs aren't secure in their package. Also, noticed there are two identical Cardio Abs workouts...one on its own DVD and one on the same DVD as the Pure Cardio workout. Don't know if that was intentional.<br /><br />I recommend this program if you want to work hard, have no knee or joint issues, and have the proper shoes."
B002QZ1RS6,AZKRXG4HD9AGM,"LuLu ""LuLu""",6/6,5.0,1273104000,2010-05-06 00:00:00,Lost 5 Pounds First Week,"I purchased this item off of ebay NIB.  I absolutely love this workout and the meal plan too.  I lost 4.4 pounds the first week on the program/meal plan.  The workouts do absolutely wear you out and I'm still modifying the exercises and taking a few extra breaks so I can keep up.  It would be bad for people with bad joints or who don't like to jump around a lot.  It's like the first week of basketball practice when you were in highschool.  You do suicide drills and jump squats etc.  This is the first workout I've ever bought off of the tv, first infomercial type purchase and I could not be happier.  I'm on my second week and weigh in on Monday my pants are hanging off of me so I would guess I lost another 4 pounds or so. I'll keep pushing on!"
B002QZ1RS6,A1Z6JOA29G81U9,Cameron R. Bethel,4/4,4.0,1273104000,2010-05-06 00:00:00,"Insanity in progress, 3 weeks in","Am just finishing up 3rd week. Can definitely tell a difference in my core. Great cardio/full body workouts. Will definitely sweat your butt off! Love that I can do it all in less than an hour from my own home without any equipment. Definitely need to be careful if have bad knees b/c lots of jumping, hopping, etc. Would recommend to anyone looking to get ripped."
B002QZ1RS6,A1QL2U71I6H40K,M. P.,2/3,4.0,1273104000,2010-05-06 00:00:00,Truly insane if you try this,One of my family members wanted to try the P90X.  Her husband stated that the Insanity program is much better since you don't have to deal with weights or supplements.  She did the fit test on Monday and said she was sore to the core about 10 minutes after the workout.  She couldn't hardly go up the stairs.  The second day was even worse because she had to keep pausing the dvd just to catch her breath.  She said she couldn't finish the last 20 minutes because of how intense it was.  I'm not sure what she did yesterday but I'm sure it's the same results as the first two days.  I have to say if you've never worked out a day in your life or in my family member's case 2.5 years I wouldn't recommend this.  I suggest that you start with something that will help you keep your breath before trying this.  Otherwise you're going to be lying on the floor in a stupor or will need the paramedics.  No joke.
B002QZ1RS6,ALWNX3NPCBISL,Madika C. Owens,1/3,5.0,1273190400,2010-05-07 00:00:00,Fog City Dude = Great Seller,"This was a FANTASTIC transaction and purchase.  I was kind of hesitant to order outside of the Beachbody website but at the same time, I have heard horrible things about purchases through Beachbody.  I took the chance and couldn't be happier that I did. Not only did I save money BUT the seller was super fast and super professional, the packaging was just as if it came from Beachbody.  So, thanks Fog City Dude, I will definitely order from you again.  I chose you as the seller because I grew up in FogTown, LOL"
B002QZ1RS6,A9666P0ALE9MD,"Gregory L. Smith ""mrgator""",2/2,5.0,1273276800,2010-05-08 00:00:00,Insanity work out,This product is intense! If you are seriously interested in getting into shape with some hard core cardio workouts. This is for you!  Just know you'll be working out 6 days a week and sweating like you never have before. But the results are great. No weights or bands required. It's like P90X on acid.
B002QZ1RS6,AXCENI071E732,Emily Cullen,376/387,5.0,1273363200,2010-05-09 00:00:00,"Hello, Infomercial.","Seriously, I am not an infomercial girl, but here I am, reviewing an infomercial product.  And this isn't my first go-round.  I've done P90X.  It was awful.  Okay, not awful, it just became apparent that it isn't really a workout designed with both genders in mind.  Very dude-centric.  I had about 15 lbs. (5'7"", 140 lbs.) to lose overall when I started, and ended up 5 lbs. heavier when the program ended.  Yes, I know I was building muscle, blah, blah, but I was just building muscle under layers of fat that the workout wasn't doing jack to eliminate. I'm also REALLY uninterested in bulking up my ""glamor muscles.""  I don't spend my free time flexing in front of the mirror.<br /><br />So then there was Insanity.  Sure, it's difficult; I expected that (thus, the name).  The results I'm experiencing are beyond what I expected, however.  That stubborn blubber that P90X left behind is dropping off nicely, thank you.  Some pointers for those of us who are fitness dummies:<br /><br />-Joint problems?  No?  You'll have them after this crap.  Invest in push-up bars if you have small wrists or are prone to wrist problems.  I cannot emphasize this enough.  It is awkward at first, but you'll get the hang of using them.  Please don't spend 4 months as I did in a full thumb spica recovering from de Quervain's tenosynovitis (basically ""I can't move my thumb without searing, gut-wrenching pain""-itis). Invest in knee/ankle/elbow/wrist braces the minute you start feeling a twinge in any joint.  No reasonable, mortal human can do this workout without the assistance of a brace or two.  The people in the video are robots (I'm convinced), so just because they aren't in a full neoprene jacket doesn't mean you shouldn't be.<br /><br />-Don't be afraid to modify the workout.  I just can't do the high-low planks in the Max Interval Circuit video.  There's too much risk of re-injuring my wrist.  So, instead, I do low plank punches as a substitute.  Same muscle targets, just much less impact on my pansy-ass, fragile wrists.  There are always lower impact alternatives to some of the more intense moves.  Sometimes they provide those alternatives in the video, but other times you just have to figure it out for yourself.<br /><br />-Have free time?  Forget it.  Your kids will have to do their own homework, the dog will have to walk himself.  The first month was fine.  Especially after the P90X time commitment, I was all, ""This is great!  I have free time!"".  Then I started the second half.  Kiss your post-work gin and tonics goodbye, dummies.  I'm on the eighth week, and still need at least two hours to fully recover from an hour-long workout.  Plan your schedule accordingly.  This is not a workout to be done on one's lunch break.<br /><br />-Eating?  Do more of it.  I cannot eat enough.  The caloric intake formula they use is actually scientifically valid (really), and said I should be eating 1,900 calories/day for weight loss.  I cannot feasibly keep up with that number.  I am hungry every 2 hours.  If you are on a strict food budget...good luck.  I probably stick to the healthiest diet on earth (vegetables! lean protein! absolutely no fun!), and it cannot compete with this damn workout.  I'm hungry.  A lot.<br /><br />Despite all of the above bellyaching, I'm very satisfied with this program.  I'm a horrific, sweaty, beet-red monstrosity after each workout, but I really feel as if I've accomplished something as a result."
B002QZ1RS6,A3HLF70C72N16Q,Jorge,5/6,4.0,1273363200,2010-05-09 00:00:00,More like 3 1/2 Stars,"Fact: this will get you in amazing shape.<br />Fact: it is insane, BUT in not so many good ways.<br /><br />I've been working out for a couple of years now and sometimes you just get stuck (see no changes) even changing the workout routine trying to ""shock the muscles"", so I quit the gym for a month and started this program. And it was a shock, I had no idea it would take so much effort and I mean this in a good way. There are lots of great exercises, many of them completely new for me.<br />This will improve your cardio resistance so much and that means you'll get definition, BUT I couldn't help to MISS THE GYM, because you have to use your legs A LOT, so I felt like my arms and specially my back and shoulders were not getting enough workout.<br />Then on the second month I felt like Shawn T made 3 times more difficult (instead of twice as hard), I know the program needs to demand more effort, but it should do it gradually.<br /><br />What's insane in a bad way:<br />- there are way too many jumps, so besides being discouraging and a little boring is bad for your knees.<br />- most of the push ups are late in the videos, when you are more tired (and for the girls who are usually not used to this exercises would make it just too much)<br />- some exercises are just silly (just like 4 or 5), that's my personal opinion, I just didn't feel like I was getting anything done.<br /><br />BOTTOM LINE: great video, you HAVE to be in some kind of shape to be able to do this, it will get you results, it is a great alternative for working out, but you won't get the muscles the people in the video have, you need the gym or something like P90X to do that.<br /><br />Something just to keep in mind: since it is so demanding (really short periods of rest and long periods of exercise, unlike the gym) it would be better to do it fist thing in the morning, but if you only have time at night it would be almost twice as hard since you'll be more tired by then."
B002QZ1RS6,A151AUTHK1O1N2,R. Hastings,12/13,5.0,1273363200,2010-05-09 00:00:00,"From someone out of shape, but feeling better","Was 316 when I stared program. I started 2 weeks of diet from the Insanity Elite Nutrition Guide prior to the workout and now starting week 3 of the Isanity Workout I am down to 293 and moving in the right direction.  I love this workout because if you keep working, even at your pace, you can't go wrong and I can't wait to see were I am at the end of the 60 day workout."
B002QZ1RS6,A1OPE42FKSMI6A,"S. Rahman ""LittleBakerGirl""",140/142,4.0,1273536000,2010-05-11 00:00:00,"Great for women, too!!!","I decided after reading reviews and doing tons of research on workout videos to select this workout. I am a 24-year-old female, with about 15 pounds I can afford to lose. I had previously tried out Shaun T's Hip-Hop Abs, but didn't find it a challenge. I saw this and thought I'd give it a try, even though many females haven't reviewed it.<br /><br />First of all, here are a few things you should know before you buy this workout:<br /><br />1. It is not a workout to do on carpet. I had to purchase a wrestling mat in order to get all the workouts done properly.<br />2. For women: this is a great workout! I have a ton of fun learning the football drills. I do about 1/2 the pushups though because I am not about having a super-toned upper body. Just not my thing (however I do have great arms now, they have thinned out nicely).<br />3. This workout is not for people who have bad arms(wrists) OR knees. I've injured both during this workout, even though I was working out almost every day prior to this. INSANITY definitely requires a body that is robust and ready for a little post-workout pain.<br />4. Athletic training sneakers are a MUST. Cross-trainers and running shoes didn't provide my feet with the amount of support I needed. I had to go to the Nike outlet and get something that supported the ENTIRE base of my foot.<br />5. The diet plan isn't hard! It's a great bonus to have cheap, easy, and fast meals included.<br />6. I know the really popular review states something about approx. 30 minutes per workout. It's more like 40-45, including a warm-up, and stretching before&after.<br />7. If you don't have the time to do this 6 days a week, I wouldn't bother. It's definitely something that requires dedication and a passion to be fit and healthy.<br /><br />I'm halfway through the program--- getting ready for month 2/my recovery week. I am 5 lbs lighter, and my body is just getting more and more toned and gorgeous. I love the feeling of being able to throw on a bikini. Ladies, you might be scared to do this because it definitely looks like a guys' workout--- it's not! I am a girly girl and I love this! I feel so incredible and ready to skimp around a beach. It's worth every penny."
B002QZ1RS6,A38EM35VG5RQYZ,Foosh,2/2,5.0,1273536000,2010-05-11 00:00:00,Best Workout Ever!!!,"This workout is extremely hard but it will give you the results you are looking for if you commit to the program.<br />This program is not for people that have not already been working out. If you are just beginning to work out, try this program after about 2 months of working out and incorporating some cardio. ""Insanity"" is mainly a cardio workout that uses your own body weight as resistance. You MUST be able to commit 1 hour per day for 6 days per week in order to complete this 2 month program (along with following the nutritional plan).<br /><br />""Insanity"" pushes you harder and farther than you've ever thought you could push your body. As you progress through each week, you'll see that you are getting stronger, your endurance is increasing and you are not cursing the DVD ""as much"". Another thing you will notice in your progress is the change in your body, a change in the way your clothes fit, a change in your overall health and well being.  All changes for the better.<br /><br />It works great!!! But don't fool yourself into thinking this is a regular high intensity workout. It takes lots of will power to do the workouts 6 days per week and lots of will power to adhere to the meal plan.  If you can commit to both things, you will get the results you are looking for...beyond a shadow of a doubt!<br /><br />I am in week 7 of the program, I've dropped 25lbs and lost inches in my waist.  The program is hard, but I LOVE THE RESULTS!!!!"
B002QZ1RS6,AVAGD6ODHGODR,Gina deJong,10/12,5.0,1273622400,2010-05-12 00:00:00,here to validate authenticity!,"I will be starting this program on Monday, so I can not contribute to the actual workout yet! 2 weeks ago I came to Amazon to read reviews, and ended up purchasing the insanity set over at the big auction website to save $50! That was a mistake for me - thankfully my seller was awesome and took the product back and gave me a refund! I now have an authentic copy in my hands straight from Beach Body - ordered Sunday, shipped next day and arrived in 2 days - so I will be able to start next monday..since I want Sunday as my rest day!<br /><br />I wanted to put my review out now - just to have the info out there to help anyone else out in the decision to purchase. I knew going into my 1st purchase that it was possible I would get something fake - sometimes it's worth it, depends on what I use it for and what it's worth to me. In the end the extra money was well spent on the real set. Here were the differences....<br /><br />* Both of the sets came shipped in the same cardboard box with insanity printed on the outside. The authentic copy of the Insanity set I received was a heavy duty ""book"" that measured 8.5 x 11 and weighed about 5 pounds. The copied/fake version of the Insanity set that I received came in a similiar type ""book"" but was smaller in size, more like 6x11. It is shaped more like a travel CD case. It was cheap material and only weighed about 1.5 pounds. I got the same literature in both sets - welcome, nutrition guide, calendar, program, fit test card the only difference is the fake set was smaller in size(to match the box) and had random typos.<br /><br />* the actual DVD's - in the fake book, each DVD was held in place with a cheap foam core center. The authentic set holds the DVD's in the way a traditional DVD case holds a cd with the center a push to release. the front side of both sets of DVD's had info about trademark, rights, and the beach body address, also the same picture and title. Only the authentic DVD set have the title of each workout printed on the flip side in the middle circle and it says made in Hong Kong. the copied set only had serial numbers like you would see on regular CDR's.<br /><br />* Both sets of DVD's played on my computer as Unknown DVD. My fake set had 1 DVD that was just a bad random mix of workouts, it was not the correct workout, it was a bunch of tracks mixed up. It was one of the later workouts that you do in month 2, so review all the DVD's if you can. Otherwise all the features of both sets were the same.<br /><br />I really don't remember any other differences - I know there were other reviews that talked about the DVD's not playing, etc - so I tried to add more detailed info about what the copied versions look like - I hope it helps! I am really looking forward to starting this program!"
B002QZ1RS6,AR1L0DIYVNE0A,S. Schilling,1/1,5.0,1273708800,2010-05-13 00:00:00,Insanity Rocks!,"Insanity is a very difficult workout and not for the faint of heart...but I love it! I am breathing and sweating before the warm up is even over.  I did the sister workout to this, P90X, before I attempted Insanity and I think that helped me get ready for such an extreme workout.  This is an amazing product and with hard work and watching what you eat, you will have awesome results.  Thank you Beach Body for your great videos!"
B002QZ1RS6,A2M443O35XI7EC,D. Turner,1/1,5.0,1273708800,2010-05-13 00:00:00,The hardest workout I've ever done!!!!,"AMAZING and definitely INSANE!!!  I just finished the 60 days however most weeks I missed 1-2 workouts (including rest day) but I still got results!!!  I lost 5 lbs (I wasn't trying to lose weight) and went down one pant size.  I have visible muscles in my arms and legs and feel very tight and toned.  I feel strong and have higher stamina.  I am a long distance runner who runs 2-3 half marathons per year - with that sort of endurance and stamina I still found the Insanity workouts very challenging.  I wasn't always able to keep up and it was hard to workout at such a high intensity day after day but I did the best I could and still got results.  I'd say in week 3 is when I finally started having an easier time getting through the workouts and felt stronger.  This workout is DEFINITELY not for beginners.  I would recommend it for someone who is already accustomed to cardio exercising and who is in pretty good shape already because it's really HARD and will get your heart rate SKY HIGH!!!  You really don't need a personal trainer ever again if you have this program.  I love Shaun T's personality - he was motivating and made you want to work out hard.  The set, music and video display with the time countdown was great and also made you want to exercise.  Overall, I absolutely 100% recommend this workout program (to those already in decent shape)!!!  PS  Be careful purchasing 2nd hand like on ebay - many fakes out there!"
B002QZ1RS6,A2FG2Q171TZOTO,"Haymon Parker ""tank""",4/4,5.0,1273968000,2010-05-16 00:00:00,Great workout DVD,This an outstanding workout DVD...I have been in the service for almost 20 yrs..and we run and do muscle strength on a daily basis..on top of that I am bodybuilder and this DVD smoked me.Now I understand what that name is Insanity lol...wow..I have been doing this DVD for a while now and I am exhausted and sweating like it's no tomorrow...This is an excellent DVD for anybody who wants to lose weight or even get in shape....
B002QZ1RS6,A3IV3HJ9QAKF5M,"srb ""srb712""",31/32,4.0,1274054400,2010-05-17 00:00:00,Not for the faint of heart,"Don't want to repeat too much that has been said before, but here's my two cents:<br /><br />  First, where I'm coming from: 40yo female, reasonable fitness, that is, participated in moderately difficult sport and/or regular gym work since high school, though occasional stretches of minimal workouts.  Just prior to starting this DVD, I was only working out 2-3d/week, primarlity moderate work on the eliptical, with a few upper body weights and occasional yoga.<br />  Second:  why I wanted the DVD.  Just felt like I had reached a plateau/sluggish.  I wanted a jumpstart to get me fit again...yes, a little weight loss would be nice (5'7"" 145#, size 8), but wasn't my main goal.<br /><br />Review:  I'm finishing up week 3, so this is far from my final word on the subject, but here goes:<br /><br /> THE GOOD:<br />1) Shaun is a great motivator<br />2) You WILL change your body; I have a pretty healthy diet, so so far haven't changed that much, but even in 3 weeks, have noticed changes, less of a tummy, move muscle definition.  Also, already feel more fit, lifting a suitcase or taking the stairs, no big deal.<br />3)It's hard to max out on the DVD's even if you are in shape...can always go faster or longer, so even after I do 60 days, may start over again and still have room to improve.<br /><br /> NOT SO GOOD:<br />1)DVDs are a little weak on explaining the moves and concepts.  Shaun needs to spend more time correcting bad form.  The package would benefit from a separate DVD that just demonstrated correct technique and heart rate goals.  Pretty serious flaw, IMHO<br />2) good on overall fitness, but lacking in the 'sculpting' department...men might want more upper body work, women might want some pilates or ballet moves to lengthen out the leg muscles.  Also, although ""core"" is well worked, I think there is not  'waist' work i.e. obliques to really give a 'pulled in' shape.  These moves will give you a smaller but more 'up and down'<br /><br />CAUTIONS:<br />1) the joints, as others have said, it is DEFINITELY possible to hurt yourself if you don't do this right; having said that, I have a history of both knee and back problems, and so far, one day of mild back pain, one day of wrist pain, and the knees are doing fine.<br />2) same for the heart, seriously especially if you are >40 you should make sure your heart can take this<br /><br />BOTTOM LINE:<br />I love the other reviewer who said ""seemed like I spent a lot of time staring at the TV saying 'you've gotta by F+**&%^g kidding me!""....he called that a negative, but I saw it as a positive....if you take the challenge!"
B002QZ1RS6,AK1SLMKSZJF9K,"R. Reott ""Kelly""",10/10,5.0,1274140800,2010-05-18 00:00:00,Great Workout,"I am a 39 year old female (5'7, 150).  I love Insanity...as a former runner I could never quite lose the inches from my hips that I was hoping for.<br /><br />After 60 days of Insanity, I lost 1.5 inches in my waist and a whopping 4.5 in my hips.  I am now on round 2 and am hoping for the same results!  I am trying to eat cleaner this round and see how it goes."
B002QZ1RS6,A2TDZ5DJAGOKXV,"kjax ""Jackie and Chad""",4/4,5.0,1274227200,2010-05-19 00:00:00,Insanity workout is INSANE!!!,"All together a well rounded, well thoughtout program. You've got to be committed and form is KEY. The fit tests every other week really let you know how your progress is going and keep you motivated to push it that much harder to improve the next time around. Favorite one is Cardio Resistance. The nutritional guide is excellent! I'm a huge nutritional nut and after going through the detailed guide I know its the real deal. TONS of options with realistic, afforded and obtainable foods.<br /><br />The only con that I can think of is that it is hard to commit to a full 60 days straight while balancing my day to day life, but that I think its understandable. Due to some personal injury and physical restriction I cannot do some of the excercises but just push it that much harder for the next one.<br /><br />Seeing great results! Never been more confident in my body! Thank you Insanity!"
B002QZ1RS6,AIO8AWIIGFJW0,"Jewl ""Amazon.com Lover""",1/2,5.0,1274227200,2010-05-19 00:00:00,Challenging,I have been doing this workout for the past week and a half. It's not easy but its not impossible. I am firming up already and my clothes are fitting better. Can't wait to see the result after 60 days. But like I said it is challenging and you just have to keep going and focus on getting better and doing more every day. More endurance daily and at the end of the 60 days my fitness level should be much better and my body will be looking HOT!!!!
B002QZ1RS6,ACQ7TGR91O34L,"TNTNYC_MSU ""L&#62;P&#62;George""",1/4,5.0,1274313600,2010-05-20 00:00:00,great seller and steller product in great shape great service!!!,"Listen this seller is the best, I wanted this product soon, they upgraded for free and the condition of the product was great still in its plastic...."
B002QZ1RS6,A3M4X0DFTC6K04,"Laurie ""Laurie""",96/96,5.0,1274486400,2010-05-22 00:00:00,"knee, back surgery and doing insanity","To preface I have had bilateral knee microfracture surgery and lumbar discectomy and have gotten through one month of insanity and LOVE IT!! I, like others read the reviews and warnings not to use this program if you have knee and/or back issues. While there is not modified exercises for the difficult and joint straining moves, I just have always listened to Shaun T. chant ""form over speed"". That being said, I don't go beyond my limits. For jumping moves, I don't jump as forcefully as I once used to prior to my surgeries, I have just tried to listen to my body and push when I can and then develop my own modifications. I have completed the first month, lost 8 pounds, 3 inches off my waist/bust and develped some quad muscles that I haven't seen in a long time.<br /><br />I wanted to write for those who have had knee and/or back surgery and say it is possible to do this program with caution and lots of stretching. As everyone writes, its not for everyone, but a lot of the postings almost discouraged me from purchasing this. I am so happy with it and look forward to working out each day:)"
B002QZ1RS6,A3F96BUKV2K5QW,K. Maxwell,0/1,5.0,1274486400,2010-05-22 00:00:00,It arrived on time and was in perfect condition!,The product arrive on time and was in great condition-just as the seller noted.  It was brand new and appeared to have never even been open.  I am very happy with teh product.
B002QZ1RS6,A118W3V6Q6O880,"J. Green ""I love romantic movies""",2/2,5.0,1274572800,2010-05-23 00:00:00,"Ouch, I hurt","I am only 6 days into this workout, but I must tell you that my core aches as do my thighs. I can feel my core aching as I leisurely walk my dog, and I feel my thighs as I walk up the stairs. This workout is hard for someone like me: intermediate fitness, jogs 20-30 miles a week. Even though I can't keep up, I sweat so intensely and my muscles aches. I like how there is a different DVD to follow each day. Although I have begun to memorize some parts, I don't know what's coming up that's new and I don't know how my body will handle the new routines so that sort of keeps it fresh for me.<br /><br />This is hard and challenging, so if you're the type of person up for a challenge this may be for you. I don't know if it is for beginners because it is so intense and seriously challenging it may be discouraging for someone who considers him or herself a beginner, but I do feel intermediates can handle it, especially if you are one who likes a challenge. Fortunately there is no equipment needed. You use your own body as a weight, but I find that it's really a challenge using my own body as my weights.<br /><br />I don't own a heart monitor, but I will definitely invest in one. I feel like that is necessary just so that I can monitor my own heart rate since this series keeps me working at such a high impact for so long.<br /><br />Some reviewers have written how this workout is hard on your knees and joints, and I will definitely agree. I make an effort to be as careful as possible looking out for my knees and my lower back. I've never had serious knee issues, but I do wear a minor knee brace since my knees do get achy at times. As for my lower back, I visit a chiropractor bimonthly. I can easily notice how improper form can re-injure my lower back so when I need to I slow down and focus on my form. Sean does emphasize form over speed and so I am really careful not to overexert or to lose form because I can see how this workout can seriously take out your knees (whether or not you have a former injury) and your back and shoulders. You must be careful. I hope I am being as careful as I think I am. I keep checking my form in my full mirror. I think the potential for injury is the biggest red-light for this workout product so be careful, period."
B002QZ1RS6,A2RLB5PS2JFK2G,Media Blitz,1/1,5.0,1274832000,2010-05-26 00:00:00,INSANE,"This workout is crazy, and will push you to your limits, and perhaps, if you have the mentality, beyond it. To begin with, the ""warm ups"" are really like a workout in itself. I usually warm up before the ""warm up"". Seriously, by the time you are through the warm up, you'll have a puddle of sweat beneath your feet. Anyway, I have finished the 60 days, and let me tell you the results are incredible. I have actually lost 30 pounds with this program alone, and I was eating a lot ( because the workouts turbo charged my metabolism) perhaps 3000 calories a day.<br /><br />My recommendation? This is not for anyone. (I was moderately in good shape when I started this program, and for a while couldn't keep up with Shaun T., but I was still able to finish every workout, I just went at my own pace. Now, I am able to go keep up with Shaun T.... at least sometimes.) If you have ever done the P90X plyometrics, and had trouble with that EVEN TO THIS DAY, then this is definiteley not for you. Put it in this perspective. The insanity workouts are like the P90X plyometrics, but on steroids and crack!!!"
B002QZ1RS6,A1U4H0SI26DBTM,Aussie,4/4,5.0,1274918400,2010-05-27 00:00:00,Insane,"This is the best cardio workout you will ever come across, it really is insane.  Insanity is very addictive.  These DVDs are not for the beginner, you have to be in pretty good shape to be able to do these, even the warmup is intense. This was definetly the workout I was looking for."
B002QZ1RS6,A3LHW24UD16EH9,"Martin L. Mathews ""OSU-FAN""",6/6,5.0,1275004800,2010-05-28 00:00:00,Great Workout if you can handle it...This is intense,"I have been using this for 6 weeks now and missed 1 workout. I have not lost any weight. I am 6'2"" 209Lbs and am very competive in everything I do. This is the toughest workout I have ever done. You work up a good sweat just in the warm-up alone. After that you still have 25-45 minutes of an ass kickin left.<br />I would only recommend this for anyone who will not give up. If you are the type who doesnt give it your all then more than likely you will not make it more than 1-2 weeks with this program. If you have knee/back problems this probly won't be for you. There is a lot of jumping up/down and just overall movement that will challenge your balance. Most of the balancing comes into play during the 2nd month. Either way good luck and I hope this helped."
B002QZ1RS6,ABG48H4IOS440,"Pamela L. Mcpherson ""PLM""",2/2,5.0,1275004800,2010-05-28 00:00:00,Purchasing Insanity was not a momentary laps of reasoning,"I'm glad I was able to acquire this fitness program. It's difficult to impossible to keep up with the speed at which the reps are performed by the people on the DVD, but it is clearly a goal to tone and develop the muscle sets required to meet such a level of intensity. The program, however, is obviously designed so that one can keep up with the work performing the reps at the fastest speed possible with a goal for improvement! It's set up so one feels encouraged to continue and not quit! There are enough DVDs in the set that boredom is not going to set in any time soon!!!! I'm a nearly 40 year old woman in reasonably good shape but this work out can benefit those who are already in a work out routine and looking for a change. I don't recommend it for someone who is currently very out of shape....work up to it!"
B002QZ1RS6,ABXD548T5QVI2,Joe S.,1/1,5.0,1275091200,2010-05-29 00:00:00,Insanity Workout Videos,"I have been using the Insanity Total Body Conditioning Program now for 3 weeks and I can't  believe what a difference it has made already. I have lost 10 lbs and 3 inches off my waist. This has been by far the best workout program I have ever purchased and well worth the money, which was alot cheaper through Amazon.com anyway. I am looking forward to the results I achieve as I continue this workout over the next 5 weeks."
B002QZ1RS6,A3LTQ5I9GXHJ5T,"Jamie Busby ""jambus""",1/9,2.0,1275264000,2010-05-31 00:00:00,Insanity workout,"the dvd's that do work are fun, but 1/2 the dvd's did not work in any of my dvd players and that is very frustrating when something you buy new and pay a lot of money for doesn't even work."
B002QZ1RS6,AI46YZTGS07AT,K. Dawiczyk,2/2,5.0,1275350400,2010-06-01 00:00:00,insanity is insane but fun,If you are motivated to challenge yourself this is the dvd set for you.  In 60 days dropped 20 pounds and four inches off the waist.  I recommend it highly.
B002QZ1RS6,A17A5UNQ23T179,R. Savell,0/0,5.0,1275350400,2010-06-01 00:00:00,great workout!,"I love it! It's tough, but if you stick w/ it, you'll be happy with the results!"
B002QZ1RS6,A29WL6BUQM7WYB,Marissa Davis,0/2,5.0,1275350400,2010-06-01 00:00:00,love it!,i ordered insanity for my husband and he loves it! he is on his 3rd week and is still in love with it. we are only concerned about one thing... there is one disc that is called cardio abs... but there are already 2 other discs with the same workout on them...?? a little weird but still a great workout!
B002QZ1RS6,A2PVA1JU4FKNM1,"J. Fisher ""mamafish""",4/4,5.0,1275696000,2010-06-05 00:00:00,"You better get ready to bring it, drip sweat and get your butt kicked, and thats just the warm up.","Oh yeah, I work out everyday and this is awesome, then you get to the 2nd month and you just hope you can make it through. I haven't lost any weight but I'm toned and you can tell I have been diggin' deeper! My seller was no good but the dvds are great."
B002QZ1RS6,A15DM1WD502X79,"J. Barksdale ""Jdrivin""",0/1,5.0,1275782400,2010-06-06 00:00:00,INSANITY - the name says it all!,"Shaun kick my butt with this challenging, butt-kicking, insane workout! You will see the difference after 60 days, not a year! Just go at your own pace but you have to give it your 100% best! Yes, it works but it is a high-impact workout so be warned. Be safe!"
B002QZ1RS6,A3XKG01TAIF2G,Mark36,60/61,5.0,1276041600,2010-06-09 00:00:00,This workout is awesome.  I feel like puking .....,"I'm up to day 14 of this 63 day program.  I haven't seen the weight loss that others are claiming, but I'm not using the supplements or strictly adhering to the diet.  However, I can definitely feel the difference in muscle development from day 1.  On day 2, I felt like curling up in a ball and puking my guts out.  This is a tough program.  Be warned.  Be ready.<br /><br />The exercises are rigorous at a brutal pace.  Just doing the warm-up is a challenge.  Like others have already said, you have to have a reasonable degree of fitness and a high level of motivation.  This is a graduate level course.  You must be able to push yourself.<br /><br />I'm 54 and can stand to drop about 20 pounds.  I am a retired Marine and exercise on a regular basis.  I'm a great street athelete (all energy, no skill or technique).  If that sounds like you, here are my tips/observations:<br />1.  Hydrate throughout the day.<br />2.  Eat bananas (my left calf cramps up during the warm-up).<br />3.  You will sweat.  Have a towel handy.<br />4.  Unless you are Superman, you will struggle the entire time.  Pace yourself and take a breather when necessary.<br />5.  I am weak in all the areas where I thought I would be strong.<br />6.  You will be sore, but you will recover and be ready for the next day.  Within an hour or so of completing a workout, I feel like I want to start the next.  Wisdom dictates otherwise.<br />7.  You will discover new muscles.  Discovery is by pain.<br />8.  Even the easy recovery days are hard.<br />9.  Sometimes I have the wind to continue, but not the muscle.  Other times, I have the muscle, but not the wind.<br />10. Do the best you can at your pace, but stick to the time.<br /><br />I was a little leary at first to spend the bucks for this program.  I have an older version of Power 90 from Beach Body and liked that product.  The positive reviews on this site convinced me to open my wallet.  I'm glad I did.<br /><br />For what it is worth, I will continue the Insanity workouts until I am forced to age gracefully.<br /><br />July 14:  I SURVIVED THE FIRST 30 DAYS!!!!!!!!!!<br /><br />Great, I've advanced to another level of pain.  Now I'm into day two of the second phase.  All I can say at this point is that the 1st 30 days were nothing compared to the two workouts I just completed.  These workouts are about 15 minutes longer and a heck of a lot tougher.  I keep pace with the video, but I'm dogging about 2/3 of the exercises.  If I power through one, I'm dead for the next.  The only consolation is the dozen or people in the video are dropping also.  You will be one sore soggy ball of proto-plasma at the end of each session.  I've dropped seven pounds without even trying (I'm not giving up beer) and lost over an inch off my waist.<br /><br />I've had zero problems with my DVDs.  I ordered mine direct from Beach Body."
B002QZ1RS6,ARXWIVTGGNG83,"A. Sagal ""allybaby714""",4/4,5.0,1276128000,2010-06-10 00:00:00,LOVE IT!!!,"I started the program on June 7th and have to admit that the workouts are a bit tough, but they are SO MUCH FUN. The instructor is not annoying at all and for once, I am actually motivated to push harder. I have a pretty bad knee, so I modify 1 or 2 moves ie go slower during certain jump exercises, but overall I don't feel that the movements are a strain.I purchased some good cross training shoes with good support as well. I contemplated purchasing this program for a while as I was afraid that I would not be able to keep up (during the school year I tend to avoid the gym and any type of cardio). In the middle of May I started running again about 2 miles everyday and as I said started the program on June 7th, so I'm not in great shape, but I am still able to complete the workouts with no problem. If your considering purchasing the videos...DO IT!!!<br />The only negative thing I can say is that during the warm ups the bottom of my feet start to ache. Oddly enough the pain doesn't occur during the actual workout, not sure what that's all about."
B002QZ1RS6,A1RZ54LX2MJTLD,fit sexy,4/4,5.0,1276128000,2010-06-10 00:00:00,Worth it if you work it.,"Insanity does everything it says it will.  It's hard, it will kick your butt, but it is totally worth it if you can hang in.  I am only at my third week and I have noticed a big difference.  I feel a lot leaner, but stronger at the same time.  My favorite thing about insanity is that you work out, hard core, for about 30-40mins and you are done.  It's really hard for that time, but if you can get through it, you feel great, you look great and it didn't take up your whole day to do it.  Very happy. : )"
B002QZ1RS6,A1OMXVXXP07F05,"D. Couse ""darkman1969""",47/47,5.0,1276214400,2010-06-11 00:00:00,My 60 day results and a word of warning.,"So you think you're in shape.  You've done all of the other workouts...you run about 20 miles a week, are a forty-something, relatively ""fit"" and have completed P90X.  Yah, that's what I thought too until I ran into Shaun T and Insanity.  This is by far the most intense workout I've EVER done, and I've done a lot...including P90X.<br /><br />So, let's get to the results.  60 days for me equated to 15lbs lost, 3 notches in my belt looser, 7% less body fat (down from 22 and change to 15% and change) and the ability to run 8 mph for 30 minutes without ANY problems.  Now those results are what I call insane...truly insane.<br /><br />This workout is ridiculously hard.  Yes you can go at your own pace, but you will still be sucking wind 15 minutes in...10 of that being the ""warm up"".  Insanity's warm up is harder than a lot of full on DVD workouts I've done.  No joke. The people Shaun invited to be in the workouts look like beach body people...I don't.  So when they started fading away during the workouts, I knew this was unlike any workout I've ever done.  I kid you not, these chiseled bodies struggle, and I mean struggle to make it through.  In one of the workouts, Max Cardio Circuit (I think) the entire group is laying on the ground in utter exhaustion.  It looks like a massacre...and it feels like one too.  I'm also not a heavy sweater when it comes to working out.  Sure I leak a little here and there, but it has never POURED off of my skin like it did with Insanity.  My shirt felt like I had just come up from the bottom of the pool by the time I was finished with the workouts.  I was soaking and dripping wet.  Not to mention my heart rate monitor was telling me the average heart rate during these workouts was low to mid 140's...It had gotten as high as 163...brutal.<br /><br />Did I follow the eating plan you ask?  To some degree yes.  In reality, I found a couple of good suggestions in it for breakfast and lunch, stuck to protein bars for a snack and had chicken or some type of beef for dinner and that was it.  The only item we really had to purchase outside of our normal grocery list was protein powder.  Not theirs, but whatever kind we wanted.  I had done the 5 meal a day plan (about 300 calories per meal) and it really does keep you going all day.<br /><br />I never really listened to the warnings on previous DVD's, but I do believe the warning on Insanity is well worth a look.  This is not for people with weak joints, or knee, back and neck problems.  I can't believe they shot this in a gym on a hardwood floor.  Overall, it states there are plenty of other workout options for people that may not be up to this.  True 'dat.<br /><br />Finally, a word of caution.  I bought mine here through the seller market place.  I am now 99.9% convinced I received a pirated copy for 2 reasons.  The first is that 2 discs while they play, they play out of sequence.  These discs jump around from rests, to various times in the routine.  The discs that don't play correctly are Max Interval Sports Training and Insane Abs.  They are not scratched, they are encoded wrong.  If you buy this from anywhere other than directly from BeachBody, I HIGHLY recommend you stick those DVD's into your player immediately and see if they work correctly.  These 2 discs are not used until later in the program (last month/2 weeks) and by the time you try them, it's too late to get a refund through Amazon or seller...tough lesson learned.  Another reason I believe these to be pirated is that the product comes sealed.  I've read on some posts that the real product doesn't come sealed in plastic.  My only .1% hesitation is the quality of product that was shipped.  If this is how people can pirate products nowadays, it is unbelievable...packaging, the nutrition book, the DVD's, the calendar...everything looks perfect.  Just those 2 items that have peaked my interest.  So beware of ""new sealed"" deals here on Amazon.<br /><br />If you have the motivation get it.  You will not be disappointed."
B002QZ1RS6,A3AS3Y08FG7B2D,unconditional love,1/2,5.0,1276214400,2010-06-11 00:00:00,Keep going,Insanity is insanley good. Im on my 4th week and I do see results. It's not easy stay focused keep pushing and u wil get stronger.
B002QZ1RS6,A2CIYBO32AZ63G,"American Express ""elina""",0/8,4.0,1276473600,2010-06-14 00:00:00,i would like the shipping time to be shorter,"I ordered the present and although the shipping time was as planned, it was too long a time.I wish my daughter had received the DVD a few days earlier. Thks anyway,Elina"
B002QZ1RS6,A1C87GAJNODOE6,"T. Thomas ""Mamadawg""",11/12,5.0,1276473600,2010-06-14 00:00:00,"Look, it's tough but at 47 I can do it!","I am 47 years old and female. I was in a car accident in 2000 that really messed up my upper and middle back.  I also had neck and shoulder injuries.  Prior to this, I was doing 2 a days and working through a tougher routine than this--because it was 2 intense programs back to back.  I will not sugar coat this.  This work out is tough, but it builds up the muscles so that my injuries are no longer running my life.  I've seen great results--my abs are ripping and I have lost weight. I recommend a physical prior to starting, but I will be the first to forwarn you:  THIS IS NO EASY WORKOUT.  If you are looking for fluff, you won't get it here!  This is as intense as P90X, I think--minus pullups and sit ups. This workout rips the abs and kicks butt--also resulting in losing inches!  If you've got bad joint problems, I think you are better off with a program called Chalean Extreme--which is an adaptable workout to your physical needs--I did that one also with good results! If you want to take back your life one inch at a time, one pound at a time--then this workout is great!  You can take breaks as needed--Sean T. tells you to do so--especially IF YOUR FORM STARTS TO FAIL!  It will take a while to get the cuing down because he starts off at a reasonable pace to teach the moves, and then repeats sequences--building up speed as he goes.  You will be dripping sweat from the warm up!<br /><br />Piece of advice--do not skip breaks and do not skip the warm-ups and stretching.  You'll feel like you are dying without that! You need to keep a ton of water handy too and a towel.  If you have joint issues--this probably isn't for you, however it isn't bothering me. If you have joint pain at all--I say pick another program.  I love this one!"
B002QZ1RS6,AWMGZXWW5N1YR,Trini Queen,7/7,5.0,1276560000,2010-06-15 00:00:00,Worth every penny,"I'm not following the diet plan as i work on a cruise ship, however by just doing the dvds, following the calendar and modifying my food intake my whole body has changed.<br /><br />My legs and arms are more toned. My midsection is slowly reducing and i find that i have so much more energy.<br /><br />I would recommend this product to anyone who is serious about making a healthly change in thier life.<br /><br />Thank you Shaun T."
B002QZ1RS6,A66EJ0WJZM74L,R. Williams,4/4,5.0,1276732800,2010-06-17 00:00:00,Insanity provides everything promised.,"Fist off, please make sure you are buying from Beachbody and not some secondary source. A lot of the negative reviews are purely do to buying used or boot-legged versions for a cheaper price. Shaun T is a very good motivator and instructor. You need to be in decent shape to follow the routine right away, but if not just push yourself as far as you can until you build yourself up. Shaun T is very good in my opinion in keeping your spirits up. Right away from doing the fit test in the beginning shows you how not so good shape you really are. Even if you can run and 8minute mile and exercised moderately like myself. Bottom line this program is every as advertised and will get you in shape. You just need motivation."
B002QZ1RS6,AEQCXKXEH35ZA,R. Trecartin,8/46,1.0,1276732800,2010-06-17 00:00:00,Seller failed to meet expectations!,"I am highly disappointed with this ""transaction"". I placed the order yesterday morning, and later on last night received an email that my order was cancelled. My order was cancelled because this seller is not accepting payments at this time. If you're not receiving payments at this time, shouldn't you NOT be listing items for sale? I mean, that would only make sense....right?!"
B002QZ1RS6,A3OC047NQMFVH4,Dean H Bartels,2/2,5.0,1276819200,2010-06-18 00:00:00,Excellent High Intensity Aerobic Workout,"High Intensity aerobic workout. Wear good shoes and drink water. If you stick with the program, you are guaranteed results!"
B002QZ1RS6,AGBS7DV068Q1M,Moose,69/109,1.0,1276992000,2010-06-20 00:00:00,Not for persons with joint issues,"Do not buy Insanity if you have any joint issues - shoulders, knees, etc. The moves are high impact/high stress. I contacted the company by phone and email, several times, prior to my purchase decision, to find out if persons with joint issues should or should not buy. However, no reply was ever received.  Unfortunately, I decided to try the DVD's but am not able to use them; a waste of $150. Rather than direct a potential customer to another product and, thus, retain the customer, BeachBody has chosen to lose a potential lifetime customer."
B002QZ1RS6,A35P1RJLC8ZD2D,"CAM43 ""Single Working Mom""",1/2,5.0,1277078400,2010-06-21 00:00:00,DON'T Stop the Insanity!  This workout ROCKS!,"I am over 40, been weight training/body sculpting for 15 years, ran 3 marathons and numerous other races...and what can I say, but Shaun T KICKS MY BUTT!  Insanity ROCKS, after only one week doing it I already feel stronger, fitter and faster (and I have not been weight training for 5 weeks now!).  I'm excited to see how I will progress 7 weeks from now!<br /><br />I let my ex-husband try it (who works out 6x week) and he said, ""OMG, I'm not in as good as shape as I thought!"".  Shaun T is a likable guy and a great motivator, I like that they do the workout in a school basketball court/gym setting, and all the people in his workout video are sweating their butts off!<br /><br />I already follow a clean eating plan for the most part, but I found the Nutrition Booklet really helpful for simple recipes.  Overall, it's a great set.  Not for beginners (ability to do several sets of full body push-ups are mandatory) and not for anyone with joint issues or bad knees/hips/ankles etc. (lots of variations of jump squats).<br /><br />I love this workout, I look forward to doing it and feeling that sweat dripping down my face and breathing my ass off!  It's INSANITY!"
B002QZ1RS6,A2HIM2XV9V45DW,"Timothy Gorka ""youngelvisfan0909""",11/11,5.0,1277251200,2010-06-23 00:00:00,Here's the deal folks,"I'm not in great shape and don't claim to be but...<br /><br />Shaun is a great motivator and trainer. There is no law that says you have to keep up with Shaun and his workhorses. Max interval training basically means you do the best you can at every workout. Whether your best is 10 reps or 50. You keep doing your best and you will get in shape.<br /><br />I'm a beginner still with it but its the best workout I've ever had. I also at times have to take many breaks towards the end of the workouts, but IT WORK. and remember to use proper form when jumping and to prevent injuries.  do what you can and you will see change.<br /><br />You will sweat more than you ever have but, go at your own pace, slow down, take breaks.<br /><br />and the best parts<br /><br />NO WEIGHTS/PULL UP BARS.<br /><br />Lots of cardio. You will get lean and in the best shape of your life. I can already feel it.<br />If you want it. DO IT. and don't let anything scare you.<br /><br />do your best, forget the Rest and you will get in great shape."
B002QZ1RS6,A30K9F9C2JXQ66,G.T.,2/6,5.0,1277337600,2010-06-24 00:00:00,Best workout ever!,"This is the hardest workout I have ever done. But, it is the one that provides results! I am on my fifth week and I look forward to completing the routine and seeing my end results. I highly recommend this program."
B002QZ1RS6,AP4YLUN47MQCX,Gerald A. Laurich,0/3,5.0,1277424000,2010-06-25 00:00:00,Insanity Workout,"It's all that the commercial shows and more. Tough, requires dedication, no instant results but it works."
B002QZ1RS6,A8QONT95QJPG6,Rich Wagner,6/6,5.0,1277510400,2010-06-26 00:00:00,An outstanding workout for the motivated individual,"I just finished my 60th and final day of insanity today, and i'm still here to tell the tale! As everyone else says, these workouts are nuts...I've never sweat so much in my life. By the end of each workout, you're completely spent.  I was in decent shape to start but my muscles got smoked after the first few days.  Let me tell you, this progam works if you stick with it.  If you take it seriously, don't pause the workouts and bust your chops each day, you'll see major results!  I didn't follow any of the suggested diets, but I ate lean throughout the 60 days and I think that helped as well.  I'd recommend protein shakes, fruits, veges and lots of lean meats (chicken, fish).<br /><br />After completing these workouts, I've noticed my cardio has gone through the roof.  The biggest reason you improve in your fit test numbers is because you can go harder for longer periods.  My flexibility has improved ten-fold after these workouts.  Advice: take the stretches seriously, they really help with flexibility and help prevent pulling a muscle.  My only regret is, like others say, it doesn't do much for bulking you up.  My abs and core got quite toned, and my legs and back are stronger than they've ever been, but it doesn't look or feel like my arms changed.  Therefore I'd suggest adding a few curls and pull ups whenever you can.  Also, the exercises do get a bit old after two months, but you don't have much time to think about it since you are so exhausted.  All in all, though, these are minor complaints given how pleased I was with the overall program.<br /><br />The program is definitely expensive at ~$130, and it's sad to think you have to pay about $15 per workout. In the end, though, well worth it when you consider the results.  I like how efficient this program is.  Only 40-60 mins per workout, which is much better than P90X.  And only 60 days.<br /><br />In the near future, I plan to resume running with ~2 insanity workouts per week.  I plan on doing the whole program again sometime, but it won't be anytime soon!  My friends are all hooked and can't wait to borrow my discs.  Overall I'd strongly recommend Insanity...if you are up for the challenge!  Good luck!"
B002QZ1RS6,A2ZMEFHSNEYS1B,Big M,2/3,4.0,1277596800,2010-06-27 00:00:00,Great stuff...but make sure you order the real thing!!!!,"Overall, the workout is excellent and you will work harder than you ever have before.  I am going on my fourth week of the workout and have lost about 11 lbs all ready.  However, make sure you order the ""real thing"".<br /><br />I ordered this from a different company because it was only around $75 not realizing that it was an unofficial copy.  When I received it, I was actually missing two of the dvd's.  It has been four weeks and I have still not received them.  I have received tons of promises but nothing.  I cannot figure out where this company is even located and will probably not be able to get my money back.  (I was lucky that one of my friends bought this and is not using it so I was able to borrow his copy.)  This company is located in a different country, the dvd's are in a smaller booklet compared to the ""real thing"", and it is much cheaper.  It is not worth trying to save the money...just buy the official set and you will save a ton of time and energy.<br /><br />All in all, the actual content of the dvd's is great and this has rejuvenated my workout!"
B002QZ1RS6,A1P9T40CO6I13V,Jennifer Hill,0/3,5.0,1277683200,2010-06-28 00:00:00,Satisfied Customer,I got my DVDs on time but a couple of them did not work.  I contacted the seller and they exchanged them for me with no problems.  Thanks!
B002QZ1RS6,AD0KSW7AM75EB,"bq1 ""bq1""",7/7,4.0,1277942400,2010-07-01 00:00:00,Pure Insanity,"Whenever I get a new exercise DVD I watch it first. These ones looked repetitive and boring. Well... Boy was I wrong! I'm in pretty great shape, but these basic exercises take me to the limit of pure insanity. I've gotten great results from the exercise  program and also its meal plan.<br />I am extremely happy with this DVD collection, and I would recommend it to anyone who desires to get into top shape very quickly. I dropped 2 sizes in two weeks!<br /><br />Happy & Insane in NYC"
B002QZ1RS6,A4OM1Y19LLXCK,Muriel,3/4,4.0,1277942400,2010-07-01 00:00:00,Review of Insanity DVD,"I purchased this DVD as my daughters had commented on how much fun and how effective the workout it.  We workout together and are on day 28 of the workout.  It is difficult but we are all definitely seeing results.<br /><br />If you are in fairly good shape to begin with, I would recommend this workout if you want to up your level of physical fitness."
B002QZ1RS6,A386JEDESJE70K,dancer,0/0,5.0,1278028800,2010-07-02 00:00:00,really hard,"This is the hardest workout i have ever done, and I am a dance teacher. I have yet to make it through an entire dvd, but i am on my way. If you are up for the challenge get it!!"
B002QZ1RS6,A1SUG9U6GDHNK3,Hermes Trismestigus,3/5,5.0,1278028800,2010-07-02 00:00:00,"Tough, Effective, Almost Perfect.","INSANITY is a gem. After every workout, I am drenched in sweat, and feel great about what I have accomplished each time. Shaun-T is not necessarily the most charismatic or knowledgeable guy, but he gets the job done. His favorite word is ""push."" ""You gotta push."" ""C'mon, y'all, push."" The workouts change enough so that I don't get bored, and the improvements I see after each cycle encourages me to do more. I look forward to the workouts, which is INSANE in and of itself. I definitely feel I got what I paid for.<br /><br />The only complaints that I have are that the warm-ups are WAY too intense; I often warm up and stretch beforehand on my own. If you are out of shape, and heavy, be prepared for your feet and calves to hurt after the first few workouts. The theory of the INSANITY approach is to essentially use your weight to burn the calories, which develops your leg muscles and tendons, allowing you to eventually burn even more. This process is not entirely painless, as large folks will find out. The soreness goes away after you improve your conditioning. I wish that they included more for people who can't do the advanced movements (the dips where you raise one leg are in no way possible for the big boned, obviously) so that it is clear what should be done in place of those exercises.<br /><br />Also, Shaun T's accent is hilarious, and the sweaty, bare-chested hugs he gives the other people in the video are exquisitely awkward, like most of the interactions where he touches the actors and he squeezes their love handles and so-forth. He also never moves his eyebrows, which is weird, but you get used to it. YOU GOTTA PUSH!"
B002QZ1RS6,AVJHUXVPE1DMZ,"Sierra Terrell ""crazyfitgirl""",3/3,5.0,1278115200,2010-07-03 00:00:00,The Title is a Good Fit!,"This is an ultra-intense, no holds barred, crazy workout.  There are strength training movements using your bodyweight, but the focus is really on cardio.<br />I am a 23 year old female and was in really good shape before I started this program.  Even so, the workouts kicked my butt!  Insanity will challenge even those in unbelievable shape.<br />Overall I am very pleased with my purchase.  I love these super high energy workouts and actually look forward to them.  I love that they are relatively short (average about 45 mintues, less if you skip the time consuming and unnecessary pre-workout stretch).  Shaun T and his crew are very motivating.  The music isn't great, but isn't bad either.<br />My only gripe- the warmups.  They are very intense and might be an overload for someone not used to warming up that fast.  And the fit test has no warm up so you are putting yourself at risk of injury if you go right into it.  When I first started I was getting awful headaches whenever I worked out and my chiropractor said it was because I was overloading my system.  So I would do my own pre-warm up warm up for a while until my body adjusted.<br />A side note- I have actually gained weight since I started.  I was pretty thin to begin with and doing such intense workouts really increases your appetite!  So if you are trying to lose weight, be conscious of that."
B002QZ1RS6,A3CRDHD28MTD0D,Z. Maron,8/38,2.0,1278115200,2010-07-03 00:00:00,To Easy,"Ok here it goes. If you have bad knees, shoulders, or any other body part then this is not for you. If you are already in shape then this will not get you in more shape. Insanity is just a cardio work out and it is difficult at time but there is nothing in the videos that you can't do on your own. For 30 to 60 minutes you will do mainly a leg, calf, thigh, and butt work out with some push ups and abs in there too. Many times through the videos some of the exercises repeat from previous workouts that you have already completed.<br />My final statement is: If you belong to a gym or have the motivation to do some physical activity with your life the don't buy this.<br />If you are one of those people who try a new diet or fad every week to try to lose weight or get in shape then try this out waste your money and start something new the next week."
B002QZ1RS6,A1HY2G2LMPZZZS,Sher,0/3,3.0,1278201600,2010-07-04 00:00:00,Ultimate cardio workout,"Great workout, unfortunately two of the discs don't work and when replaced still did not work. Great seller to deal with, tried to make it right."
B002QZ1RS6,A18ZVRWMMBGYAO,Jada,2/2,5.0,1278288000,2010-07-05 00:00:00,Great!!!,Best workout of my life! It is a great system and will get you into shape fast!
B002QZ1RS6,A12GCEDJDZM5AD,"Tegan Smith ""Mom of 2""",18/19,5.0,1278288000,2010-07-05 00:00:00,AMAZING!! Even for a beginner like myself!,"Ok so I purchased Insanity in the beginning of the year, and I tried it once, doing only the fit test and I about died, so needless to say I buried it in my closet until I was ready, I also own p90x and honestly that is so boring I couldn't get past week one, but this is soo much fun great energy. So I am on day 4, and let me just say this is very addictive, and super awesome. I love it, I'm not super fit, well I'm not any kind of fit actually, but I decided after reading review after review, mostly discouraging,to say what the heck I'm going to give it 100% and do this and get an amazing body. I for sure recommend this to anyone! With the right motivation, and discipline you can dig deep and get through it, and it may be hard at first but I know if I can do it I think anybody can. It is totally worth it =)"
B002QZ1RS6,A1N524EX1F432P,Karen,2/2,5.0,1278374400,2010-07-06 00:00:00,Insanity Fitness DVD Program,"I ordered the product for my daughter but tried it for myself as well.  I'm in early fifties and fairly fit, but found it was too much for me--the jumping was bothering my knees. (but I had mild knee discomfort before I tried it). My daughter, however, loves it! She has stuck to the time table and has finished her first month and notices a difference in her body and stamina already.  It's a vigorous workout--to keep up you need to be in good physical shape to begin with or just do as much as you can and work up to keeping up.  Shawn T is a great motivator.  Since I ordered the product for my daughter, I'm giving it her rating of 5 stars."
B002QZ1RS6,A3LFA6LRLFOKGJ,fit,2/3,5.0,1278547200,2010-07-08 00:00:00,seeing results,"I am 5 weeks into this.  It is pretty pricey, but I have seen results.  I think it is worth it.  He does a long warm-up before stretching.  This is great for preventing soreness and injury."
B002QZ1RS6,A2RKI7RPP5CJMG,"K. Fontenot ""Prairie Cajun Regenerated!""",19/20,5.0,1278547200,2010-07-08 00:00:00,Results Do Not Lie,"""Insanity"" is the perfect name for this DVD program.  Why?  Because you have to be at least a little bit insane to jump into a program such as this one.  The program is split up into two months of intense cardio and plyometrics with a bit of strength training thrown in (you use your body, not weights).  There is also a recovery week in which you'll find yourself doing a lot of stretching, a couple of yoga moves, and plenty of balancing moves.  Each DVD includes at least one workout on it (a couple feature two).  One DVD focuses strictly on the abs, although the abs get a great workout no matter which DVD you are on.  Also included is a workout calendar that lists which DVD to do on each day of the week.  Sundays are reserved for resting.  The DVD set I purchased also came with a recipe book and a meal plan.  All of these items were simple to use.<br /><br />The first month is very intense, with each workout ranging from thirty five to forty five minutes on average.  The second month is brutal, pure and simple.  The workout length extends to fifty five minutes on some of the DVDs during the second month.<br /><br />If you are not used to working out, or even if you consider yourself to be in decent shape, the warm-ups will kill you right away.  Do not be discouraged by this.  If you stick to it, you will improve.  Just three days into the program, I found myself lasting longer and longer before having to sit out or take a brief break.  After just a couple of days, I noticed that my arms were already beginning to show signs of tone.  My legs looked even better.  After two weeks, I started losing inches around my waist.<br /><br />Every two weeks, you have to take a fit test.  My first one was terrible, but the second fit test showed me doubling my performance on all but one (globe jumps) of the tests.  Each time after that, my results kept improving.  Granted, I didn't double anything afterthat, but you'd be surprised how tough it is to add just two or three more reps of a particular move.<br /><br />The second month really kicked my body into overdrive.  I was doing moves that I would never have dreamed of doing just a few weeks before.  The intensity level of the second month is off the charts.  Do not be ashamed to stop and take a breather while exercising, you'll need it!<br /><br />Shaun T is a very positive influence throughout the DVDs.  He'll go over each move before asking you to do it and highlights people doing each move properly and/or improperly so that you can learn proper form.  If someone's leg needs to be straightened out on the DVD, Shaun helps them achieve correct form.  This helps you at home maintain proper form as well.<br /><br />It is not unusual to see members of the workout group on the DVD simply step out of certain exercises from fatigue.  Shaun motivates them (and you) to return back to the workout as soon as safely possible.<br /><br />What it ultimately boils down to is how much you put into the program.  If you're serious about getting in shape, losing weight, or building endurance, you can definitely achieve all of these with ""Insanity.""  I personally lost sixteen total pounds and dropped to the tow holes on my belt.  My pants fit looser as do my shirts.  I feel a lot better than I've ever felt in a long time.  Not to brag, but my arms and shoulders are cut now and my legs actually gained a lot of muscle.  My abs feel tight as well, but I still have a little fat to get rid of before I can see that six pack I'm working on.  Even with the fat that is remaining on my belly, I can already see a bit of definition in my abdominable area.<br /><br />After a very short break, I plan on starting the program all over again.  Stick with it, and you can become just as insane as the rest of us!  Highly recommended."
B002QZ1RS6,A2T0538Q2HUAJS,"Sarra Weaver ""Amazon Addict""",0/1,4.0,1278633600,2010-07-09 00:00:00,Could be better,"It's a really good DVD and fairly well put together. My biggest problem with it though is that the stretching is inadequate ESPECIALLY because of all the plyometrics that are done. Jumping around so much can hurt your spine and puts pressure on your joints, they should definitely focus more on stretching, relaxing and lengthening your back during the stretchs to prevent injury. There are a few other points I don't agree with (all within the stretching) so I normally do my own stretching during the allotted time since I know my body and I do other strength training congruently with Insanity. I normally get bored with set workouts, with Insanity it's more of a ""I so can't do this today"" rather than a ""I don't want to because it's boring"" so that's good, I just remind myself: ""I promise I will do my best. My best will vary from day to day, from hour to hour, from minute to minute but in that minute I will do the very best that I can."" (First rule of 10 Golden Rules of CrossFit). Insanity (or any other program) is worth it if you stay with it--always do your very best. 3...2...1...GO!"
B002QZ1RS6,A2B7JMKJJ93VQX,"knittingen ""Gen""",7/8,4.0,1278806400,2010-07-11 00:00:00,Insanely difficult,"As has been previously stated, this isn't like any other workout DVD.<br /><br />Shaun T is motivating enough to make me want to move faster when I barely can. But as hard as this workout is, it's hard for me to convince myself to do it at times. I've been in shape all my life and never been overweight. You should be in shape to begin this program. Getting correct form would be very difficult otherwise. These workouts are also very high impact. Keep it in mind if you live upstairs and the neighbors get annoyed by someone jumping around so hard the walls shake (sorry neighbors). I've done the Turbo Jam and Slim Series workouts from Beach Body as well as this one.<br /><br />Most of the workouts go something like this: A warm up for about 10 minutes; includes variations of running in place, jumping jacks, etc. This is followed by a period of yoga stretches for another 10 minutes or so. With the exception of Pure Cardio (which is nonstop cardio action), most of the exercises you do in sets of 3, 3 times. Then he gives you a 30 second break (I like to call it a 2 minute break). There is also a 'no crunches' ab dvd, which is also included on the ""pure Cardio"" dvd... a bit weird of them to act like they're giving you these 3 separate dvds, when due to the repetition of content you're really getting 1. Also there is a 25 minute ""fit test""...in which you do some of the Insanity exercises as fast as you can and track how many you could complete in the time alloted, so you can view your progress over time.<br />The starter workouts are usually about 45 minutes long... which means the actual workout time is only about 20 minutes (with the warm-up, stretching, and cool down comprising the other 25 minutes). In the advanced level, workouts are about 60 minutes long...which means you workout for about 40 minutes. That's a huge jump forward... the workouts virtually double in length even though there is only 15 minutes difference in overall time.<br />It's hard to get bored while doing these workouts. Boredom is something I feel when I'm uh....not about to die because I can't catch my breath and my muscles are screaming....yeah.<br />Included also is a calendar that has the recommended order for doing the workouts.<br />You don't use weights with these workouts, making them very practical for travel. You probably won't build bulky muscles, either...as high reps and no weights lead to a more toned physique and improves endurance. Don't be surprised if you can run a marathon after doing this for 60 days....or at least a 10k!<br />There is also a nutrition guide, which has some good ideas and tasty recipes. I don't have the money to eat the required 5 times a day though, or the time and tools to prepare meals like that consistently. I imagine if you followed it your results would mirror the ""before"" and ""after"" pics, since the diets for workouts like this are designed to work alongside the exercise.<br /><br />If you have a higher than normal heart rate for any reason, like from drinking too much coffee or taking stimulants... use caution and wear a heart rate monitor. If you feel chest pain, stop!!I'm 27 and got my heart rate up to 228 once because I wasn't watching my heart rate. My heart felt as though it would burst and I threw up all over the floor. I hope that wasn't an over-share... but overdoing it could really hurt if you're not careful.<br /><br />All in all, these DVDs are worth it if you decide beforehand that you will use them. With the bulky, book-like packaging this set doesn't make a very attractive bookend. I have no doubt it will benefit you and that your heart and body will both be in much better shape after you do these workouts daily for awhile."
B002QZ1RS6,AU1M3ZU6VOMAD,"Citrusstarburst ""meow""",0/0,5.0,1278892800,2010-07-12 00:00:00,Fun with a nutrition plan,"I really wanted something that was high cardio and this is it.  It's challenging, but not impossible and I can really see a difference in the inches that have melted off my body in just the first two weeks. I would recommend this to anyone that doesn't mind taking their time to get stronger and getting comfortable with the energy it takes to do the routine. The nutrition plan is great too in that you can choose your menu for the week and it's normal food, you know, nothing with super special ingredients that you have to spend a fortune on."
B002QZ1RS6,A3E4OABUGC2KP6,Drew Murray,2/2,5.0,1278979200,2010-07-13 00:00:00,Great Buy! Highly Suggest!,"If your determined and if you can push yourself to do this, then you will see results without a doubt. I'm past my first month and I'm loving it! I feel great after each work-out!"
B002QZ1RS6,A2VTK4ROMMSSL0,Totally Unsatisfied,9/45,1.0,1278979200,2010-07-13 00:00:00,"Defective Product, Unwilling to replace",Received the product in 10 days.  Product looks good but defective.  More than half of the DVDs do not work in the DVD player or computer.  Seller stated that he would replace but after more than 2 weeks had not replaced the defective product.  Will return half of emails about defective product.  Would not recommend.  Looking at a product I paid for that does not work.  Purchase at your own risk.
B002QZ1RS6,A8CHKR5H2HUX2,Jeremy T. Mahon,2/2,5.0,1279065600,2010-07-14 00:00:00,"Does what it says, so far.","This product is as advertised.  I am entering week 3 and would like to share some observations about the program.  First, it is not, by any means, an easy workout.  It is 40 min that will test your will to succeed.  In the first week my heart rate neared 190BPM, and burned a minimum of 800 calories, sometimes breaking 1100.  Just for reference, I am 6'2"" about 250 and in fairly good shape.  Just before starting the program I was doing a 40 min weight session, and 30 - 40 min of running five days a week.  Secondly, it can be a bit rough on the joints.  There is a significant amount of high impact, so if you have had joint issues, be sure to wear your brace.  Finally, it works.  It works very well.  In the first 2 weeks I have cut about 9 pounds, 3.5% body fat, and gained 2% muscle.  It is amazing to me how well it works.<br /><br />In short, if you really want to lean up, are very determined, and have 45min a day to spare, this is the best option I have found.I will follow up at the end of the program, and see if the results continue."
B002QZ1RS6,A792L15X9249S,jbro22,1/1,5.0,1279238400,2010-07-16 00:00:00,The Name Says it ALL!,"This workout will straight up kick ur butt!  I'm on week three, and my cardio fitness has exploded.  Shaun T is motivating and no where near as annoying as most fitness program hosts.  Just one warning, this is not a program for beginners.  You have to be in some form of fitness prior to starting.  I would suggest this program to anyone that works out regularly and wants that at home program that will get you shredded"
B002QZ1RS6,A2VRKOO0WP3K8D,InsanityGirl,4/4,5.0,1279324800,2010-07-17 00:00:00,Best Shape of my Life,"This is not your typical workout.  It really is the most difficult workout I have ever done.  I am in my last two weeks of insanity, and am literally in the best shape of my life!  The hardest part of the workout is sticking with it.  If you commit, you WILL be in the best shape of your life.  Please note that it is tough on your body, especially your knees, so I highly recommend wearing knee braces from the start, even if you don't have knee problems.  Since I started insanity I have lost inches and have toned all over.  It really is Insane!"
B002QZ1RS6,A1W41YQZ3BJ8V6,MeltingAway,1/1,4.0,1279497600,2010-07-19 00:00:00,Great workout.. maintain proper form.,"The exercises are intense. It's all that jumping around that really makes you feel the burn. It's not a special routine or anything, and your results depend on how hard you push yourself. You get what you work for.<br />If you are in really poor shape, this is NOT the workout for you. I have a history of knee issues, my joint slips out. But I still do intense exercises and just rest for a few days if it starts to flare up (my top orthopedic surgeon from Hopkins recommended it). I've been able to strengthen the joint that way. The first day I did this workout, I felt a pain in my knee. I stopped for a few minutes, then SLOWLY resumed. I realized that as long as I maintained PROPER FORM my knee was fine. It's easy to get wrapped up in trying to keep up with the group. But Shaun says several times in the video ""do not sacrifice proper form"" for speed. It helps to work out in front a mirror. I'm not saying anyone else with bad joints should try. Please don't! Save your joints for old age. If you do decide to try it, consult your physician. And remember.. keep proper form!!<br />I started the program less than 2 weeks ago, so I can't give any final results. I am combining this with a diet packed with fruits and vegetables. I have noticed that my clothes are starting to loosen up. I feel stronger, and have more energy. It will definitely whip you into shape."
B002QZ1RS6,A49QLO87053H1,mabatt,1/1,4.0,1279497600,2010-07-19 00:00:00,Beyond INSANE!!!,"This workout is beyond INSANE. The rest periods are short and the work periods are long. It really is great cardio, but I would not recommend going 100% effort on these work bouts. Being degreed in Exercise Science and Certified Performance Coach you have to understand a little science behind this training theory. Going 100% will help you gain more power output than fat loss. 75% effort should be your goal if you want more fat loss. If you are a cardio junky then go for it...balls to the wall! Overall, this video has great bodyweight circuits that you should just try to work on technique on your own. I don't recommend this video for anyone extremely over weight (needing to lose 50+ lbs) or with hip and knee issues. My favorite video is the upper body weight training. Awesome!"
B002QZ1RS6,A343UHYDS37QEG,ruby,14/58,1.0,1279584000,2010-07-20 00:00:00,Damaged products,"Two of the discs in this package do not work and it was advertised as ""new"" and the user said they had never used it. I wish people would not sell items that do not work."
B002QZ1RS6,A21F2R2EVKZQWX,"Sue bookworm ""Sue bookworm""",6/6,5.0,1279670400,2010-07-21 00:00:00,"Very hard, but well worth the effort","Okay, I admit it: my main reason for buying this was that I wanted to lose that extra fat around my mid section (and in some other areas, too).<br />And guess what? I did lose quite a lot of it! A great side effect is of course that your fitness level increases dramatically!<br />Make no mistake, in order for this to happen you really have to work out HARD. The workouts themselves are really advanced and I would not recommend them to someone who isn't at least moderately fit. Now, I thought that I was pretty fit when I started out but I still found it really hard to keep up, especially during the first two weeks. Some of the exercises I had to do more slowly; others, like the power push-ups in the Max workouts I still can do only three or so and then I have to do regular push-ups because I just don't have enough strength.<br />However, tomorrow is my last Max Insanity workout day and I think I will start over again and the next time around I might just conquer those power push-ups, too!<br />The nutrition guide is of course very helpful, however, I was already eating healthy foods to begin with and I already follow most of those guidelines anyway. They are totally right, however, when they say you must eat healthy and wholesome foods if you want to be able to get the full effects of these workouts. You can't do them by eating junk food.<br /><br />In my opinion Insanity is great for people who are willing to work out hard and who want to improve their general fitness level. I know I will keep doing Insanity in months (and hopefully years) to come, no longer six days a week, but 2-3 times per week and mixed up with my running and other workouts at the gym."
B002QZ1RS6,A2F7EFX1X968NO,Bk,1/1,5.0,1279843200,2010-07-23 00:00:00,Great Work out,"I bought this program and Shawn T is amazing, it is a real challenge, and harder than PX90 in my opinion.<br /><br />Word of caution...this is a true challenege, if you have knee problems, skip this, it isn't for you..."
B002QZ1RS6,A1PG1OQVJGX33E,"Kimberly Darwin ""Kimberly Darwin""",8/8,5.0,1279929600,2010-07-24 00:00:00,It will kick your butt,"I have been using these DVDs for 2 weeks now, and although the calendar claims you should work out 6 days out of 7, I find that hard.  The first week my calves hurt so hard that I could barely walk.  People were stopping me at work, and giving me their condolences because they recognized the ""insanity"" walk!  (note that the people who noticed this were all in killer shape).<br /><br />The videos are the most intense I've ever used, and I've stopped going to the gym at all since buying this program.  It is much easier to drag myself out of bed at 4am and turn on the TV than it is to get dressed and drive to the gym, so I am more inclined to work out when there's less effort involved in getting there.  This is fortunate, since you will need every stitch of extra effort just to complete the exercises.  However, at least the first half of the program is short, and once the warmup is done (yes, you will be dripping sweat just from that), and the stretch is done, there's really only 15-20 minutes of really intense exercise to endure.<br /><br />Like others have said, you should be in decent shape when you start this program.  There is a lot of jumping, a lot of push-ups, and you bend a whole lot to touch the ground at breakneck speed.  Shaun T is extremely influential, and the wide array of tight abs and buns on display by the workout crew is inspiring enough to keep me going.  The fact that Shaun T's workout crew also has to stop for breaks, just like I do, makes me feel less like a lazy, slovenly alien than I did with other, over-produced videos.<br /><br />Make sure you wear a heart-rate monitor every time, and pay attention to it.  Your body will tell you when you should just be jogging in place for a minute, and when to get back in the race with the crew.<br /><br />Because I am building so much muscle, I have not lost a single pound yet, but I have lost about 3 inches off my hips and an inch off of my waist.  As a horse owner, my horseback riding--which depends on core and thigh strength--has improved tenfold, so I know that it's working.  I actually look forward to working out now, because the results are worth the quick spurt of energy I expend every morning."
B002QZ1RS6,A3UH06EPZM8B6Z,Jadigidy,0/0,5.0,1280102400,2010-07-26 00:00:00,Buttkicker...,"My wife and I are only through the 1st month, and the program is wearing us out!  I guess I'll deduct a couple of stars if they kill me in month 2."
B002QZ1RS6,A1R3MRKS1QR604,"Bryce Flor ""bryce""",0/0,5.0,1280188800,2010-07-27 00:00:00,Great product. Fun and challenging. Perfect for the passionate and motivated.,"This is such a great workout. It's fun, challenging, and gives your body great results. I greatly recommend to anyone."
B002QZ1RS6,AZOA4JIASBUO4,dew100971,1/2,5.0,1280275200,2010-07-28 00:00:00,Insanity,"Insanity is an intense in-home workout series developed by Shaun T.  I've been on it for a month and can see/feel a big difference.  The main reason I got it was because I travel a lot with my job and it's hard to keep a solid work out routine with different gym hours and equipment in different places.  Carrying the DVDs and a DVD player with me allows me to keep up consistent work outs anywhere I go.  You do not need much space or any specialized equipment (e.g. pull up bars, weights, etc.).  It is hard at first ... even the warm ups kicked my butt, but if you stay with it you will continue to improve.  It is hard on the joints (knees and shoulders) especially if you don't keep your form correct on several of the moves, so don't try this if you have problems with either.  Ultimately, it is an intense, effective work out that goes where you go ... definitely worth the investment!"
B002QZ1RS6,A1WA16L14WCOBP,T. Naah,5/7,5.0,1280448000,2010-07-30 00:00:00,this is hardcore and worth every minute!,"not that i own every cardio dvd out there, but i do have a good collection.  by far, this is the most challenging workout dvd i own.  if you're serious about getting into shape, this is it. there is no 'filler-moves/minutes' in this dvd collection. every minute of the workout will kick your butt into shape.  NOW, DON'T BE INTIMIDATED BY ALL THE REVIEWS OF THIS BEING THE HARDEST WORKOUT EVER ON DVD.  yes, it is hard, but as long as you're in some sort of decent shape, you'll get through it and eventually become stronger each week (even the people in the dvds are taking breaks through out the workout).  if you can get through billy blank's ultimate-boot-camp, you can do 'insanity,' although this is much harder.  the first 10 minutes of the workout is the hardest, but once you get through that, you'll be able to finish the workout.  as for the instructor, shaun-t, he is great.  he is experienced and actually does a great job motivating you without being annoying.  as for the background music, (you have option to turn-off the music) it is actually motivating, not some annoying-wanna-be-club/dance music.  as for results, i started seeing myself literally shrink by the end of week 2.  not only did the pounds come off, but i saw how toned my body was getting each week.  my arms and abs now have definition (went through 3 pregnancies with 60 lb weigh gain each time).  i finished the 2 month program, and i still use the dvds (2-3 times a week) mixed in with my rotation of 'physique 57,' 'billy-blank's ultimate bootcamp,' and 'piloxing.'  so, get this if you're serious about getting into shape.....HAPPY 'INSANITY!!!'"
B002QZ1RS6,ACFUUOYP8AE7B,Elizabeth A. Stelz,2/3,4.0,1280707200,2010-08-02 00:00:00,Pushing me to the limits,"This workout is pushing me to the limits.  I am now 2 weeks into it and am starting to see core muscles that I didn't know I had.  That being said, I'm a 48 year old woman and, if I didn't already workout regularly, I wouldn't be able to do ""Insanity.""  Right now, I'm only getting through about 60-70% of the entire main workout without taking extra water breaks.  The workout takes your heart rate to the 85% limit for long stretches of time.  Don't try this workout without being in reasonable decent physical condition first.  This is not a ""I wanna lose weight and haven't worked out in a while..."" type workout.  I'm using it to get over a plateau that a reached while running and lifting weights.  Hopefully, I'll be able to finish the whole 60 days.  The only reason I'm rating it a 4 instead of a 5 is that I can't rate the whole workout yet."
B002QZ1RS6,A2M15T6O8WI0KY,S. Maki,0/0,5.0,1280793600,2010-08-03 00:00:00,Insanity is an understatement!!,"This is an awesome workout!  I would say it's a little more than insane to begin with, but once you get rolling, it's really a rush to see how you can transform yourself and really pretty much just whip yourself into shape in a short period of time."
B002QZ1RS6,A3GIF7VDDCQIVS,Christy,0/0,5.0,1280880000,2010-08-04 00:00:00,Kicked my Butt!,"This product is amazing. I am literally drenched in sweat within the first 5 minutes, and you can definitely feel the results the next day. I've tried out a lot of different workout videos ranging from Jillian Micheals to Crunch yoga, and I can definitely say that this one is my favorite. It's not easy, but it's definitely worth it."
B002QZ1RS6,ANUQGRG70ZM0N,Richard R Freeman,15/62,1.0,1280880000,2010-08-04 00:00:00,Good program poor quality dvd,Workout is great when the dvd will play.  Tried several of the  dvd's in three different players and they will not play smoothly in any of them.  Emailed the seller about exchange for new dvd's and get no return email back
B002QZ1RS6,A2OGYQXGN9K5LO,Maite Jerez,13/13,5.0,1281225600,2010-08-08 00:00:00,The savior for this post-partum body,"As a former gym employee and overall well-educated person in terms of fitness and nutrition, I always thought that once I gave birth, I would bounce right back.  WRONG!!!  I tried everything I used to do, which used to work, but the truth of the matter is that this body needed a SHOCK, and boy did Shaun T. deliver that.<br /><br />As I mentioned, I was a ""normal"" weight person when I got pregnant, not at the best I could be, but not at the worst, but when I stopped losing weight after those first two post-partum months, I started to get really frustrated, depressed, and discouraged.  I was in a rut.  I hated the gym, and I started seeing watching my food intake as a waste of time.  But I heard from a few co-workers about Insanity and gave it a shot.<br /><br />If I could personally hug and thank Shaun T, I would.  It's difficult, and I will say that you should already be used to some kind of exercise before starting; otherwise, it might prove too difficult and discourage you further, but if you have been hitting the gym and pounding the treadmill and all that and see nothing changing, this is the program for you.  It will shock your body and your metabolism and your muscles, show you that you are capable of more than you thought, and overall, keep you from abusing your body with junk.  After all, when you work THAT hard, you don't want to undo what you've done.  This is a great program for the body, but also for the mind.  Cravings, gone.  Hopelessness over body, gone.  Bad mood, gone.  I am still not where I want to be, but the results have been dramatic nevertheless.<br /><br />Again, I wouldn't recommend this for beginners to exercise and fitness or for anyone who is very overweight or has joint problems.  But, this is a lifesaver for those of you stuck in quicksand fighting to get results and seeing none and wasting your precious time pounding your head against the wall because you see no changes.<br /><br />P.S.  The nutrition plan is easy to follow, not expensive, and very satisfying.  I have a big appetite, and I was never hungry or grossed out; nor was it one of those plans that costs you hundreds every week in ingredients that are eccentric or hard to find and that you will use once and throw away when it spoils.<br /><br />I love Insanity. :-)"
B002QZ1RS6,A1324TDRQKACUU,Interaktiv,21/21,5.0,1281312000,2010-08-09 00:00:00,Being insane means to be able to change life,"First at all I like to say that I bought this DVD collection as an Import because I live in Germany and this product is not meant for the german market so far. I`ve read that some people have problems with playing the discs. So far I can say that I do not have these problems.<br />I`ve done Billy Blanks before and thought I can easily switch to Insanity - deffinetly not.<br />Insanity is a 60 day workout that is linked to maximum fitness results. I`m in week four now and have to say that this is really intense. Four weeks ago when I started this workout I knew that it would be intense, but I never thought that it would be such an incredible sweaty affair.<br />In month 1 you do workouts with a running time of 40 minutes. Actually these workouts are about 25 minutes, because you do stretching and have water breaks of 30 seconds. It is hard to believe that you can get in shape in 25 minutes, right? I can tell you that I burned 557kcal in 25 minutes. Shaun T says you can burn up to 1000kcal. I think this is deffinetly possible, especially when we think of the workouts in month two which have a running time of an hour. I`ve done the Pure cardio workout + Cardio abs today (week 4 day 1) and I burned 673kcal.<br />Talking about a diet: You can not take a diet! Please, don`t do this to your body. Your body needs a normal healthy nutrition to refuel energy. If you want to do a diet then you shouldn`t do Insanity. The right formula is to change nutrition. Eat right - feel right. The nutrition plan is a great opportunity to get some ideas of how to do that. In my opinion you do not need protein shakes! Instead of protein shakes I eat tuna and cottage cheese. Eat some eggs (not too many) and combine it with a fresh salad. Salads are always welcome.<br />Especially tuna has a huge amount of proteins! Furthermore I recommend oatmeal in the morning in combination with peach and milk. Eat some veggies and fruits among your meals. According to the Insanity nurtrition plan you should eat five meals a day. Sounds very complicated but it`s deffintely manageable.<br />So far (week 4 day 1) I lost about 10,4 lbs. I`m very happy about it but have to say that this workout is deffintely not for everybody. If you have knee issues you shouldn`t do this workout because you do a lot of jumps and a lot of other knee work. You will feel the change immediately but you will see the results at about week two. Your body needs to prepare for the great change so don`t be disappointed if you don`t see the ""great changes"" in three days. Your muscles will change too! You don`t need extra weights for this workout because you do a lot of push ups and you work your arms all the time.<br />You will feel very tired - that is absolutely normal! Please make sure to sleep enough because your body needs this rest to recover and to build muscles, furthermore you burn fat while you sleep.<br />Last thing: Please stay motivated! As I said before this workout is really intense, especially the first week is a hard drill. This is normal because your body gets confronted with unknown moves. You will always sweat like ;-)<br />As long as you focus on your mind and your will it`s gonna be okay. One important thing at all: Go at your own speed at your own pace. You are always allowed to take a break - do it.<br />Insanity is awesome!"
B002QZ1RS6,A28CVTCEESQEZX,sean08,0/0,4.0,1281312000,2010-08-09 00:00:00,trustworthy,The product was shipped quick and good condition.  I have had just one of the dvds that skipped during one of the videos.  I did not get with the seller as i was not worried about it so not his fault.  otherwise very pleased with the product and service.
B002QZ1RS6,A2T5IAVZOH50AZ,Rodeo mom,2/11,2.0,1281312000,2010-08-09 00:00:00,Poor Quality,"Recieved product in a timely manner, but some of the videos are messed up. some skip around like they were burned and some are scratchy. very disappointed!!!! Trying to save money didn't payoff for me...."
B002QZ1RS6,A2TOG85C4BPJBQ,Amazon Junkie,4/4,4.0,1281571200,2010-08-12 00:00:00,Great Workout...A couple of minor irritations-,"My fiance and I are 3 weeks in and have already seen substantial gains in our fit test scores.  I have lost about an inch off of my waist, but my fiance's progress has been a bit slower as of this review after doing the same workout each night and eating essentially the same diet.  I think that she will catch up by the end of the program though.<br /><br />The workouts themselves are intense and will challenge you to your breaking point and then some...but you get strong-and I mean crazy strong, really quickly...especially your core.  That being said, I find elements of the workouts to be just a bit repetitive at times, especially the stretching and warmup routines that are VERY similar on each dvd for the first 4 weeks of the program.  I would have enjoyed some variety in these from workout to workout to stretch my muscles in some different ways.<br /><br />The other thing that bugs me a little bit is that while Shaun T is challenging me to ""dig deeper"" and ""push"" during the DVDs, he often stops performing the exercises when things get particularly intense to go ""critique"" one of the other performer's form.  I realize that speaking while doing a workout is intense, but when I am struggling and feel my thighs on fire, it irritates me when he stops working out and starts walking around the room...It typically results in my yelling some unfriendly words to my onscreen fitness trainer during my workout.  This could just be me though :)<br /><br />Overall, this program has been great for us and I look forward to moving to P90x when we're done with this to build on the base we're making here."
B002QZ1RS6,A2C4FFJH841EI9,"Sean Lott ""Lau""",36/38,5.0,1281657600,2010-08-13 00:00:00,Absolutely LOVE IT!,"I actually purchased Insanity about 3 months ago but I am just now getting to leaving a review. A little about me. 36 years old, 6'2"" 215lbs. Lifetime athlete and I remained very fit until I had knee surgery in 2003. Followed with getting married and following that up with kids. Needless to say I began to put on weight after knee surgery in '03 because I was no longer playing ball and not being as active. In January of 2009 I topped out at 240lbs and just became totally sick of myself. I started eating better and started back running and lifting weights and got myself back into shape (down to 210lbs). By January of 2010 I became bored with the lifting and running routine and needed something new. I had eased back up to 222lbs but was still pretty fit. I saw the Insanity infomercials and was very intrigued. It reminded me of the hardcore plyometric exercises from high school athletics that made me want to vomit but also got me into shape real quick. I brought Insanity and here is what I think:<br /><br />  1) You have to be in shape to start this program! Period. A couch potato could not properly complete this program. It is very physically demanding and will push you to the limit. After the first two days I could not even bend over to tie my shoes. My legs felt as if Eddie and Charlie Murphy had beat them up because I ground my muddy shoes into Eddie's couch. You will be completely sore! The month one interval workout literally made my heart hurt the first time I did it. My heart was sore after that workout like a muscle would be. I dont have a monitor but it must have been near max on the BPM for most of the workout. I was totally wiped out early on by the workouts and I came in in pretty good shape. Your body does eventually adjust to the intensity but the workouts NEVER get easy. You suck wind and fall over on day one and you suck wind and fall over on day 60.<br /><br />  2) You have to know your body! One of my knees has been cut and the other probably could use some cleanup. Years of basketball have taken a toll on them. But guess what? I finished the program and have begun round two of Insanity. During the Recovery week I injured my lower back doing a supplemental weight lifting workout. It hindered my Insanity workouts for about 3 weeks. In fact I had to finally take a week off to heal up. But once I came back, it was all good! If you know your body, and I guess have no MAJOR impediments, you CAN do this workout. I know to start out kind of slow after the warm up is over and let my body have about 3 minutes to get acclimated to the intense movements. I know that if my knees are having a bad day dont dip all the way down on the squats or try for maximum air on the jumps. Its that easy. Work around any limitations your body may have.<br /><br />  3) You will get addicted if you take it seriously. Results come so fast with Insanity that you get addicted to it. By ""results"" I dont necessarily mean that dramatic weight loss is guaranteed. I really only ""lost"" 7lbs during the program. I mean your body changes QUICK!!!! Your stamina and strength gains are very noticeable just 2 weeks in. By a month in I felt 10 years younger and indestructable. And although I only lost 7lbs I look very different. People constantly tell me how much younger and skinnier I look. The weight you lose in Insanity is that ""good"" weight. Pure fat. My body has gotten so much more tapered because I know fat has been lost and muscle has been gained. So even though the workouts can be miserable, and often leave me balled over on the floor with sweat pouring off me and snot hanging off my nose, I cant get enough of them. Each time I do one I feel a little better. A little stronger.<br /><br />And let me say I am not even very strict with my diet. I pretty much eat reasonably but I in no way follow the diet plan. The fact that I can be so pleased with the results of a workout plan but have not really changed my lifestyle is phenomenal. I eat how I ate before. I actually spend less time working out than I did before. A trip to the gym use to be about 2hours and occured 4-5 days a week for me. Insanity is an hour and is 5-6 days a week for me. The Insanity workout is so efficient that you dont need to be in the gym two hours. In fact, the 59 minute Interval and 55 minute Plyo workouts in month two are pretty much the limit of ""normal"" non-Olympic athlete capabilities for a human in my opinion. Anything longer and a heart attack would be almost certain.<br /><br />Some people have complained about the length of the warm-up and stretching sessions in the workouts but I think they are totally necessary. For me, there is no way my knees and back could take that pounding without proper priming. I think Insanity is a lifetime type fitness program and not something faddish. If you are or were an athlete you have to appreciate the purity and simplicity of the movements in this program. You can tailor the workout routine to fit around weight lifting, running or athletic events. I have incorporated upper body weight lifting a couple of days a week recently because I will admit the program mostly focuses on legs, chest and shoulders. Pull ups, curls, dips and other upper body weight workouts are good supplements. One other note: The Cardio Abs routine is great! However, a friend let me borrow the Ab Ripper X DVD from P90X and I find that ab routine a little more challenging. There is a greater diversity of movements in the Ab Ripper routine and no down time. You get about 3 breaks in the Insanity ab routine. Both the Insanity and P90X ab DVD's are a little over 16 minutes and very effective. I would give the Insanity version 4.5 stars to P90X's 5 stars. But I absolutely LOVE this Insanity program and will continue it in some form or fashion as long as my body allows!"
B002QZ1RS6,A2UGAT7EDAL9IB,minty,1/1,5.0,1281657600,2010-08-13 00:00:00,worth every penny,i think the insanity workout is amazing. i have not been able to work out w/ this intensity since varsity sports in high school. it is an amazing workout that i can do and do again over the years to come. the best features about this workout are that it takes less than an hour and that you only need your body and a small space to do it.
B002QZ1RS6,ARX49VBDUH7AU,M. Cammarata,2/2,5.0,1281744000,2010-08-14 00:00:00,Wow...Insane!!!,"I'm only on the 3rd week, but this work out is incredible and extemely intense.  I do a lot of cathe workouts and I'm in good shape, but this takes you to the limit.  I'm almost in tears by the end of some of the workouts, and I'm gasping for breath!  Definitely not for the new exerciser, but it's a great challenge for people that are in great shape!"
B002QZ1RS6,A32BNLDKINUYNP,"Harut Arzumanyan ""thebe9st""",0/0,5.0,1281830400,2010-08-15 00:00:00,Really does work.,"This is a great concept and a great work out. As long as you work hard and truly do your best, no matter what your fitness level is, you will see improvement!"
B002QZ1RS6,A2F86QF9NKYZOH,grrldgr,1/1,4.0,1282003200,2010-08-17 00:00:00,I recommend it.,"It takes like 45 mins a CD and it makes you sweat. I did not complete this program, but I will someday. :( I liked that it included a nutrition book, and the case keeps everything neat. It came with a program poster so you can map your progress. Easy to understand, and if you don't eat correctly, it will be hard. I am a nutrtion nerd, so I could keep up, but it is exhausting and challenging."
B002QZ1RS6,A24U9DS46CRRGN,twryan,25/80,1.0,1282003200,2010-08-17 00:00:00,Horrible...,I received the DVDs and none of them worked.  I tried them on 3 different computers and 3 different DVD players.  I attempted to contact the seller and never heard back.  DO NOT PURCHASE ANYTHING FROM GINA FOR LESS!  You will be throwing your money away like I did.
B002QZ1RS6,A1RCYN6UURMX9,Fia'smom44,1/1,5.0,1282176000,2010-08-19 00:00:00,GREAT WORKOUT!,"This workout is awesome, but only for people who are already pretty in shape.  I would say this is for those people who don't have problems with their backs, knees or really anthing else and that just have a few stubborn pounds to lose and want to tone up.  It is really hard, I'm on my 4th week and it's still hard but it's getting a little easier and I love it. Haven't lost any weight on the scale yet, but clothes are definately fitting better."
B002QZ1RS6,A24V5AJC17INJ3,Doreen Vasquez,33/54,2.0,1282176000,2010-08-19 00:00:00,Not Impressed,"I purchased this for my hubby for fathers day as he really wanted to try it.  Afterall w/ it's bragging about getting a ""beach body"" in 60 days how could you not want it?!  I did it w/ him so that he would stay motivated. Well, we did it for 60 days and a beach body was not what we got.<br /><br />First let me say I just recently lost 20 pounds prior to this purchase.  So when I bought it I was at moderate weight, 5'2"" 119 lbs.  I was truly hoping to to drop a little bit more weight and tone my body.<br /><br />My husband and I stuck to the routines and eating plan.  We were literally dripping w/ sweat and out of breath after each exercise.  Within the 60 day time period, my poor hubby actually gained a pound and then lost it, putting him at the exact same weight he was when he started it... At the beginning I kept telling him it was because muscle was heavier than fat..but he did not gain any definition either so that soon became something that we could no longer believe.<br /><br />I did lose 5 pounds but I was able to lose 20 w/out the help of ""Insanity"" so I don't see that as an accomplishment.  I also did not gain any definition in my body.<br /><br />I wish I had returned the DVDs w/in the first 30 days; the product has a 30 day money back guarantee. However, I thought, well it probably takes the full 60 days to see results so we stuck it out.<br /><br />My recommendation is do not buy this.  If you do and you don't see any changes w/in the 30 day guarantee period then send it back for a refund.<br /><br />On the positive side, the workuts can be fun when you get used to them and Shaun T is very motivating and nice too look at. ;-)"
B002QZ1RS6,AQ6XRFAKNDF65,"Lisa Bushlack ""Kate's Mom""",2/3,5.0,1282435200,2010-08-22 00:00:00,Great for a busy mom!  I love it.,"Let's start with this - before having kids I was a gym rat with nothing but time to workout and socialize around the gym.  Flash forward 5 years.  My youngest is 3.5, I'm 10 pounds heavier then I'd like to be, and just have a hard time working getting to the gym into my schedule, and 40 is just around the corner.  Now I do Insanity after the kids go to bed, so late - like 10pm - but I do it!  It's hard but the first few dvd's are only 40 minutes give or take and they go really fast.  Before I know it there's only 12 minutes left!  I'm really, really pleased with the DVD's.  I've never stuck to DVD's before but I see no reason I'd bore of these.  Shaun T isn't annoying to listen to and the workouts vary.  So far I'm very pleased!"
B002QZ1RS6,A3EMUPXDBVUKM,Bassel Kelada,6/6,5.0,1282521600,2010-08-23 00:00:00,Insanity does not do this justice!!!!,"I'm a 36 year old male who was very athletic a few years ago.  I was playing tennis on a national and regional level and before that soccer on a national level.  Got a knee injury that put out of sports for about a year and ever since I've been piling on lots of weight.  6 months ago, I decided enough was enough and was able to shed 70 pounds and 6 inches off my waistline by being careful with what I eat and jogging quite a bit.  I jog about 4 or 5 miles every day and have been doing light weights for toning purposes.<br /><br />I got a little bored of jogging and going to the gym and needed some change.  I was getting a little complacent about working out when I thought I succeeded and I thought I was in good shape; that is until Insansity with Shaun T came long.  Insane is understatement.  I am going through my first week and have never been able to finish all the reps.  It is extremely tiring and does push you beyond your limits.  But the results are fast.  While I see no visible changes to my body yet, I feel much more energetic and stronger in the core after 4 or 5 days.  With the way I'm feeling, I'm sure the visual results will start appearing very soon although that is not entirely the purpose.<br /><br />I was a little worried when buying this because of the reviews that warned against knee problems.  I feel absolutely no pain, stiffness, or difficulty with my knee when exercising.  But thats just me.  It has obviously been an issue with others; the company warns people with knee problems before they start the routines.  As other reviewers have said, you gotta do your best and work at your own pace.  I don't even try to keep up with the folks on the video; I'll burn out and injure myself.  This is not for the light hearted, the lazy, or for those who think they will achieve results by working out at a reasonable rate.  You've got to really want to get in shape and work your butt off if you want this to work.  And most importantly, you've got to have the mental strength to put up with the pain, push yourself, and complete each day.  It never gets any easier.  And its that challenge that keeps me going.<br /><br />Highly recommended ... enjoy.<br /><br />BK"
B002QZ1RS6,A2LNTMBPUFHCPQ,BryanD,0/7,4.0,1282521600,2010-08-23 00:00:00,Insanity OK for Older Guys?,"I'm 49 years old. 5'10"" 180lbs. (no health issues)  I haven't worked out in a few years. Is Insanity too extreme for me to start up with?"
B002QZ1RS6,A367NA3E91WALB,krovira2801,2/2,5.0,1282608000,2010-08-24 00:00:00,The best workout ever!!!,"I bought this as a recommendation of a friend and although they tell you in it, ""It is the toughest workout you have ever done"" you don't understand how hard it is until you do it!!! plus it has the diet plan which is wonderful and not hard to follow at all!!!<br />I feel great and I totally recommend this DVD program."
B002QZ1RS6,ASSXE3630N1GF,Kevin T. Goddard,9/9,5.0,1282780800,2010-08-26 00:00:00,Insanity is an Insane workout,"This workout is truly insane. The warning at the beginning says to check with your doctor, ""We mean it!"" Then it warns you not to do this workout if you aren't already in shape! What?!? I went ahead and started the routine. I've taken a few days off here and there for business travel, vacation, aching knees (I'm 35, ok?), and late business nights where I've slept in the next morning, but all in all, I've kept at it completing the first 4 weeks of routine in 6 calendar weeks. I haven't lost any weight due to muscle being built, but I  have lost a couple of inches off my waist. Probably, I would lose a lot of weight if I followed the meal guide, but I continue to eat pretty much how I ate before and I've added in some extra protein shakes to my diet as well. So here is my final take on ""Insanity"": Buy this if you are serious about getting in shape; you are willing to work out for 40 minutes a day/6 days a week; and you don't mind joint and muscle aches and pains. I am going to repeat month 1 for now because I don't think my body can handle taking it to the next level with ""MAX"" workouts in month 2. Oh yeah, my 7 year old twin girls and my 9 year old daughter love these workouts. I'm drenched when I'm through and they complain about their feet being sweaty from their tennis shoes and then they run off to play soccer. Not fair."
B002QZ1RS6,A39S4G6FAMZSP1,insanity,10/49,1.0,1282953600,2010-08-28 00:00:00,Insanity,About Insanity Group<br />Insanity Group is committed to providing each customer with the highest standard of customer service.<br /><br />Insanity Group does not respond to customers. These DVD set despite the description they gave do not work. Unless they resolve the issue I would not buy from Insanity Group.<br /><br />Supposedly the program is great.
B002QZ1RS6,A1QJCZ5014V0AD,=paschal,0/1,5.0,1283040000,2010-08-29 00:00:00,This made my eyes sting with sweat!,This is the best workout EVER! (I have worked out to Tae Bo) If you want to find a system to make you push yourself harder than ever buy this program.If you want to hang on to excuses buy something else!
B002QZ1RS6,A2V8OR0RWPYXY5,"Thomas Laporte ""Dr. Tom LaPorte,  author of 1...",8/8,5.0,1283040000,2010-08-29 00:00:00,This Ain't No Dance Video,"Open the asylum. Shaun T's Insanity from Beachbody provides one of the most grueling cardio programs available. Shaun T. enjoys great popularity with his body shaping dance videos. Insanity is something altogether different. Hear me, this is not a weight loss program and it is NOT designed for the sedentary. Insanity's 60 day program builds endurance and strength for the serious athlete or the exercise enthusiast.<br /><br />The good news is once you buy the DVDs you do not need to purchase anything more to successfully complete the routines. A nutrition guide comes with program. I highly recommend you follow it to achieve maximum results. Other suggestions include: wear a good pair of cross trainer shoes, use an exercise mat and work out in a place where you can sweat profusely, as you will perspire like rain during the daily exercises.<br /><br />I've been reading reviews of the Insanity program from various sources. It's clear to me that like many things in life, you get what you put into it. I took a lot away from the 60 day challenge. I found this to be as mentally and physically challenging as anything I've ever encountered. Physically, I am now at a personal peak. Furthermore, I improved on my Fit Test at each two week interval and made significant gains from beginning to end.<br /><br />It wasn't a joy ride, though. I sustained minor injuries to my toe, hand, and wrist, as well as irritating my right knee. So many times I wanted to stop, not just the program overall, but actually stop mid-exercise. I wanted to throw up my hands and scream, ""Why am I torturing myself?"" Honestly, I can't tell you how I found the will in those moments to ""dig deeper,"" but somehow I did. However, I can unequivocally tell you I am thrilled I did. Now, not only do I feel good, but I know there is something inside of me that can go further and push harder."
B002QZ1RS6,A3FIY789DECXY7,Tethys,2/2,4.0,1283126400,2010-08-30 00:00:00,It's insane alright.,"No, I was not in awesome or even great shape when I started this, like most people who seem into this workout. And I should mention I am only on Week 3, but the results are AMAZING, already.<br />What I love about INSANITY is that I really feel like I have accomplished something at the end of each workout. I see the results in my body (I take a photo of myself at the beginning of each week as a reminder).<br />The important things to know are: 1) it's okay to modify the exercise (assuming you are familiar with the techniques) if you don't quite have the physical strength yet, 2) knowing some good breathing techniques will help you immensely, because this will really push you to the limit, 3) Go at your own pace, because whatever it is, it will still give you results, 4)you absolutely must be good to your body...no hard landings.<br />I see the most dramatic change so far in my core. Everything is stronger, tighter. I think you need to be able to do a boot camp style workout in order to be able to do this successfully. I took one at my local gym before starting this and I am really glad I did because this is way more intense.<br />In addition to the physical changes, I have to say there is an emotional boost to doing this. I feel awesome about how much I have improved already, and just how I am doing something that makes me really sweat.<br />My only, paltry gripe is that I wish the meal plan had some on the go style options, because I am a grad student and I have to eat on the go a lot."
B002QZ1RS6,A2AY00NOPHG3OL,Twinkle Toes,0/0,5.0,1283126400,2010-08-30 00:00:00,Awesome Purchase...,"What an amazing set of DVD workouts.  They are short and to the point.  5 lbs lost in 2 weeks, not too bad.  VERY happy with my purchase!"
B002QZ1RS6,AV3V1IMHRE97B,sun2008,7/7,5.0,1283299200,2010-09-01 00:00:00,"it does work, if followed conscientously..","i've been a runner for over 10 years, and wanted to add a little core and upper body strength for a change during this past winter, as i was mostly confined indoors. i have to be honest that i was already in pretty good shape, i'm not an ultra marathoner but would do a 15 mile run about once a week or every other week.  this program was horribly tough.  as a woman, my body actually skipped a cycle while i was doing it.  now that i've finished and eased up on it (use it mainly for maintenance purposes), my body has resumed its normal pre Shaun T cycles.<br /><br />the most difference i've seen is definitely in my upper arms/shoulders area.  coincidentally i was away from my husband for a few months while following this program for work reasons.  when he saw me he was actually taken aback and told me that my shoulders and upper arms are really pronounced.  i guess i couldn't tell the difference; i saw myself every day.  but he has since been inspired to be a Shaun T fan."
B002QZ1RS6,A2U851LVWKJY1Z,"Xiomara Perez ""butterfly""",1/1,5.0,1283299200,2010-09-01 00:00:00,Best Workout Ever!!!,"""Insane"" is an understatement when it comes to describe this workout.  Get ready to sweat and work every part of your body!!! First week is the hardest because you will be really sore.  I do recommend the recovery drink after the workout.  It does help with the sore muscles and you will feel better the next day after the workout.  Shaun T will keep you motivated.  Insanity is never boring! This workout will push you to the limit, but it will absolutely get you in good shape.  ""Dig deeper"" people!!!!!"
B002QZ1RS6,A13NLXB2VRA0F3,Jennifer,18/72,1.0,1283472000,2010-09-03 00:00:00,Insantiy,I bought the set and only 2 disc out of the 11 would even play.  So I was unable to do the work out at all.
B002QZ1RS6,A1R5G9E4057PDS,spellbinder,4/4,5.0,1283558400,2010-09-04 00:00:00,truly as advertised - but you can do it!,"This is not a joke program. These are high school athlete/military style workouts. Very basic. Jumping jacks, running, pushups, squats, with some basketball and football moves thrown in. I love jumping so that is actually fun for me. I have even learned not to mind pushups so much which I detested before. You will break a sweat in the first five minutes. You feel good but tired afterwards. It feels like you ran 10 miles - but the beauty is, you did it in 35-40 minutes! However, I want to reassure people - this is do-able. Even if you are in slightly-below-average shape, you can do it, but you just have to be gentle with yourself, take breaks to breathe and drink, watch your heart rate, and take rest days when it becomes too much. I do as much as I can and I don't stress about it. I haven't lost any weight which was kind of disappointing but the toning of my core and the muscle definition in my legs was pretty dramatic. However I also did not push the program in the way you are supposed to; I just could not manage it with my work schedule and responsibilities at home. I am happy with it and it is my fitness tape of choice. I think it is less entertaining than Chalene Johnson's stuff so I am probably going to start intermingling Insanity with the advanced Turbo Jam tapes to keep myself motivated to work out consistently. I haven't bought Chalean Extreme yet but I can imagine that it might be a good mix also."
B002QZ1RS6,A179ZJV5GJGGAD,momma of 4,0/0,5.0,1283731200,2010-09-06 00:00:00,Best purchase I've made in a long time!,"I'm overweight and was sick and tired of being so FAT. I was watching t.v. late at night and saw the spot on Insanity. I thought, ""why not, this just might be what I am looking for"". I purchased it on the spot having not watched the whole program. I am so glad that I did just that! Insanity has kicked my butt every single day....however it has been the best thing I could have done for myself. It's dang hard and might even make you cry, but if you can push through it it will make you happier then ever. I'm two and a half weeks into the program and have lost weight but more importantly it's changing my shape. My dreams are becoming a reality. Thanks to Shaun T and insanity. I couldn't be happier than I am now with purchasing insanity. It's the best kick your butt workout ever!!!"
B002QZ1RS6,A2O9IZ9G4Q7T1G,T.J.,5/5,5.0,1283990400,2010-09-09 00:00:00,Best Fitness Regimen Since Two A Days!,"This will kick your a$$.  That's a warning given not just by me, but by the makers of the product.<br /><br />I did the cycle, lost 12 lbs, and felt amazing.  After a short hiatus, I will be doing it again.  The exercises are well thought out, and the interval training is intense.  YOU WILL GET RESULTS with this, but you have to be smart, diligent, and try to eat well the entire time.<br /><br />I would recommend this to anyone trying to get in shape or take their cardio training to an entirely new level."
B002QZ1RS6,ALXQQBF512QXW,Adri_Merc,8/40,1.0,1283990400,2010-09-09 00:00:00,Total disappointment,"i bought from this seller thinking i would get my money's worth because of all the good reviews i read. Well I was wrong. first of all, none of the DVDs played in my computer which was a total let down because I've never had this problem before with my computer. second of all, one of the DVDs doesn't even have the right content. It has the right name of the work out written on the outside of the DVD but when you play it it has a different workout, so i have the same work out twice. i contacted the seller a couple of times and he told me that he would send me the DVD with the right content in it. it's been three moths since then and i still haven't received my DVD. I would like to know where the loyalty to their buyers is? i payed so much money for basically a bunch of trash. i do not recommend this seller, and i would definitely not buy from them again. Beware what you order from this seller."
B002QZ1RS6,A3H3J6J99031TV,Stacey,1/1,5.0,1284336000,2010-09-13 00:00:00,Insanity Rocks!!,"I started doing Insanity almost a month ago and let me tell you, I can see a huge difference in muscle tone and endurance. This workout truly pushes you to your max and when you finish you will be sweating and feel accomplished. This program is very intense and not for beginners. If you have not worked out in a long time then this is not the workout to start with. The participants in the video also have to stop and take breaks. The workout is 6 days a week with one day for recovery by stretching.<br /><br />So what you get is Shaun T who is quite motivating pushing you to do the exercises. One thing, if you have bad knees or a bad back this is not the workout that needs to be done. There is a lot of jumping and sudden movements in the videos which will cause heavy impact on joints.<br /><br />Next week I have my recovery week and then go into the hour long Insanity. So far in the last month I have lost 8 pounds and my clothes are becoming looser."
B002QZ1RS6,A1QAC7KVSG848E,Andy Hernandez,2/3,5.0,1284508800,2010-09-15 00:00:00,"Fat blasting, heart pumping, are you ready!","Hi All,<br /><br />I'm an independent Beachbody Coach, INSANITY enthusiast, and 13 days away from my P90X graduation.<br /><br />INSANITY is a great program, not for the light at heart. They repeatedly warn people of the possible stresses and injuries that may be incurred while participating in this fitness program. With that said, it is probably the best weight/fat loss program put to DVD.<br /><br />The moves are varied, but simple enough that you can replicate them. The training consists of jumps, squats, running in place, plank, low-plank, and C-sit positions. I really like the emphasis on the core and the lower back and abdominal strength you will acquire over the 60 days.<br /><br />Don't worry about not being able to finish a certain routine. Even Shaun T has to take breaks! Just try your best and you will see great results. There is no equipment necessary other than a heartrate monitor. The workouts range from 39 minutes to 58 minutes depending on the DVD and phase you are in.<br /><br />I like this meal plan because it is simple, easy to follow, and gives suggestions for in between meal snacks. You will be consuming a lot of calories, but it is assumed that you burn over 600 per session of INSANITY.<br /><br />You want lean 6-pack action with little startup investment, then this program is for you!<br /><br />I have written a nice comparison to P90X on my blog if you are interested in reading more about them.[...]<br /><br />If you need help, encouragement, convincing, or a coach, feel free to contact me via [...]<br /><br />Dig Deeper!<br /><br />Andy"
B002QZ1RS6,A244MKOACYJMOL,"Drive-By Reviewer ""Drive-By""",10/30,2.0,1284508800,2010-09-15 00:00:00,Ugh.,"I am not really overweight, but not in great shape either. The problem I have with these videos is 1) The warmup is 20 minutes long and will wear you out before you can do the actual workout.<br />2) There is no upper body included in the warmups so when you are spent, you've only done legs and cardio.<br />3) Even if I could do the full 40 minutes, I do not look forward to taking that much time from my day to get a workout.<br /><br />There are better programs that can whip you into shape in less time. If you are finishing these workouts, you are already in good shape. As others have mentioned, people in the class on the video are dropping out during the warmup phase.<br /><br />On a positive note, the production value is outstanding. Shaun T is motivational, and not annoying to listen to. The music is not your typical electronic repetitive rhythm, but it's more of an orchestral Rocky-type soundtrack, which is great.<br /><br />However, if you are looking to do a workout that only takes about 20 minutes and will really work your muscles and cardio, I recommend: <a href=""http://www.amazon.com/gp/product/B00127RAJY"">Jillian Michaels - 30 Day Shred</a> The production value is much lower, and I have to turn the volume down so I don't have to listen to her, but I just play my own music on the stereo."
B002QZ1RS6,ALGSY857LFRMQ,Jen,1/2,5.0,1284595200,2010-09-16 00:00:00,Awesome!,"I thought I was in decent shape, but insanity kicked my tail. I've seen a huge improvement so far and I am three weeks in. Shaun T is an excellent fitness instructor and keeps you motivated the entire time. If you are looking to change up your routine and have a challenge, I recommend Insanity. Just remember, do not give up so quick because it gets easier as the days go by and you will start to see results. My husband and I have. The best part is we can do it all at home without the expense of a gym, weights or equipment."
B002QZ1RS6,ABUG35LEQ2ARE,"Dirt Dog ""Slap D""",8/10,5.0,1284681600,2010-09-17 00:00:00,Devastating....at first....,"If you are in ok shape or just starting out, DO NOT get this program.  I was a 5 day a week powerlifter while also mixing in jogging and cycling for cardio.  I thought I was in really good shape.  Then I got Insanity and everything was turned upside down.<br /><br />This program is intense...no other way to state it. I heard that it was intense before I got it, but you can't understand until you experience it.  I will say again...this program is INTENSE.  After about two days into the program I could feel my body reacting.  They say this may be the hardest workout ever put on dvd, and I agree.  I now do P90X on my days off from insanity because it doesn't even feel like a workout anymore.  For the first week even trying to sit down to use the bathroom was painful because my legs were so obliterated.<br /><br />I see all these infomercials about ab rockers, total fitness (sorry Chuck Norris)machines, shake weights (really???  stand there and shake a weight??  no thanks)...and all these claims that you can get miraculous results with minimal time and effort.  Well if you buy into that notion you should not get insanity.  With this program you need about an hour a day and MAXIMUM effort.  Your body (and your significant other...when they look at your body..) will thank you.<br /><br />The only negative I can say about this program is that for some of the exercises you need a fairly high ceiling, especially if you are a taller person.  There are a lot of jumping exercises with your arm extended upwards.  My ceiling isnt high enough for that...but it's an easy adjustment, just don't reach up as high.  This program is worth the price ten fold.<br /><br />If you have knee or shoulder problems this is not for you."
B002QZ1RS6,A7TMPKQOLQOOF,David Devaleria,6/6,5.0,1284768000,2010-09-18 00:00:00,"This workout is ""da bomb""","I am 55 years old and have done Beachbody's P90X about three times and P90X plus about three times.  Like many fans of their DVDs I was psyched to try this one as well.  The first week I tried Insanity I think I threw up twice.  P90X Plyometrics is a day off compared to this workout series.  After my 60 days were up I felt like I could climb Everest.  This is pure, flat out cardio and plyometric floor work with no weights and few breaks.  Make no mistake about it, this is one tough workout.  If you are looking for a good next step after P90X or a cardio program to interleave with your weight training and are in pretty good shape I highly recommend this one.  Although you will be taking plenty of breaks the first few weeks, I noticed that after doing it for several months as part of my weight rotation, I could make it all the way through without a break.  I bought this program for my sister and my girlfriend because they were afraid that weight training would cause them to bulk up and they swear by it.  If you are into lifting you will find you will lose some muscle mass in the 60 day program and may, if you continue with it, want to work it into some kind of weight training.  There is a 13 disk expanded version that includes an upper body weight training DVD that is pretty great as well.  Shaun T is a very good trainer and will yell at you as opposed to Tony Horton who cuts you more slack.  The cast is good as well and there is no hiding the fact that the workouts are kicking their butts.  Get through this workout series and you will have major bragging rights."
B002QZ1RS6,A3S1ADPPNJDGK7,Heather M,8/8,5.0,1284768000,2010-09-18 00:00:00,You CAN do this even if you're not in great shape,"I cannot say enough good things about this wonderful workout!!! After just a few workouts, I already feel stronger in my core and I feel my body changing rapidly.<br /><br />I am recovering from a long bout of illness and started exercising about 3 months ago. I'm 45 pounds overweight and I'm not in amazing shape. I was worried about some of the reviews that said you need to already be in great shape to do this workout. That is absolutely NOT true. Yes you do need some level of fitness. If you are a total couch potato don't start with this one. But if you are doing moderate exercise, you can do it. I've been walking and taking ballroom dance class once a week, so it's not like I've been doing anything high intensity. I do have to take extra breaks. I have to modify and do smaller jumps on many exercises and at times I scare my small children with my grunting and yelling but I get through it.<br /><br />It is really safe. He knows how to structure a workout properly so you warm up really well, not just a hurry up couple minute warm up. Then he does a GOOD long stretch to fully stretch you. When you do the intervals, you move up in intensity each time you go through a series of exercises so it's gradual, but you are panting from the get go.<br /><br />YOU WILL SWEAT! This is the only workout DVD I've tried where I'm dripping sweat in a short period of time. And I've tried lots of them! You have to be able to shower right after because it will look like you got doused with water when you're done.<br /><br />He is so motivating and the way the workout is structured you don't get bored. I start thinking about peeling wallpaper with nearly every workout DVD I have after a little while. These workouts are so challenging and they really require you to focus on form and what you're doing, so you can't zone out.<br /><br />You see the people on the workout taking breaks so you don't feel like a loser when you have to stop and catch your breath.<br /><br />The diet program is great too. It's really similar to the Zone, but with a bit more carbs. I have food allergies and there is a complete food substitution list, so you can do the diet easily even if you can't eat dairy, wheat or whatever. I've been tracking my calories with the Bodybugg but been unsuccessful for the past 6 weeks of a plateau. On the Insanity diet, I'm full and not hungry at all but I'm eating way less calories. I lost a pound after only 3 workouts!"
B002QZ1RS6,AZYNN6QMXNH3C,Shae,6/6,5.0,1284854400,2010-09-19 00:00:00,High Quality Materials and Program,"This work-out product is both effective and incredibly well designed. Not only does the system itself deliver everything it promises (as long as you do YOUR part) it comes with some of the most beautiful and well organized materials I have ever seen.<br /><br />The case looks like an expensive coffee table book , complete with large faux pages covered in beautiful glossy photos of the exercises. These double as very clever section dividers to the disks. A  sturdy pocket in the back of the ""book"" houses your calendar, fitness test card, recipe book and nutritional guide.<br /><br />All this flash isn't required for a great exercise program, but since the program itself is exceptional, it is a nice bonus that the production quality and materials hold up to the same standard."
B002QZ1RS6,A19YTMO6FCW685,Lo,24/25,5.0,1284940800,2010-09-20 00:00:00,Best use of your workout time,"I will keep this short and sweet. Insanity is the BEST cardio, strength, and endurance workout I have tried by far.  This workout is incredibly difficult and is designed to push you to your personal limits.  You will sweat like you never have before and your muscles will burn like they never have before...two things that often do not happen in the same workout.<br /><br />About myself: I am a 25 year old woman in good shape who did not desire to get ""buff."" I wanted a great workout to make me sweat and get me TONED.  Insanity's intensity will allow you to burn fat and get toned.  I honestly didn't think I had much weight to lose and thought I was pretty fit and toned starting out, but this workout changed my body in ways I was not expecting.  In fact, I quit my gym!  (And I used to go to my gym 5+ times a week!)<br /><br />Pros:<br />- Excellent cardio workout<br />- Excellent strength and muscle toning workout<br />- Variety of DVDs in the package to choose from (you won't get bored)<br />- Don't have to drive (or pay for a gym membership)<br />- Time saving (most workouts are only 40 minutes)<br />- Package has two ""rest"" workouts for days when you do not feel up to it...(these are harder than most normal workouts!)<br />- Can complete in a very small space<br />- Can complete a 60 day program for maximum results or simply do the workouts when you have time<br />- No equipment necessary<br /><br />Cons: (Hard because I really believe this is the best workout DVD collection out there)<br />- Takes motivation to complete<br />- Extremely difficult (not best for beginners)<br />- Lots of plyometrics (jumping) that may cause injury without proper warmup<br /><br />In short, please believe me. This is the best workout I have EVER done.  I have tried Body by Jake, Jackie Warner, Jillian Michaels (all of the DVDs), and pretty much everything on Time Warner On Demand.  This is the real deal.  Do yourself a favor and try it.  You will not be sorry!"
B002QZ1RS6,A1PC8LAXJ5G51Q,A. Danysh,1/1,5.0,1285027200,2010-09-21 00:00:00,Great Workout,This workout is definitely everything it's hyped up to be...insanity.  My wife and I have been completing the workouts day by day and we're still hanging in there after 3 weeks.  I highly recommend this product if you're healthy enough and able to stretch properly before and after each workout.
B002QZ1RS6,A2TV85FPOSVJQI,Meedakin,2/2,5.0,1285113600,2010-09-22 00:00:00,Insanity is right,"I've been into fitness for most of my life, but this series really takes it to a new level.  If you're looking to get into shape before you buy it, my advice is to keep jumping in the air, running in place, and doing squat thrusts.  Then you'll be ready, but the first week will still hurt!  After that your muscles adjust, and you really do see improvement.  I recommend also buying a heart rate monitor so you can see your calorie burn.  Some people can burn 700 calories, I'm a smurf so I only burn 300 per session.  Reality check!"
B002QZ1RS6,ADEGKCX8FDM37,kiddie55,0/4,5.0,1285113600,2010-09-22 00:00:00,Insanity,"I really enjoyed this workout. I dont really follow the directions, but it def. spices up the workout rotine and works muscles I didnt realize needed working!"
B002QZ1RS6,A1FE268XNSLV6K,Tall Tee Lee,0/0,5.0,1285200000,2010-09-23 00:00:00,Great if you got good knees,"Great video, workouts are challanging and if you have bad knees you will be hurting, i do, i did it, i moved at my own pace, i still got good scores on my test. it works very well. the only problem i have is they dont give you enough recovery time. so your still sore as a dickens for a week and expcted to workout again the next day. but if you can handle it, stick with it, it will work. good luck. oh! and the video tells yo that if you have bad knees dont do it befor the excersises start."
B002QZ1RS6,A1S0ZKWMV29XRP,chocolate,0/2,4.0,1285459200,2010-09-26 00:00:00,insanity,"I love the work out, I haven't been through all the DVD's yet. One of the DVD's does seem to be scratched though, I continuously stops and waits a minute before restarting.  This is very annoying, but I do love the workout. It kicks my butt every time."
B002QZ1RS6,A12D8L4WXYW2GJ,Kumaran,2/2,5.0,1285545600,2010-09-27 00:00:00,One suggestion for potential buyers,The beach body site offers an option for $9.99 that if any of the dvd gets damaged they will replace that particular one. I am not sure if amazon offers that feature.
B002QZ1RS6,A3MFGWNOSJS8Q1,NEG,4/23,2.0,1285545600,2010-09-27 00:00:00,Insanity,This dvd selection and workout is not for everyone.  It is very hard and very fast paced.  Even some of the people demonstating the video could not complete the workout.  They focus on repetition as fast as possible.  This doesn't make sense to me because I have always been taught to focus on form so that you don't get hurt. There is no way to keep your form in these workouts.  Very expensive!
B002QZ1RS6,A1HALAGIB8SREE,C.G.S.,1/1,4.0,1285632000,2010-09-28 00:00:00,"Very Intense, Love it!!!!","Very intense, no nonsense 60-day workout program. Being a 2 time P90X graduate, I hate running and I wanted to lose some more body fat, thus I needed to do more cardio. Like P90X, Insanity fits my needs perfectly. I can do everything from home, on my own time and Shaun T keeps you motivated. I'm currently doing a P90X\Insanity hybrid, P90X 3 times a week and Insanity twice a week. My only complaint about Insanity is that the warmup part of it is kind of long, so much that it's necessary for me to stretch even before I do the warmup. Also, some of the routines in the DVD's are kind of repetitive. Program definitely is geared towards the more advanced exercise enthusiasts, though you can of course always modify. All in all, you will find that this is an exceptionally challenging, high intense cardio calorie burning program. You will sweat buckets and you will see results if you stick with it, just start out slow if necessary at first and take extra breaks."
B002QZ1RS6,A3OVY1RN145NIY,Jacob Stambaugh,10/10,5.0,1285718400,2010-09-29 00:00:00,A Good Workout for the Motivated,"This is an excellent workout, as long as you are motivated. Of course, that goes for any exercise! There is enough variation from day to day that it doesn't get too old, and by the time it DOEs (about the 4th week) the workout adds new videos anyways, and so everything changes.<br /><br />Pros: Can be done at home, with NO needed accessories (except maybe a pad or carpet for when doing ab exercises). They are relatively short, can be done any time throughout the day, and as long as one tries throughout the video, one will be tired at the end of it. I am only on week 4 as of now, and I can run circles around the ""3-weeks ago me"".<br />Also:<br /><br />1. With the videos, it is easy to start the workout before you can talk yourself out of it.<br /><br />2. You can also turn the music off, and play your own classical or country or whatever motivates you. Personally, I kept the music that they gave, as it  wasn't too bad.<br /><br />3.They also have a nutrition booklet, which I suppose is a pro if you use it. I am too lazy to spend the time figuring that all out, and figure I eat all right as it is.<br /><br />4. If you don't do the videos in order, or just plain skip one because you're too busy, the workout is built so that each day is (essentially) everything. While there are different focuses for each video, each workout will work all your muscles no matter what, so missing a day will not leave some muscles behind.<br /><br />Cons: The calendar that comes with the workout is a little confusing, as they don't label the videos correctly on a few days. But after a little process of elimination, that's easily solved.<br /><br />Also, for those of you with bad knees or feet, this is probably not the video for you. There is a lot of jumping and knee lifting.<br /><br />So: If you are the type of person who doesn't mind exercise, but wants to get in shape REALLY fast, I can recommend this video. I am currently getting ready for boot camp, and needed something that I could stick with easily (the do it from home part) but still push me to my limits. I feel confidant that by the time I leave, I will be ahead of many of my peers. I am not even at the halfway point and I can say this. For me, it was worth the 100 bucks--what you might spend on a gym that you only go to whenever you get around to it. However, if you are not in very good shape, going to the gym for a while or simply walking or running in the morning may be a good thing to do before starting this, as it...well...insane."
B002QZ1RS6,A2R6367Q43B4NJ,"Mark ""Mark""",23/26,3.0,1285891200,2010-10-01 00:00:00,Finished today,"First point...If you are deciding between P90x and this go for P90x. I've done p90x a few times with great results and this workout mixed with P90x is fun too. That's why i'm giving it 3 stars. I'm not going to give a 4 or 5 star rating just because the workouts kicked my butt. If you are looking for something different and liked P90x then make the call....if you don't like push ups and plyo you better keep on looking.<br /><br />I just finished the complete workout for the first time following the calendar exactly. The 2nd month workouts are hard and long...I really never felt like I recovered. By the end of each week in month 2 I was wasted. Always hungry and always tired. I was already in pretty good shape so could keep up but felt like the intensity was so high (in month 2) that by the end of the week I was suffering more than moving forward. I also gained weight and lost muscle mass in my arms and abs that I had gained in P90x. I did thicken up in my chest from the daily round of push ups and made some gains in my legs from the plyo.<br /><br />If you like push ups, jumping, and BB drills then this set is for you. Don't come back and review until you've done it all....not just the first couple of weeks (there easy)....Also if you have a busy schedule then it will be tough to do these workouts and work a 8-10 hour a day job....unless you get paid to eat and sleep."
B002QZ1RS6,A1MAKGYFY93A9J,Lovey6010,11/11,5.0,1286841600,2010-10-12 00:00:00,DIG DEEPER!,"If you throw up, you're doing it right. LOL. AMAZING program! 10 lbs in first 8 days! VERY intense! You'll laugh, you'll cry, you'll trim ur back side!"
B002QZ1RS6,A109TIAVYGNA91,MissAlx,4/4,5.0,1286928000,2010-10-13 00:00:00,love it!,"I'm officially obsessed! One of the best at home workouts out there. If you workout from home a lot like I do (the Firm, the Jillian, etc) then this is the next step for you when all of those DVDs are getting way too easy."
B002QZ1RS6,A19JZ79PJLFL21,"Paul D. Singleton ""Men's Minister - Hardcore ...",6/6,5.0,1287273600,2010-10-17 00:00:00,Amazing,"I started the program on Sept 20th and while I have not lost the weight I though I would, I've lost more inches then I could have imagined. Four inches in less than a month. If you are looking for a workout that will push your limits and leave you gasping for breath, but cause you to feel stronger, more alive, and more active, this is the one. Not good for you if you have never worked out, but if it's been a few years and you need a sharp kick in the rear, Shawn T will give it to you."
B002QZ1RS6,A2JZG3NM6BUVQQ,Wayne,7/39,1.0,1287532800,2010-10-20 00:00:00,No CD's!,"I just received my Insanity package (ordered through Amazon), opened it up and there are no CD's!!!!!!!!!!!!<br /><br />What a waste of time.  Obviously no quality control program for who packages this together.  Duh."
B002QZ1RS6,A12XQC7X7PSABR,cauzeone,0/2,5.0,1288051200,2010-10-26 00:00:00,Great,Showed up in the condition that the seller stated it was in. Could not be happier.
B002QZ1RS6,A177DQ9LXYA33N,Ginnie,0/0,5.0,1288396800,2010-10-30 00:00:00,Excellent,"Really enjoying this workout.  This is my first time to do a DVD workout, and I was worried I wouldn't get much out of it.  After 3 weeks, people are noticing a difference in how I look.  Just ran a half marathon, and due to my improved cardiovascular state, was able to take 5 minutes off my PR.  I wish I was better about following the diet plan, that would probably really drop the pounds.  But as it is, I am definitely more toned and have improved stamina.  Terrific!"
B002QZ1RS6,A31494DYNN4BGM,J. Fields,2/2,5.0,1288656000,2010-11-02 00:00:00,"Nice, Fast Pace With A Great Overall Plan","After completing P90X, I decided to try Insanity.  These two programs are probably by far the best DVD workout programs on the market.  The biggest difference I have noticed is that Insanity is done at a much faster pace.  There are breaks after every four or six workouts like in P90X, but the big difference is that Shaun T doesn't TALK for 15-30 seconds between each workout.  It's a non-stop thing, and you have to pick it up on the fly.  That might make for a short learning curve the first time through, but it also makes for a MUCH better cardiovascular workout than P90X.  I like the difference though.  Insanity is great for cutting weight and improving cardiovascular performance, while its sister product, P90X, can build a little muscle.<br /><br />This workout gets a 5 from me though.  It is well thought out with different techniques and a much more random schedule than P90X.  I wish I could write a review for both at once rather than compare them here, but I think most people wanting a review on Insanity would either be familiar with P90X or be comparing it to P90X before making a purchase.  I bought mine on eBay though - $70-80 over there for the full box with 13 DVDs, eating guide, and schedule/fit test tracker vs $140+ from Amazon right now."
B002QZ1RS6,AM9BLDHHFLZ4R,Ashleigh Holt,1/1,4.0,1288742400,2010-11-03 00:00:00,Great product,"This item was exactly as promised. Came in original packaging and included everything as promised, such as wall calendar and bonus dvds. We've been doing this workout for almost a month now and the results have been amazing!!<br />The shipping did take wayyy longer than expected which was somewhat disappointing because we wanted to get started asap. However, once it got here we've been very pleased (and sore!)"
B002QZ1RS6,A2CI63T2JAHFNH,ACoppock,0/0,5.0,1288828800,2010-11-04 00:00:00,Insanity,"Love this DVD series.  It's tough, but it keeps you engaged and really challenges you to work hard.  I really like the variety.  If you stick with it, it really gets you in shape!"
B002QZ1RS6,A5BA87JFP4IWV,marathon chic,0/0,5.0,1288828800,2010-11-04 00:00:00,totally insane!,"I couldn't be happier with this product! i have had such amazing results with it. i wish i would have known about this sooner! I'm almost done with my 60 days...one week left and i have lost 15 lbs and i don't even know how many inches total yet...but at least 3 pants sizes! my next purchase is going to be hip hop abs...i love Shaun T! all i can say is: ""order it! you won't regret it!"""
B002QZ1RS6,A3J23GW8FNISGJ,MichaelM,19/20,5.0,1289001600,2010-11-06 00:00:00,First program that worked for me,"I've struggled my whole life to find an exercise program that actually improved my fitness but at the same time improved how I looked. I've joined gyms but lost interest when I got bored. I've bought a few different exercise devices, including expensive cross trainers and bikes. None of them did much, even though I would stick with them for years. I think one big problem is that the time commitment was vague. I would go to the gym, but toward what goal? Losing inches? Losing weight? Gaining inches? Insanity is great because it is a commitment of 60 days. Then you either see results or don't.<br /><br />Insanity is the first program that has worked for me. I've lost fat and gained muscle.<br /><br />There are many great things about the program. Here are a few:<br /><br />The program includes a list of foods that are going to help you achieve your goals of looking better. The foods are on tiers, basically lists. Avocados, bananas and blueberries are tier 1, meaning really good for you. But there are one hundred more, including meats, carbs, etc. on tier 1. I've eaten more bananas in the past 40 days than in my whole life. Oh...and by the way, for the first time in my life I am drinking no soda-because the program is only 60 days, I told myself I was going to make this commitment. So just try to find foods and snacks that are on tier 1 or Tier 2. Tier 2, are foods that are good for you. Tier 3 are foods that are sort of neutral, and then tiers 4 and 5 are foods you should stay away from. Important is that it is all really simple, and that some things, like yogurt, are good for you if they are low fat, no sugar, etc. But are not if they have these things. Sweet potatoes are good. Regular potatoes not. It's a quick way to make sure you are eating the right stuff. If you eat junk, no amount of exercise is going to get you where you want to be.<br /><br />The program can be a lifetime commitment, but...it's really just sixty days. I'm at day 40 and I have seen really good, almost amazing results. So, instead of some vague, ""I'm going to go to the gym more"" promise. You commit to 60 days and do it. Tell your friends, family, work, whatever, that sorry...I can't do X thing today, I've got to work out. Or sure, I'll go on that trip, but I need an hour a day to do this routine.<br /><br />The program is on DVDs. No equipment is necessary besides maybe a carpeted floor. If you have a DVD player, or a computer, you're good to go. So if you travel, it's no problem. This was great for me. I've brought the DVDs on vacations, on work trips, etc.<br /><br />For the first 30 days, most of the routines are just over 30 minutes. Not bad. So exercise shower and all in less than an hour. After the first 30 days, the exercises get longer. But by then, you should be seeing results, and you will justify going longer.<br /><br />I won't go on, I know a lot of the other reviews say about the same thing. In a nutshell, Shaun and the Insanity crew have created a really good exercise program but one that also includes some great suggestions about how to manage your diet which is also key. I hope they are really successful with it."
B002QZ1RS6,A35ES4EJATV3WY,Elizabeth,1/1,5.0,1289433600,2010-11-11 00:00:00,So challenging even Shaun T has to take a break every now and then!!,I am finishing up my third week of this nine week workout program and I can already tell a major difference in the way my body feels. I'm definitely stronger and my cardiovascular strength has greatly improved. INSANITY is extremely challenging and you definitely know it is when Shaun T has to stop to take a break and the people working out in the background stop mid-exercise to catch their breath or get water....that never happens in workout videos! I am very happy with INSANITY so far! My goal is to complete the program in its entirety! Only 6.5 weeks to go.
B002QZ1RS6,A3162L2D3UVDQ9,Derrick Slaton,0/0,5.0,1289779200,2010-11-15 00:00:00,"Excellent, workout","This is an excellent workout, but I would not recommend it for beginners because I think they will get intimidated and quit the program."
B002QZ1RS6,A1RWVRZ9VRJP0H,Jennifer,1/1,4.0,1289952000,2010-11-17 00:00:00,Insane!,"I have done the P90X program before this, so I thought that the insanity workout would be easier for me...but boy was I wrong.  It really is intense and works out every muscle in your body.  I was also going to the gym 5 times a week, but even the fit test (which is their intro workout) was hard for me!<br /><br />One thing that I would say is better with the P90X program is that they have 3 different people showing examples of certain intensities.  So at first, you could follow the easier example then progress at your own pace, which is a lot safer and you get more accurate workouts because you perfect your form before you advance to higher intensities.  Right out of the gate with insanity, they drill you to go hard and fast. So, for the first week, my back was in bad shape because I was trying to match their intensity without focusing on how well I was performing each exercise.<br /><br />Needless to say, it is a great cardio workout.  If you are looking to lose weight and improve your cardio, this would be your product. I would suggest P90X for more strength training."
B002QZ1RS6,A1PDNL38JK8Q5X,K Mc,0/0,4.0,1289952000,2010-11-17 00:00:00,Good to get a hard workout in from my living room,"Not much beats the gym for a good all-around workout. weights, cardio, etc. but these DVDs are a great workout when i cannot get to the gym. now that i started them, i want to see the program through so i purposefully haven't been to the gym. i feel like i'm working out different muscle groups as well."
B002QZ1RS6,A4P6YQJ03RN8Z,Sharri38,2/2,5.0,1290038400,2010-11-18 00:00:00,Insanity Kicks Ass and Works.,"This Product is great if you have the desire and want to lose weight I would recommend that you buy this product. I have had this for about 3 months and I want to say that I lost about 10 inches and 23 pounds I am back to my ideal weight at 120 to 125 range. The mix of workouts such as strength conditioning, plyometrics, and stretching have got me into some good shape. Also I love the fact that they have an online support group where you can create a free profile. Again if you want to lose weight I would say try this but let me warn you you should have some kind of conditioning or it will be quite rough. I thought I was in decent shape and this training set took me to a whole new other level that I have never achieved."
B002QZ1RS6,A2PXDVKKE8TFZV,BAGS,1/1,3.0,1290038400,2010-11-18 00:00:00,"I enjoyed the workouts, but didn't enjoy the whole program","I enjoy doing some of these workouts. But there are too many of the same moves from one DVD to another. The workouts are too similar, and there isn't real reason why they had to make so many of the same type of workout, except to have enough DVDs to charge you an ""insane"" price. I had no real results from this program, no weight loss, no inch loss, some increase in cardio stamina but nothing to really justify all the hard work I was doing. I still do the workouts now and then, but I won't do the whole program again."
B002QZ1RS6,A72ONV52W5HFH,K. Vu,1/5,4.0,1290038400,2010-11-18 00:00:00,"Im no trainer, fit, nor skinny!","I was watching this imformercial one night, and got really pulled in!! I am this fat out of shape girl who wanted to realllllly lose weight. And i knew for sure, this will help you lose weight! but i forgot how unmotivated i am!<br /><br />So the next day, i ordered this dvd, recieved it.. and was super excited to finally lose weight.<br />OMG the exercises are insane!! i dont think i did some workout right because my stomach wasnt sore nor felt like it was worked out! feels like the first week was working out my legs and arms only! i was super sore but felt so GREAT. i was suprise how long i kept up with the program! i think about 2 weeks or so. normally id give up after 3 days. -_- but i did stop after the 2 weeks or so.. i just didnt really have that motivation to do the exercises and i didnt have room to do it!<br /><br />IF you are considering this dvd, make sure you are motivated to do this! have a buddy to do it with you !!<br />also make sure you def. have ROOM to do it! youll need lots of workout space!<br />AND YOU MUST HAVE WATER ON THE SIDE!! you are going to be breathing and out of breath and hot and sweaty like a pig and thirsty like a mother."
B002QZ1RS6,AVSFLQZL25W0C,Jen220,0/0,5.0,1290384000,2010-11-22 00:00:00,Great workout,I knew this workout was going to be tough before I bought it...and it is!  it's a really great workout especially for someone like me who is crunched for time! I have completed my first week and a half and already feel more energized!  Can't wait to see the results after the 60 days!  I read lots of positive reviews for this workout and liked the fact that you don't need any additional equipment at home.  I would recommend it 100%!
B002QZ1RS6,A1H4A7F1KGJHT8,"R. Strasbourg ""R.S.""",4/4,3.0,1290470400,2010-11-23 00:00:00,Fast pace,"I've been using the insanity workouts as cross-training for a few weeks and I must say that, so far, I find the program very challenging. I'm a runner and a cyclist and I have been using the P90X dvds for cross-training for a few years now, so I'm in pretty good shape.<br />The thing that is insane I find is the pace. You go up and down and sometimes it's hard to keep your eyes on the screen. It will take some time to get used to the moves, which seem to be repeated a lot.<br />Now, this program makes me sweat and it is hard to keep up, so I like it but the workouts could be a little longer, if they slowed down the pace a bit. What happens is that once I'm done and catch my breath, I'm ready to go again, so I do a P90X workout or the ab routine. One thing is for sure: this is not the program to start with, if you're not already in good shape."
B002QZ1RS6,A32IAV332TEQGY,Nikki,18/28,2.0,1290902400,2010-11-28 00:00:00,Insanity,"I've been following Insanity to the dot. I followed the diet plan and did the workouts every day. I just finished the first week of the second month. I'm pretty active; ran marathons and was in good shape to start off. For the amount of time it takes to do the work outs I have not seen any results what so ever. I still weigh the same. I still look the same and I still do not see any abs. I'm still going to finish the program, just to be sure that I'm giving it the full 60 days;however, so far I have not seen any results."
B002QZ1RS6,A12I55NGY4XP4Z,Kristen,1/9,2.0,1290902400,2010-11-28 00:00:00,Loved the Workout not the DVDs,"I ordered the Insanity workout DVDs about 6 months ago.  I have tried half of them, and they do not work properly.  They skip repeatedly, and you cannot properly finish your workout.  I contacted the seller this evening.  If they respond back to me I will re-rate this purchase.  This is the only Amazon.com seller that I have not been 100% satisfied with, and I order from them a frequently."
B002QZ1RS6,A1WOIY9G8FKEWN,ARTERMIS06,2/3,5.0,1290988800,2010-11-29 00:00:00,fantastic workout,"Insanity is an amazing workout and it will get you  results, however this is a tough program and it is not for people that are really out of shape or have not worked out in a while. These individuals should start off with somthing less intense first. Insanity is very intense, even the warmup is tiring."
B002QZ1RS6,AHBCVF67F38Y7,Josie,0/0,5.0,1291161600,2010-12-01 00:00:00,Plyometric Overload,"For those beyond the P90 who want more of the plyometric training, this is perfect.  For beginners or those who haven't worked out in a while, completely avoid until you are in better shape.  Absolutely one of the best home workouts.  You don't know unless you try."
B002QZ1RS6,A2FE5JQ2OC68JE,G. Park,1/1,5.0,1291248000,2010-12-02 00:00:00,I thought I was in shape until Shaun T kicked my butt,"This isn't for the faint of heart.  You need an exercise area, sneakers, water and a big towel because this workout will make you sweat.<br /><br />I would consider myself ""in shape"".  My gym closed down for 3 months for renovations and I do have a personal trainer.  But my wife and I needed some cardio because it's getting to cold to run outside.  So decided to get Insanity.<br /><br />We previewed the DVD and bought some workout mats that were thick enough not to damage our joints and move out all the boxes in the basement to clear enough space for the workout also.  During the first ""fit test"", I nearly lost vomited.  Dripping in sweat and drinking almost half a gallon of water.  My wife (who is in better shape than I am) was whining in pain.<br /><br />I'm on day 4 now and days 1-3 were tough.  Neither of us can walk without something hurting and stairs are tough. LOL.  I'm in pain as I type this review!  It is worth it, you need to be dedicated and have about 45 mins/day.  I'm looking forward to the second fit test in 10 days!"
B002QZ1RS6,A3DR4KBOXNCXR1,mami88,0/0,5.0,1291248000,2010-12-02 00:00:00,best workout ever!!!!!,"best workout ever. it got me sweating even when it was cold outside. if you are a mom who is busy all the time, buy this.. it only takes like 30 minutes to completed it<br />great workout buy it, trust me you will love like i do."
B002QZ1RS6,AOZL3X9CXK04K,kate,2/2,5.0,1292112000,2010-12-12 00:00:00,BUY IT,"This program is great.  The workouts are a challenge but the way I feel after is worth it.  I have not yet completed my insanity workout 8 week program.  I am about to start week 5(recovery week) and I feel great!  I have lost 15 pounds!  I am so happy I decided to purchase insanity, best money ive spent in a while!"
B002QZ1RS6,A37QOI5VX5JKX3,VitalFitnessandNutrition,2/2,5.0,1292544000,2010-12-17 00:00:00,Wow-eeeee!!!!,"They don't call it Insanity because it's easy.  This really is the hardest workout system ever put on DVD.  Just a little background about my fitness level. . . . I have been a personal trainer for about 15 years and working out even longer.  You name it, I've tried it.  I run marathons, am a big fan of spinning, and have even done a few rounds of P90X (which I love btw!!!)  I figured I'd try this to get a little leaner during the summer months because I don't like to run in the heat.  I was impressed by how comprehensive the system is.  The food guide is much easier to understand than the P90X eating plan.<br />So I started with the ""Fitness Test"" DVD and thought I was going to die!!!  I was so embarassed.  I couldn't believe how much I sucked at this workout.  But never one to back down from a challenge I kept coming back for more day after day.  Let me just tell you, for the first couple of weeks, my heart rate got into the 170's just during the warm up!!!  There were many times I was grabbing my knees and heaving for breath, but then I'd look up at the video, and see some of the participants doing the very same thing!!<br />For those of you who work out for an hour or so a day, you will probably find the first 30 days doesn't feel like enough of a workout (the workouts are about 30-40 mins).  I supplemented it with additional cardio like spinning for another 30 minutes.  The second 30 days really kicks it up a notch, and was more than enough of a workout.  These workouts last about 48-55 minutes.  I was so tired at the end of them, the last thing I wanted to do was workout some more.<br />As the weeks passed, I was more comfortable with the workouts, and was amazed with the transformation in my body and the increase in my fitness level.  Like one of the other reviewers stated, you do lose a little of the size in your ""glamour muscles"" (back and biceps), but the definition in my shoulders, legs, and abs just popped!  According to the scale my body fat hasn't decreased, but my pants are much roomier, and people have been asking what I have been doing to lose so much weight.  But to be honest, my eating could have been a little better during the program.  I have started running again and training for my next marathon.  I cannot believe how much easier running is now that I have completed Insanity.  I know its the perfect supplement for runners.  The exercises really work your core and improve your speed.<br />Buy this workout program!!!  You will not regret it!"
B002QZ1RS6,APW17EY86VJMP,Dale,1/1,5.0,1292889600,2010-12-21 00:00:00,Great cardio product,Great product if you like cardio. Im a p90x grad and im 4 weeks into my 2nd round. Honestly If your looking to bulk up do some kind of hybrid with insanity and p90x. This program is more about losing weight and toning up. Would recommend a heart rate monitor with this one. This program will push you to your limits cardio wise
B002QZ1RS6,A1CP90911DLLX,hamilton,4/5,5.0,1293321600,2010-12-26 00:00:00,If you thought plyometrics on p90x was hard....,"Like the previous reviewer, I have done both p90x and Insanity. I have come to the conclusion that for me, a combination of the two is the way to go. It all depends what your goals are. p90x alternates between lifting weights/doing pull ups and push ups with cardio. You focus on a couple of muscle groups during each workout, do the same weekly routine for a month, then switch to different exercises for a month. The last month is the original set of exercises again. If you're looking to build muscle, this is definitely the better option. It requires dumbbells or bands, a pull up bar, and a chair. The cardio portions are good, with plyometrics being relatively difficult. It also includes a day of Yoga, which Tony Horton loves but I personally could not do.  Insanity is a whole different animal. It is, in my opinion, more intense than p90x, but is focused on improving your cardiovascular stamina using max interval training. You have to be in pretty good shape to start to actually finish a workout at their pace. You can think of it as a shorter but much more intense version of plyometrics everyday. It doesn't require any equipment at all - just using your own body weight to get results. Most workouts are less than 30 mins. I found doing this daily was too much for my knees but this may not be the case for you. I have started alternating p90x with Insanity, eliminating the p90x leg workout since Insanity really works your legs. Both products are high quality and should get you results if you stick with them. Highly recommended."
B002QZ1RS6,A1UGH5FOD9V54C,journeytofreedom,7/7,5.0,1293667200,2010-12-30 00:00:00,I would give it a 10 out of 5 if I could!,"Other reviewers have really gone into detail about the Insanity program, the breakdown of each workout and what to expect out of it so I'm just going to write a review about the impact that this program has had on my life.<br /><br />I'm a 29 year old, active female that's been working out since I was 18.  My favorite types of workouts are the kind that either involve a lot of jumping (plyometrics, step, jump rope) or the kind that make you wanna hurl (sprints, spinning, burpees) - or both!  This workout definitely involves both.  I did my first round of Insanity in January of 2010.  Like other reviewers, I agreed that this was the hardest workout video I'd ever done.  After the first warm-up, I hurled and at that point I knew I'd forever love this workout.<br /><br />As of today I've finished 4 cycles of Insanity (not all back-to-back, and the last 2 times were done interspersed with weight-training), and it never gets ""easier"", which is a great thing.  Going from month 1 to month 2, I still experience that sense of fear that you only get before doing a really hard workout.  During the first cycle, I lost 25 lbs (though I had put on 30 lbs when I relocated from Toronto to California - which I'm sure had everything to do with my new ""American"" diet and little to do with exercise, which I still did religiously).  I can't say that the program itself was the source of all my weight loss because when I started the Insanity program I simultaneously went back to my normal eating habits (clean eating, and no junk food), but the physical change I experienced was enough to turn a lot of heads.  So many people noticed the difference in my weight and fitness level that after I finished my first cycle, 7 of my friends bought the Insanity program and became addicts themselves.<br /><br />I really like Shaun T in this series, too.  In hip-hop abs, I felt he was lacking in the masculinity department.  In this series, everyone in the DVD looks like an athlete and you can see that they all work at their own pace - they really push, but also still need to take breaks.  I've gone through a lot of aerobics classes and workout DVDs, and generally, there is always one part in every class/DVD that for whatever reason ""bugs"" me.  I have to say that this series is the least ""annoying"" of any set of DVDs I've done.  There are no parts of any of the workouts that I feel like skipping because they're ineffective or parts where I feel bored because I've already mastered the moves.  I love that the program keeps you building on each move - you can always do something faster, or jump higher or engage your core even more.  When Shaun does have some verbal cueing slip ups, however, you do tend to memorize where exactly they are or when he corrects particular people's form, I find myself saying it along with him (""don't open your legs too wide... Josh.  You never want to overstretch your groin muscles""), but the instances are few and far between.  The asian ""machine"" Tanya used to really annoy me, but since so many of my friends do the DVDs now, it has become a running joke to imitate her facial expressions, and now imitating her has become our form of ""insanity bonding"".<br /><br />This is the one workout that I think I'll always go back to.  And the one workout that I'll always want to do.  I've had to force myself not to do a 5th cycle so as to add some variation to my life (I'm currently alternating Amy Bento's advanced step workouts and Jari's ripped weight training DVDs), but I'll probably go back to Insanity some time in the new year.  I'm looking forward to trying Insanity Asylum, hopefully it can live up to the bar set by Insanity.  My favorite of all favorites by far!! 10 stars!"
B002QZ1RS6,A3RG5VEJ4NZGS3,Agustin Andrade,0/0,5.0,1293667200,2010-12-30 00:00:00,"Insanity,P-90X+","I did one round of P-90 wish I loved, than I started P-90+ wish was more intense and quicker (love it also) and know I've stared Insanity, which I also like alot. I'm doing my own mix of P90X-Plus for the weight's, upper body workouts, and switch to Insanity every other day, I'm getting the best of both worlds. P-90X Plus weight workouts and Insanity (cardio workouts). Highly recommend"
B002QZ1RS6,AYZ8NWFYECQ6A,bamafan,0/0,5.0,1293667200,2010-12-30 00:00:00,worth the money,"Great workouts, especially if you are already in ok shape and are just looking to firm up and get better. In just the first few workouts I felt my metabolism was jump-started. They can be exhausting, but afterward I have so much energy (and quite an appetite) all day long. Not only that, but I already look better in my jeans-- my body is tighter and I feel great.<br /><br />I waited a long time to get it because I didn't want to pay so much, but it was my gift to me and I'm glad I did. You will be too."
B002QZ1RS6,AS145ARN5UYRF,lynbergen,0/0,5.0,1294012800,2011-01-03 00:00:00,Get Fit,This is the best program for getting your body in tip top shape.  Even beginners can use this program and do more and more as you get stronger.  [...]
B002QZ1RS6,A3E755O7FW1OIG,Aaiyah,4/4,5.0,1294099200,2011-01-04 00:00:00,Excellent Work outs for Cardio Lovers,"This is an AWESOME cardio DVD set.  If you love cardio, while building lean muscle and stamina... this is the workout regimen for you.  The results are worth it and the way you feel after a work out is so rewarding.<br /><br />IMPORTANT - Do not be ashamed to take a break... this work out really is insane!  Water breaks are a complete necessity."
B002QZ1RS6,AF2THX9LW845P,"A. Dantin-Williams ""Adantin""",1/1,4.0,1294099200,2011-01-04 00:00:00,A true challenge...,"I've read all the reviews and bought Insanity to try. I've tried this for two weeks now and I have to say it is hard just like they say! I've already done p90x for 1 month and gained 4 pounds (of muscle I'm sure)... but that is not my original goal so I knew I needed more cardio but still with light toning. shaun T works every muscle but espcially your butt and abs A LOT!! -which I love because I feel like I'm doing cardio and toning all in one video! I think this is why most people on here who have knee problems can not do this program. It's fast pace with lots of jumping and quick moves, so if you have knee problems you can modify the moves. Meaning, you can still do the moves and work out but just go slower so you dont injure yourself. I myself have a bad knee but I wear a brace everytime and I'm fine- If I dont wear it: I'm asking for trouble!<br /><br />All n'all it's a great workout- the eating plan that comes with the dvds is great too. I already eat 6 small meals a day- so it had great recipes to follow but not time consuming. If you read the whole thing, you still learn a lot even if you think you already know everything about healthy eating. It basically feels like you have a personal trainer helping you to lose weight- only thing is- you have to push yourself. You have to work out 6 days a week and eat 6 small meals a day plus vitamins and a recovery drink. Its hard but after two weeks it will feel like a habit- anyone can do it!<br /><br />To me- this is harder than p90x and I thought that was hard! I like this because Shaun T motivates you in the videos and there are two parts- month 1 and month 2. Month 1 is just 30 minutes per day but month 2- is so hard because it's an hour long! I've done regular cardio for an hour before- running, p90x, yoga.. etc.. but this kind of cardio... it is going to leave you screaming sometimes if you push yourself hard enough. but in the end... you feel so good!!!! Since I've already been exercising for a long time prior to getting this series I started week 1 doing 30 minute dvds and now i'm doing week 2 but doing the month 2 hours long dvds.. I just dont want to get tired of it too quickly and change things up. I'm sure you can also incorporate hip hop abs one day a week to replace an Insanity workout but its all up to you! As long as you work out hard and eat healthy, of course you will loose weight. Stay Strong!!!"
B002QZ1RS6,ACQXJA6DVOQF1,hend,1/1,5.0,1294099200,2011-01-04 00:00:00,insanity workout,Insanity is a great work out video but I am a beginner.  It is very challenging for me so I have to work at a much slower pace.  If you are up for a challenge this is definetly your video...be ready to sweat and loose inches!
B002QZ1RS6,A2WY0FR0XH5WEP,Reaper 117,5/5,5.0,1294185600,2011-01-05 00:00:00,TRULY intense,"Let me begin by identifying myself as a fit individual. This workout program is INTENSE. I thought I had a rigorous physical training program before starting, but day 1 floored me as does every stage of this program. Just when you start to get accustomed it changes up and wipes the floor with you again. The first month is challenging and very fun. Month 2 is the second phase of the workout and the fun wears off a little because of the huge jump in physical intensity. And yet despite the difficulty, its still addictive. The results are truly fantastic. But be forewarned, this work out is NOT for the person looking to start a workout program. You HAVE to be in very good shape to START the program. And a critical factor for getting the results this program offers is dedication. You have to give every workout everything you have, and follow all the instructions. Insanity is not an easy get fit program by any means. It requires you to destroy your bad habits and old conventions to get a beast of a body. The routines require a good deal of floor space of at least 10ft by 15ft. You can do it in smaller spaces, but that adds a great deal of risk to the workout as you'll jeopardize your form or risk impacting an object, wall, etc. Unlike P90X the only equipment required for this program is a good pair of shoes (you need the support) and non-restrictive, cool clothing. I would not recommend doing this program on a surface that is smooth either as the sweat that pours off you will make the floor very slick and unsafe. SERIOUSLY research this product before starting, because it demands a lot out of you and at its price if you aren't willing to follow through then you will be wasting a large chunk of change."
B002QZ1RS6,ABW05DZXJD3BK,frank,2/2,5.0,1294272000,2011-01-06 00:00:00,HARD!!!!!,"This is a mostly an endurance program. If your looking to shed pounds fast or get your endurance up to the max, this is a program for is you.<br />The only downfall is that its extremely hard. But I guess that's why it works so good.<br />If you stick with this program you'll see incredible results when you finish the program.Ive never felt better."
B002QZ1RS6,A2CCYRUTY9J6NW,KJeanS,1/1,5.0,1294272000,2011-01-06 00:00:00,Great workout for athletes that want a challenge,"I am a fitness instructor that teaches spinning, boot-camp, and weight training so I needed an at-home workout that would challenge me. I don't have equipment and don't have alot of time due to work and kids so I needed alot of bang for my buck but would still kick my butt. This is perfect for those that want a challenge and want to sweat in the comfort of their own home. I just pop in a DVD on days I need to hit it hard and get it done/ I really don't do the 60 day challenge because I don't work out that way due to teaching 4 classes a week. Teaching a 60 minute spin class and doing one of these would put my body over the edge if I did it alot so I do about 2 a week on my off days and take them with me when I go out of town."
B002QZ1RS6,A1UL74OE5A2ZYI,"J. Higgs ""bahama shopper""",1/1,5.0,1294358400,2011-01-07 00:00:00,Love Insanity,"I absolutely love Insanity. I am in my mid 20's and had just gotten lazy with exercise...I live in the Bahamas so the beach is a constant and I wanted to get myself back into shape. Insanity defnitely got me in shape and got me pumped to keep working out and exercising. I got about 3 wks in and got busy with work etc and had to start over, but by then I was motivated and finished the 60 days. I had some problems with knee pain as some others have said, but I started taking Glucosamine and it helps! Insanity definitely gets you pumped up and excited...the only time I got bored was in the warm-ups(they just felt repetitive to me), but I looked forward to doing it every day no matter how tired I was. Once I finished the 60 days I tried a couple other things for a week and was bored to death. I then did Brazil Butt Lift(also by BeachBody) and loved that. Now I try and mix it up still doing Insanity some days. I highly recommend it!"
B002QZ1RS6,A1KK487UB1G8JV,dickmeat,4/4,5.0,1294444800,2011-01-08 00:00:00,Insanity,I would strongly recommend these videos to anyone who is serious about getting into shape.  After about 2 weeks I could definitely tell a difference and felt a lot better. There are enough different videos that they dont get old and boring. If my lazy butt can do it so can you.
B002QZ1RS6,A2FQPWN0N974OC,Ksmooth,2/2,5.0,1294617600,2011-01-10 00:00:00,Insanity is great,"Insanity is great.  A real solid agility workout without any hassel of weights, pull up bars or stretch ropes..."
B002QZ1RS6,ASMM7X6PRLQSA,CW4444,19/19,5.0,1294704000,2011-01-11 00:00:00,Absolutely brilliant!,"You need to know that you will get exactly what you give out of this. And it never gets easier. I know a lot of people have said that this is not for beginners but I'm going to be controversial and say why not? You don't have to keep up with the folks on the screen. You start at your own pace, plus a little extra so you are pushing yourself at your maximum level of effort. YOUR maximum level. If you put everything you got into every workout interval, you will see results. And every time you do the Fit Test, you will have black on white proof. It's about progression. I will even go so far as to say that you probably will get into shape quicker with this than anything else, provided you put in the effort and you clean up your diet. The best part is you can do this forever and it'll still wipe you out, because the fitter you get the faster and harder you go at it :) Great program!"
B002QZ1RS6,A10KKY06DV8FJI,Jessica,1/2,5.0,1294790400,2011-01-12 00:00:00,Shipping time and condition of the package was excellent!,"I purchased this product for my husband for Christmas $50 bucks cheaper than on the insanity website.  I thought I was purchasing a used product but the videos came in their original packaging.  I was also very pleased with the timliness of the shipping.  I was s little nervouse that the videos wouldn't get here before Christmas and was tempted to purchase the expedited shipping but I decided not to and was glad.<br />Now my husband needs to start using the videos!  We have P90x and are very pleased, I'm sure insanity will be just as good or better.  Excellent way to stay in shape or condition for something."
B002QZ1RS6,AUQSX3AKCJA11,Nicholas D. Klemetson,20/21,4.0,1294963200,2011-01-14 00:00:00,60 Days of Insanity DONE!,"As a P90X graduate, I was looking forward to burning off a little more goo from around my midsection, so I decided that Insanity was the way to go.  In some ways, I was right.  In others, I was wrong.<br /><br />Insanity is a program created around the idea of ""Max Interval Training.""  For those who don't know, in a typical interval you would do a move for one minute total; it would be done slowly for 30-45 seconds, and quickly for the final amount of time, allowing plenty of rest in between the fast segments.  This allows your heart rate to go up and down, gives your body a chance to recover, etc...  In Insanity, this formula is turned upside down.  You go fast and hard for extended periods of time with short rests in between.  A typical workout consists of three sets of four moves, each done three times, plus a warm up/cool down section.<br /><br />It is important to note that the demands this type of workout puts on your body is extremely high.  You'll be jumping, planting, pushing, squatting, flailing, and struggling throughout the entire workout, but as Shaun T repeatedly says, take breaks when you need them.  If your form starts to go south, back off and get it back together.  Make absolutely sure that you have a high quality pair of shoes (I use New Balance cross trainers), and a solid surface to do your workouts on (I work on a cement floor covered with a half inch of foam rubber with carpet on top).  This workout is EXTREMELY HIGH IMPACT.  Those with potential knee/shin/hip problems need to look elsewhere.<br /><br />This really can't be compared with P90X at all.  One is based mainly on weight training... the other on cardio/bodyweight exercises.  Interestingly enough, I lost 25 pounds during the course of P90X.  Throughout my sixty days of Insanity, I didn't lose one pound.  Other people say they've lost a lot of weight doing this program.  I didn't.  I followed the diet plan, never missed a workout, and worked myself to exhaustion every day, and I didn't lose one pound.  I'm not complaining, because my body looks much better... it's tighter, I've turned quite a bit of fat into lean muscle, and I'm quite a bit more flexible.  So I did accomplish my goal of getting rid of some goo.  It just didn't show itself on the scale.  That was my experience... I'm not saying this program isn't for weight loss, I'm saying that it didn't cause me to lose weight.  Take that with a grain of salt.<br /><br />*****IMPORTANT EDIT*********<br /><br />I just realized the main reason why I may have not lost any weight doing this plan.  When I was following the diet tips, I unknowingly was consuming enough calories in order to ""Maintain My Current Weight.""  According to the plan, I should have been subtracting 500 calories per day from my meals.  So, if you're doing Insanity and not losing weight, make sure you are taking in the correct amount of calories.<br />********END EDIT***********<br /><br />This program has a very strict divide between month one and month two.  Month one merely prepares you for the rigors that month 2 brings.  Each month has a workout that corresponds with one from the other month... sort of like a simple/advanced relationship (despite the fact that simple isn't simple).  They break down as such...<br /><br />Cardio Intervals<br />Month 1: Plyometric Cardio Circuit<br />Month 2: Max Interval Circuit<br /><br />Both of these workouts involve a wide variety of jumping and endurance moves.  Month two adds 15 seconds to each move (so the intervals are three minutes long instead of two) and a longer, tougher warm up.<br /><br />Plyometric Strength Intervals<br />Month 1: Cardio Power and Resistance<br />Month 2: Max Interval Plyo<br /><br />Get ready for some push ups!  These two will really have your shoulders and arms on fire, not to mention your legs and back.  These are probably the best full body workouts.<br /><br />Cardio and Endurance<br />Month 1: Pure Cardio<br />Month 2: Max Cardio Conditioning<br /><br />Pure Cardio was a slap in the face to me.  It was 20 minutes of constant exercises... no rests.  Max Cardio Conditioning expanded on this.  It was about 15 minutes longer, still no rests, but there are recovery moves thrown in.<br /><br />Recovery Workouts<br />Month 1: Cardio Recovery<br />Month 2: Max Recovery<br /><br />Wait, these are recovery workouts?  These are tough!  Particularly Max Recovery... it will really stretch out and strengthen your core and shoulders.  Despite their difficulty, they do give your heart a much needed rest.<br /><br />Abdominal Workouts<br />Month 1: Cardio Abs<br />Month 2: Insane Abs (only included in ""Deluxe"" version)<br /><br />Cardio Abs is probably the easiest workout in the whole bunch (and also the shortest).  Insane Abs is about 2x as long, and it is by far, the best, most enjoyable ab workout I've ever done.  It blows P90X's Ab Ripper X out of the water in every way possible.  If you can get a hold of Insane Abs, I would highly recommend it.<br /><br />The two other workouts I haven't mentioned are Core Cardio and Balance (a pseudo-recovery workout that blends everything together *the last 5 minutes are brutal!!*) and Max Interval Sports Training... a ""Deluxe"" package workout that incorporates moves with various sports in mind.<br /><br />Just a quick word about the two ""Deluxe"" workouts... I borrowed them from a friend of mine, and they ended up being my two favorite workouts.  Get a hold of them if you can.  There is a third deluxe workout called Upper Body Weight Training, but I never tried it.<br /><br />In conclusion, this workout has a 30 day money back guarantee for a reason.  If you can't make it through the first 30 days, there's no way you'll make it through the second 30.  But if you're in good shape and are looking for something to really push the envelope, you've really got nothing to lose other than some inches (and possibly some muscle mass unless you incorporate weight training).<br /><br />As for me, I'm not sure if I'll do another complete Insanity cycle.  It seems like something you do once and then move on to something else.  It would seem odd to me to start back with month 1 after the month 2 workouts are so unbelievably taxing.  I think I'm going back to P90X and P90X+ in order to put back some of the upper body muscle mass that Insanity took off.<br /><br />Have fun, and don't give up!"
B002QZ1RS6,A24RWRV0TB27FJ,Marlon A. Soppart,11/12,5.0,1294963200,2011-01-14 00:00:00,BUNNNSSS!!! and abs...i guess,"I have been doing this exercise for a week now and...MY BUNS!!! THEY BURRRNNN!! WALKING UPSTAIRS HURRTTSSS!! AAAAHHHHHGGGHHHH. TOO MANY SQUATS!!! But in all seriousness, I feel as though I have accomplished something - a week's worth of something. Quite the burn of satisfaction if I do say so myself. My confidence has boosted significantly!!! I feel as though there is a part of SHAUN T HIMSELF in me now. I look forward to doing this for ONE HUNDRED AND TWENTY DAYS!!!! ARRRRRRRRRR<br /><br />it's a good buy if you want a 23 pack."
B002QZ1RS6,A3J5FXO6NKJBHA,Robyn Mcpherson,9/10,5.0,1295222400,2011-01-17 00:00:00,I love it...but you better be ready!,"I bought Insanity because I needed a new challenge.  I have been doing videos from ""The Firm"", Tae Bo, and other really popular videos for years, and started to get a little bored with the routine.  I had seen an infomercial for Insanity once at night, and I thought, ""It CAN'T be that hard.""  Never one to back down from a fitness challenge, I decided to go for it.  As a former collegiate athlete, I figured I would be able to do at least at much as those in the workout...WRONG!  From the fit test, I knew I was in for a workout circuit like I've never seen before.  The first time I did the Fit Test, I was nearly embarrassed that I could get as many reps as I thought I could with the exercises!  But that was just the beginning.  From the first workout, I started thinking, ""What the f*$& have I gotten myself into?!?!?""  But that was just fear and doubt playing tricks on me, and I made a decision right then and there that I wasn't gonna quit this program, I don't care how many breaks I have to take.  Other reviewers are absolutely correct...the participants in the video are taking breaks just like you, so don't feel bad!  I just did my 2nd fit test to kick off week 3, and I did substantially better this go-round than I did the first time I did it.  My weight loss hasn't been lightning fast...just the recommended amount (i.e. 2-3 pounds a week), but have already lost a few inches around my body.  But to do this workout, you MUST, YOU MUST eat and drink AT LEAST 8 glasses of water daily...other than that, you won't have the energy to even think about Insanity.<br /><br />Now for the disclaimers...if you have anything wrong with any joint of your arms, shoulders, or any part of your lower half, this IS NOT the workout for you, because it will probably most definitely aggrevate whatever condition it is.  Also, do what YOU can do, because probably 9 times out of 10, you won't be able to keep up with those in the video.  Push as hard as you can, but know your own limits.  Don't get down on yourself at first, because if you stick with it, you will see a change in your fitness...there's no getting worse with this workout.<br /><br />Lastly, make sure you get some kind of recovery formula.  I didn't get the one that is advertised within the Insanity DVDs (it's just a little too expensive for me), but I did go to GNC and get an amino acid recovery formula to use both during and after my workouts, and it has nearly eliminated the soreness so that I can move around the next day and it has helped with my stamina during the workouts.<br /><br />Take a chance and go for it!  Get INSANE!!!<br /><br />!!!!!UPDATE!!!!!<br /><br />I finished my 60-day program, and my results were INSANE!  I lost almost 20 INCHES from my entire body and about 13 pounds!  So I'm living proof that this works if you work it!  Go for it and GET INSANE!!"
B002QZ1RS6,A2UJ9RB26244Y1,A Soto,61/63,5.0,1295308800,2011-01-18 00:00:00,Insanity Works!!!,"This is my first product review, and I just have to say that of the many many workout products I've tried, this is the ONLY one that has gotten me results. I'm a mom of two, a 3 1/2 year old and a 1 year old, and have always struggled with my weight. Diets never worked, and after my daughter was born my husband and I got a gym membership where I lost about 10 pounds and then never lost any more. My husband saw this infomercial and said he wanted to try it, and even though I was skeptical I agreed. We're now in the middle of our second round and I love it!!! After my son was born I weighed 189lbs (I'm 5'9"" and 26 years old), and after our first round of Insanity I got down to 157. The first thing I noticed was the muscle tone in my arms. No more bat wings!! You will do a lot of push ups and shoulder work, and it definitely pays of. I'm no longer embarrassed to wear tank tops! Also I saw more definition in my legs and abs even in the first couple of weeks. I didn't follow the eating guide closely at all, and now I'm actually eating more than I used to because my metabolism is up, though I am trying to make healthier choices. Now in our second round I'm down to 152 and the results are even better!!(I'm wearing a mini skirt for the first time in my life!) We even cancelled our gym membership and never looked backed. In fact, after seeing my results, all of my friends have started doing it and are also getting amazing results! Bottom line: If you actually put in the effort, this program works. Shaun T. is a good motivator, you feel like you're getting a good workout, and the results are awesome. I went from a size 10-12 to a size 3-4, something I never thought possible. Definitely try it!!"
B002QZ1RS6,A21KAUC5R02XDJ,Daniel K,29/31,4.0,1295395200,2011-01-19 00:00:00,Works..but recommend P90x more.,"Don't get me wrong this program works, but you have to be in VERY good shape to properly use this program. I'm 25, played college football and have been doing P90x for over a year. I had to live overseas for 6 weeks for business so I couldn't exercise and stay in proper shape, so when I returned back I thought I decided to give Insanity a shot. It is like the football condition and stamina programs I used to do, but there are many limitations and problems that I came across such as:<br /><br />Cons<br />1. Too much jumping. Expect to have to jump a lot, if you have problems with your knees and joints proceed with caution.<br />2. Not a lot of variety. Same stretches every day limits the flexibility and injury prevention to other muscles. Works your legs and core A LOT...not many exercise that work the arms, shoulders and back...<br />3. More of a toner than a muscle builder. You don't use any weights so if you wish to put some muscle on your frame go lift at the gym or do P90x instead<br /><br />Pros:<br />1. Works. If you follow the program and follow the diet plan as much as possible you will see results. I'm 6'0"" and  I started Insanity at 194 lbs - 17% body fat....after 52 days I'm at 185 lbs and less than 10% body fat..<br /><br />Basically if you are already in very good shape this is a good program to mix up your normal workout routine. You don't need any weights or resistance bands and it only requires 8x8 foot floor space...so it is more convenient than other at home programs.<br /><br />Overall, I would recommend p90x over this program. Compared to p90x you lose about the same weight/body fat but you don't build muscle. Insanity basically strengthens your core, lose weight and tone your body. The Insanity exercises can be too repetitive and cumbersome. I'm almost done with the 60 day commitment and I'm going to go back to p90x...its just a superior program all around and I didn't get bored like I have with Insanity..Hope this helps."
B002QZ1RS6,A174FEP0DBI92I,CoachGina,0/2,5.0,1295654400,2011-01-22 00:00:00,Insane Results,"I have done many workout programs over the years. Insanity is one of the best I have ever done. All of the Beachbody products I have purchased are top-notch. I have never been disappointed. Shaun T has a personal way, he comes through as if he is right there in the room with you. And it doesn't hurt seeing him getting just as sweaty as everyone else! After 4 weeks of diligently following the Insanity program, I have lost 15 pounds and several inches. I am excited for the end of the program but I will not be stopping there. You can find me at the Beachbody WOWY site if you need a ""buddy"" to workout with in the WOWY Supergym, which you will find out about on the Insanity DVDs. My profile is: [...]Come join me and thousands of others for a chance to win cash and other prizes just for logging in your workout..."
B002QZ1RS6,A1IEEYO1BNJAXM,Mark L. Whitehead,17/17,5.0,1295740800,2011-01-23 00:00:00,Older guy's outlook,"I am a 62 year old man.  I started 9 months ago when I bought P90X and couldn't pass the fit test.  I dropped back to Power 90 and began.  I decided to make a complete change of lifestyle.  That is what it takes to do these workouts.  I completed Power 90, then did P90X, and finally I am in week 8 of Insanity.  I have taken it slowly and lost 28 lbs in the process.  My resting heart rate has dropped from the mid sixties to the mid fifties.  Yes, Insanity works very well but don't expect to be able to do it starting from nothing.  It is a very extreme workout.  It is intense on the core muscles and builds strong legs.  It's push ups are arduous and are very hard on my shoulders.  Shaun T has a kind of boyish charm that pulls you along through the workouts.  It is wonderful to see the ringers he has to demonstrate drop out in the middle of the workouts.  It is highly motivating.<br /><br />One of the things I really like about the beachbody.com workouts is that they don't pretend that any of this is easy.  If you are looking for a 10 minute a day miracle look elsewhere.  Doing these workouts is a huge commitment.  If you put in the effort the results are fantastic.  This workout is the real thing.  If you want easy don't do this, it will be just another failure experience.  So change your life and step up.  Or as Tony Horton (P90X) says, ""Bring It!"""
B002QZ1RS6,A2ITE4BV9XNNT,Pattymae,11/11,5.0,1295740800,2011-01-23 00:00:00,Tough but worth it,I went into Insanity very out of shape and the first day was tough! As a matter of fact the first day is just a fit test and it discouraged me so much that I turned it off in the first five minutes. After reminding myself why I was doing Insanity i tried it again and now I'm on my fourth week!.... Though your body can handle the workouts better after doing them for a while it never gets easy. But what keeps me going is that you can see results immediately.
B002QZ1RS6,AHU7FZM7LEB1X,Lime-g,2/8,5.0,1296000000,2011-01-26 00:00:00,my gf scwols at me everyday,we work out everyday have been at it for almost two weeks lost a little wieght with combined diet and workout some exersises she cant do some it took a week for us to get into the rythem and be able to do them correctly says keep your core tight alot had to google to figure out what that meant
B002QZ1RS6,A3SZL3CYE35UQL,Darc1635,7/7,5.0,1296086400,2011-01-27 00:00:00,Best cardio you'll ever get...SEROIUSLY!,"I started this program about six months ago thinking I was in good shape because I had been working out at the gym for 9 months. Insanity showed me I was wrong reallll quick. I could barely get through the fit test, the first time I started this workout. Needless to say, I got my butt handed to me during month 2. I started doing a rotation of month one to get my cardio up. I started the full 60 day routine almost two weeks ago now, and I'm loving every minute of it. I flew through the fit test this go around. This is seriously one of the best workouts you will ever get. I love hearing people ask me if I've been losing weight. It is the best feeling ever. I had knee problems prior to starting this program, and my knee rarely bothers me now. You just have to follow Shaun T's cues to protect your joints. I never thought I would swear by a workout video, but I now swear by this program. Your cardio will be up, and your body will change. Just stick with the program and invest in a good protein supplement to keep your muscles going. The pylo workouts are amazing and even in the recovery workout, your muscles are still on fire. So if you are serious about losing weight and putting your heart into working out, this is your program."
B002QZ1RS6,A35S0X8KAU7ECS,M. Gonzales,1/1,4.0,1296172800,2011-01-28 00:00:00,More of a question for those who are using this...,"I actually teach group fitness classes here and run marathons. This brutal winter of 2011 has made it dreadful to run outside and I hate treadmills. However, I am looking for something that gets my heart rate up, takes off that extra ten pounds and is just fun to do. I looked at Turbofire and it looks like the high-energy classes I used to love taking at the Firm in Minneapolis. My only question is, for those who've tried these programs, how well do the workouts go if you have an apartment or small space that's carpet? One thing I learned right away from trying kickboxing at home is, any lateral movement, and twisting, lunging and jabbing is much, much different in a hardwood floored aerobics studio than a carpeted studio apartment! Is this basically a kickboxing routine, or more of a 'sports specific' training (jumprope, jumping jacks, etc)? I would like to try this program just to lift me out of the winter blahs, but would like to hear what you guys think first. Thanks!"
B002QZ1RS6,A180R7TV72ULIN,Lady Taylor,0/5,5.0,1296345600,2011-01-30 00:00:00,Insanity,My weight loss speak for itself. I wanted to purchase this product but I could not afford the high price. When I found this great deal online I could not pass up the offer. The provider offered great services and Insanity was delivered in a timely manner. I have used this product daily. I plan to order from this provider in the future. Thanks for your great service:)
B002QZ1RS6,A1Z6PB9Y494UY0,Eli,2/3,4.0,1296518400,2011-02-01 00:00:00,Takes more than the videos.,"I bought this for my wife as a Christmas present. I could never get her to go to the gym with me and this seemed like a good alternative. The video and workouts are great from what I watched. But she lost motivation and stopped doing the workout after two weeks.<br /><br />So if you think that you can keep your motivation and dedication to the workout at a high level and workout at home or wherever you decide to use the videos then this would definitely be a great workout for you especially if you are not familiar with building a fitness routine for yourself. Do not be disheartened if you cannot do as much as the people in the videos (they even stop and take breaks). Worth the money in my opinion, if you can stick to the workout."
B002QZ1RS6,A2AFRSRXE0EIJM,clarkKent,1/8,4.0,1296864000,2011-02-05 00:00:00,"Good product, just had no time for it","Used the product twice and from what I did, I had a good workout. The only reason I didnt keep using it is because I dont have the time to do cardio at home when Im already in the gym five times a week."
B002QZ1RS6,A3OYUHARBDK9E4,krisann,0/0,5.0,1297036800,2011-02-07 00:00:00,great workout!,time flies when you are doing the dvds! something different everyday! you will be tired as sore the first week!
B002QZ1RS6,A32DAIXG32QOCP,"Machine Gun ""MnVols""",4/4,5.0,1297123200,2011-02-08 00:00:00,Toughest Cardio Workout I've Ever Done.,"I've completed 3 rounds of P90X, 1 round of P90X+, 2 rounds of Billy Banks TB boot camp, and Insanity is the hardest cardio workout I've ever done. I normally do it only once a years, to prepare my legs for the MTA tennis season. I'll turn 43 this year, and I can keep up with most folks 10 to 15 years younger than me.  I credit part of that to Insanity, because it really works the legs.  It's a total body workout program, but it has more cardio than anything.  To gain strength and power, you need to do P90X or lift on your own.  You can only get so strong doing pushups and floor dips.  Yet as for pure cardio, you can't beat this program.  As a benchmark; if you struggle with Plyometrics in P90X, this program with totally smoke you.  It's a great program and worth checking out for all of us home fitness folks.  The 60 days flies by, and you will definitely take your fitness to the next level with Insanity."
B002QZ1RS6,A1FE1XM7WMEKCF,Knowlli,2/2,4.0,1297123200,2011-02-08 00:00:00,"Good for your heart, bad for your knees.","My sister had the Insanity DVD's and I absolutely loved borrowing them from her.  I decided to get my own set and start the 60 day program.  The workouts are great and work almost all of your muscle groups while keeping you moving constantly.  Despite my love for this program, I did have to stop after 2 weeks due to the severe straining of my knees.  I ignored the warnings from other users about knee injuries... DO NOT USE if you have any knee issues.  I'm only 22, but have had an ACL tear and knee surgery 5 years ago.  All of the jumping and quick movements started to really damage my knee over just a few days.  I only use it sparingly now, but cannot keep up with the grueling 60 day program due to my knee issues.  Also do not use if you have back problems. The company is serious about this too and posts a very clear warning at the beginning of each video.  I absolutely love the workout, but I'm not willing to put my health on the line any further."
B002QZ1RS6,A3QLDVYUUDB0AS,SarcasmKing,4/4,5.0,1297296000,2011-02-10 00:00:00,AWESOME!!!,I just completed Insanity and it is amazing. I originally got it because I wanted to lose my lower stomach fat that i've never been able to get rid of since i've never really done a workout in my life. I lost all that stomach fat and gained lots of lean muscule. Now my cardio is through the roof and I look great.  I look like your typical runner thats been doing it all their life but i've only ever done is this workout. My favorite part is now I have great abs.
B002QZ1RS6,AZQNXQK8M07XN,"Covergirl ""Covergirl""",2/5,5.0,1297382400,2011-02-11 00:00:00,Absolutely INSANE,You must be ready for Insanity.  It is a very high intensity workout.  Which is wonderful but I am not ready for it yet. :)  I have P90X also and there is no comparison.  At this time P90X is a better fit for me but it will build my endurance to accomplish INSANITY.  If you are an athlete or very discipline in your work out INSANITY will work for you.  I am 46 years old training to stay healthy and fit.  P90X is a great start for me.  Hope this helps.
B002QZ1RS6,A1RQ9Y8SD8WS84,Jen67,4/4,5.0,1297814400,2011-02-16 00:00:00,Awesome!,I am in week 2 of my Insanity work out and I love it! It is the most challenging cardio workout I've ever done and I feel like I could do this work out for the rest of my life and it would still be just as challenging as the first time! I love this workout because it REALLY works you during it but you don't feel drained after. I have more energy now than I did at 20! This is the best workout ever!
B002QZ1RS6,A2FQ2K92RV3MM3,"Christopher Parker ""Always in training.""",12/12,5.0,1297814400,2011-02-16 00:00:00,The Iron Man of fitness videos,"There's 300 reviews on these excercise videos so I'll cut straight to the chase with my observations:<br /><br />1.) Don't get this if you have joint problems or if you're seriously obese. Ditto if you have heart problems of any kind or if you're diabetic. I'm no doctor or trainer, but this will push your body to the limit so apply common sense. This program 100% lives up to its namesake, its not just a marketing ploy.<br /><br />2.) If you're not in shape or are simply quite a bit overweight, expect the adjustment curve to severe. I mean like crashing mid-way through a workout the first one or two times, and having to sit down. I've also taken a half hour nap directly after finishing a routine more than once I was so wiped. There is no build up for newbies, and this was a bit of a shock for me as I was 50 pounds overweight. I did 500 calorie a workout cardio(eliptical and treadmill) 4 times a week for two weeks leading up to this and I was still leveled in the first video.<br /><br />3.) If you're new or even just not a fitness junkie, buy yourself a basic heart rate monitor and figure out how to pace yourself or you'll experience crashes per number 2 above. The Polar RS100 is perfect for that. Nothing is more disappointing than having to stop half way through because you over did it early on.<br /><br />4.) You hear this all the time, but this workout regimen makes it absolutely critical. Drink lots of fluids every day, put some simple sugars and electrolytes in your body before(to not crash) and after(to recover) workouts, and always do the stretching to the best of your ability during the video.<br /><br />5.) If you lose form, stop, take a breather, and start over. Losing form puts you at serious risk of straining a muscle which you may or may not notice at the time because you're so exhausted and you're endorphins are pumping. If a muscle or joint seriously hurts(not just tired or sore), stop immediately and stop doing the videos till it gets better.<br /><br />6.) This workout will get you lean throughout and build your endurance and lower body power, but it won't build your upper body.<br /><br />7.) I have to say is it's killer hard to keep at it. I have stopped and restarted many times. I find getting through week one in its entirety is the roughest and it gradually gets better from there, although never any easier. Talk about sore.<br /><br />8.) Month 2 is ridiculous. We're talking doubling the workout length and intensity. One month simply isn't enough for most people to prepare for that kind of abuse. I'm not sure if I'll ever be motivated enough to take it on to be honest. Month 1 is still kicking my butt.<br /><br />Hope this helps set everyone expectations. These videos certainly aren't cheap, but they are unique. Shaun T is good about pointing out good(and bad) form and reminding everyone to break as needed, and the workouts are a great challenge for people that thrive on that.<br /><br />As far as results, the jury is still out for me but its definitely working fast. I will update this review after another month."
B002QZ1RS6,A3LJA2HTWJMBU8,BShore,3/3,5.0,1297900800,2011-02-17 00:00:00,worth it,Great workout - I just needed someone to do it with - a bit intimidating doing it alone.  But once you're into it - just one week - and you're hooked - and happy for it.
B002QZ1RS6,A2NE926ART1N9V,smarterthanshelooks,2/8,3.0,1298160000,2011-02-20 00:00:00,One or two of the discs is intense enough for me,"I usually find exercise videos to be too easy, but have three kids and am really busy so was looking for something I could do at home when I saw this infommercial. My husband bought it for me for Christmas. Of all the discs it comes with, I found only one disc,the Pure Cardio and Cardio Abs, that I use regularly because I thought the others were a little too slow or easy. An Insaner Insanity would be a good next DVD. It is good for someone like me who is fit, exercises regularly, is not overweight, and needs an intense workout. Let me add that this DVD provides a lot of diversity of motion, side to side motions, that are good for someone who might have repetitive motion injuries, such as myself who can no longer run 40 minutes a day 7 days a week due to a hip injury and a bad back. I love it."
B002QZ1RS6,A2IEGPGNA2ULSQ,"Alice Marks ""Writermom""",1/2,4.0,1298332800,2011-02-22 00:00:00,LOVE this workout but watch your achilles tendon!,"Overall, I am very happy with the intensity of this workout.  I started with P90X, which I also like a lot, but found that it didn't have enough cardio to effect weight loss.  I was getting stronger, but my clothes were also getting a bit tighter.<br /><br />So I switched to Insanity, and within a week I noticed a difference in how my clothes were fitting.  I did feel that the total amount of cardio time in the first phase was a little short, so I added on about 15 minutes of treadmill walking after the workout to stretch out my muscles and cool down a bit more.<br /><br />When I first started the program, I was a little surprised that there was a super intense wind-sucking warm-up with jumping before there was any stretching.  After ten minutes of madness, then you stop cold and stretch.<br /><br />A few days ago, I noticed that I was expereincing discomfort in my achilles tendon.  I tried to stretch it, and work through it, but it just got worse after every workout.  When I couldn't walk without limping (after 3 days) I finally went to see a doctor, who diagnosed tendonitis.  She said it probably happened from doing plyometric work on a cold tendon.<br /><br />So now I have to take several days off and hope it resolves.<br /><br />That being said, I cannot wait to resume the workout BUT I will make sure that I do a light warm up myself first, and then thoroughly stretch myself out before starting the warm up.  I think with this precaution I can safely continue the workouts.<br /><br />I highly recommend this system for expereinced exercisers, but PLEASE take the time to do a little pre warm-up so you don't find yourself benched due to achilles tendon pain."
B002QZ1RS6,A212NK8A5IW9H8,Melissa Bush,5/5,4.0,1298419200,2011-02-23 00:00:00,It's Insane,If you are willing to work hard and sweat you will see results.  I lost 10 pounds in 3 weeks just got into the second set of workouts and it steps you up to a brand new level.  The fit tests will keep you motivated doubled most of my scores from the first to the second tests.  Shows how quickly you can change and evolve your fitness to the next level.  I did give it 4 stars just because it is extremely challenging and would love a next step after the 60 days.  Such as a calendar to mix up all of the workouts after the 60 days to keep you going.  Or an opportunity to get additional videos once a month to mix into a routine.  Totally worth it but you have to be willing to do the work.
B002QZ1RS6,A1R59B8OLV1Z0Y,L11,3/4,5.0,1298505600,2011-02-24 00:00:00,That is something u need to get!,"I got this workout not long ago and I gotta say its the toughest workout I've ever seen. But guess what - I am seeing results and I am already in my first week! It takes a lot of commitment and hard work but if you want to change your body and lifestyle, i think its absolutely possible with these dvds. I started blogging about my journey with insanity so you can check that out [...]"
B002QZ1RS6,A1RUOAMNPDEN5L,cbcuse,2/3,5.0,1298505600,2011-02-24 00:00:00,Insanity!,What a great workout. I almost didn't get it because I thought the name was gimmicky / cheesy but Insanity is the perfect name for this workout. If you really want to get in great shape this is the way.
B002QZ1RS6,AD4IBYKCUZC34,Chad,5/33,1.0,1298764800,2011-02-27 00:00:00,Disappointed in quality of DVD's,2 videos came damaged and would not play.  The rest of them are fine and I actually like the workout.
B002QZ1RS6,A17M1HL6U2GS7M,Storylover,0/0,5.0,1298851200,2011-02-28 00:00:00,"Rrrrrripppp....yes, that was the sound of my abs flexing","This is a nuts set of workout DVD's.  I am overweight and just shy of 40, but I have dreams of getting back into my pre-marriage body.  I decided to seize the day and go for it, and I am not sorry.  My muscles are currently screaming, every bit of me hurts.  Every day, I both love and dread pushing play on this dvd, because I know what will happen when I do.  I will spend 45 minutes gasping, lurching around, heart pounding, sweat running off me like a monsoon, desparately trying to keep up with a workout designed by fitness demigods.  Afterwards, when I can catch my breath and pull myself up of the ground, I feel so good it is not even funny.  Yesterday when I finished my workout and was talking to my wife, I said ""You know what I feel like? I feel like I'm on vacation!"".  You know, that feeling you get on day 1 of vacation when you have the whole thing stretching before you, when there is a cool drink in your hands and not a care in the world?  That's how I feel when my blood is pumping, when my body is sore and I am so proud of myself.<br /><br />I can't even begin to keep up with this video, but that is ok.  I keep my heart rate up, I have a great time, and I try to get a little better every day.  I'm not done with the program yet, I hope I have the stamina to keep it up, but for now, this is fantastic.<br /><br />The DVD's themselves are good, the music is fine, the instructor is incredible and never demeaning.  I feel like he is speaking directly to me and he is very encouraging.  I am also encouraged when the folks exercising with him can't keep up, because I know that if these very in shape people can't do it, then I am in good company.  The rest of the package is fine.  I'm on weight watchers, so I'm not using their eating plan.  I'm not changing diets midstream.  Anyway, the workout calendar is nice, I keep it up to date and it is a good motivational tool for me.  The DVD case is compact and sturdy.  It's a little pricey, but I think that it is worth it so far.  It is giving me back my self respect.<br /><br />----**UPDATE**<br />I've done the program now for 21 days.  I have gone down 2 pant sizes, lost 11 pounds, am losing my love handles, have had to take my belt in 2 notches (almost 3!) and am getting my neck back!  The workouts are very active.  They are very intense, and the more I do them, the more intense they can get.  When I first started, I could not do the exercises with anything approaching good form.  3 weeks on, my form has improved, but now the workouts are tougher because I'm pushing myself harder to complete them.  Shaun T. is inspirational,and I have a love hate relationship with him on the DVDs!  I yell at the screen as I exercise.  Get yourself a good pair of shoes, it made a huge difference to me, and make sure you do all the warm ups.  If you are chunky like me when you start, don't be discouraged, just keep at it, do your best, and so far the results have made me a believer.  It has been a very hard 3 weeks, but I love the way I feel, I'm happy to be in clothes I thought I would never wear again, and my wife and co-workers all notice the difference.  This set has made a big difference in my attitude towards exercise, and I think I'm going to do P90x when Insanity is done!<br /><br />--**Update**<br />Day 31 of insanity here, down 14.1 pounds, ran 5k yesterday, pushing harder.  The workouts don't get easier, but there is a huge sense of accomplishment every day as I fill in the workout calendar. Someone told me today that I look thinner, and I was very excited.  I'm still thick, don't get me wrong, but I'm getting there.  Insanity has made me excited to get physical.<br /><br />--**Update**<br />5 weeks of insanity done, 17 pounds down, preparing for a 4.5 mile run this weekend, really nervous about starting week 6--it supposedly gets even insaner (?).  My wife has joined me for some of the workouts and my kids are now doing it with me (as much as they are able, and they have a great time!)--the whole family has gotten into it.  Can't say enough about how good I feel--it is a crime to feel this good, I swear.<br /><br />--**Update**<br />I must admit that I look forward to these little updates, as I use them for encouragement.  Anyway, day 45 of insanity is today.  From a discipline standpoint, this is a daily decision--these workouts are hard.  I feel great, but every day, I look in the mirror and think a)this is great and b)long way to go.  On the up side, my belt is too big, have to use it on its tightest setting.  I'm down 18.5 pounds since I began.  I can see my neck--and it is not just a solid column of blubber.  I have abs popping out (!) (although they are still buried under some belly fat--let's face it, I started this waaaay overweight).  My wife has now joined the culture of fitness in our family, and is working out regularly.  The second month of insanity, which starts 6 weeks in, is significantly more insane than the first month (which I didn't think was humanly possible).  Shaun T goes completely nuts, and the workouts are tougher, more intense, longer, and still lots of fun.  I could never have dreamed 45 days ago of keeping up this level of activity.  Back on day 1, the first warm up blew me away and I wanted to lay down and cry.  Now, the warm up still kicks my rear end, but I know it is because I am trying HARDER working STRONGER doing Better.  My flexibility is so much increased!  I walk around and I feel stronger in everything that I do.  Listen folks, this is a great program.  If you have the determination, it will change you, mentally, physically, cardiovascularly.  It is so hard, but soooooo good.<br /><br />--**Update**<br />Today is day 59 of Insanity.  Wow.  I can't believe I have almost made it through the first round.  I weighed myself today, and I am down 21.8 pounds.  My old pants are falling off me--literally.  I put them on yesterday just to walk around the house because they were in the top of the ""clean"" pile, and they fell right off.  I had to change clothes!  I'm using a smaller belt I never thought I would use again.  My size 36 jeans are now my jeans of choice (down from busting out of size 40's to the point that I wouldn't even wear jeans because they were not comfortable).  I'm planning on doing Insanity: The Asylum when this round is done, which will turn the Insanity journey into a 90 day (actually, 93) day trip.  Then, on to p90x!<br /><br />--**Update**<br />This will likely be my final update.  I finished Insanity 2 days ago.  Wow.  Wow.  It was a bear.  The last week was so intense, I struggled just to keep up (two Max Plyo workouts?  Two Max Interval workouts? And Cardio Abs twice??).  I'm 22+ pounds down, happy as a clam, sore as can be, and chomping at the bit to keep going.  I did my final fit test, and more than doubled many of my exercises--I would NEVER have believed it possible.  I was still sucking wind by the end of the fit test, because I was pushing as hard as I could to better my last scores.  I started the sequel to this video set (Insanity: The Asylum) yesterday, and it is equally intense, but different.  I'll probably review it as well when I have done more of the workouts.  Anyway, I could never have survived even 5 minutes of the Asylum if I hadn't done Insanity first.<br /><br />In the end, this set worked for me because I needed someone to push me.  Or I thought I did--I really ended up pushing myself, but the videos gave me the structure and the tools to get it done.  I promised myself I would do it every day, even if I had to workout at midnight.  It was just me, a pair of shoes, and my DVD player, kicking some butt.  Some reservations here--it is not easy on your joints.  I'm 40, and overweight.  Some exercises were just too hard on my knees, and I modified them.  I kept my heart rate up.  Shaun always says ""exercise at your own level"", but what I told myself was ""exercise just a little past your level"".  So I did, and it worked for me.  Take their warnings seriously--don't do this if you aren't willing to push, and if you have health concerns, then for heaven's sake, choose something else.  But if you are willing to get your goose cooked on a daily basis and come back and ask for seconds (!), then this is a great choice.  Cheers to everyone in the Insane Posse of Fitness Gazelles, and I hope that these updates have helped.  Be smart, work hard, and whatever method you are using to lose weight, Insanity or something else, keep it up.  I'll be doing the same!<br /><br />--**Update**<br />I know that I said that the last update would be my last update.  But I wanted to give a status report 1 year on--I'm now just shy of 50 lbs down since I began one year ago.  I did the following things--I did Insanity x 1 round, Insanity Asylum x 1 round, P90x+Insanity hybrid x 1 round (P90x + insanity cardio), P90x straight up x 1 round, and I'm now in the midst of a p90x2 + Insanity hybrid with 3 weeks to go before completion.  I also run 1-2x per week for 45min to 60 min on the elliptical because I enjoy it.  I do insanity with a 20 lb weight vest on now sometimes, and I run on the elliptical with a weight vest.  I have gone from being able to do 1 (count it, 1!) pull up to 10 sets of 8 pullups.  They aren't the prettiest pull ups around, but I get up, all on my own.  I can do push ups until the cows come home.  I'm still about 20 lbs overweight from what I'd like to be, but I'm not complaining.  At 50 lbs in a year, you can see that weight has been slow but steadily coming off.  No loose skin, lots and lots of muscle coming on.  I'm still a big dude--but I now RUN up and down the stairs at work. And I'm out of breath--but I love it.  I'm not yet back in my wedding suit, but I've pulled out clothes I haven't worn in YEARS.  Yesterday, I had to take off a sweater because it swallowed me whole.  Then I put on another sweater--and it was too big also.<br /><br />All of this is to say that I haven't done anything that crazy, not really.  About an hour a day, sometimes more because I really enjoy it now, sometimes less when I'm tired.  I do it 6 days a week when I'm on insanity only, 5 days now on p90x2 because that is the program.  I still do weight watchers, and it has changed my relationship with food. I still love to eat (believe me!) but now I eat to enjoy and not to make myself stuffed.  I still have a burger and a beer on Friday nights and I don't worry about it.  I eat a lot of healthy things, and have discovered that I enjoy them.  That's a shock.<br /><br />I'm just a dude.  I have a job, I work 60+ hours a week.  I have 3 kids.  I have a wife.  I have pets.  I have a yard.  But I decided that no amount of pain during exercise was as painful as not being able to wrestle with my boys.  No amount of pain in a workout is as bad as sitting on a couch and feeling gross in my own skin.  So I got going.  I have to keep struggling every day--some days I just want to sit down and not get up--but then I think of how things were only a year ago, and I think that, yea, I can get off my duff and exercise.  The insanity/p90x programs work for me because I respond to structure (I need someone telling me what to do!) and I can't afford a trainer.  Shaun and Tony are my trainers now.<br /><br />You can do it.  You really can.  I've been super careful--done all the stretches, listened to my body, MODIFY MODIFY MODIFY when I knew that the movements weren't possible for me, and I've by and large avoided major injury.  Lots of sore muscles.  Shin splints.  A few things like that.  But just use your good sense--protect your body, give it all your love, and it will love you for it.<br /><br />You can do it.  I'm still doing it.  See you 20 lbs down, ok?<br /><br />--**Update**<br />Just a quick update, now 16 months after I bought insanity.  I'm down another 5 lbs (every pound seems to get harder!) but I have really noticed improvements in my muscles as well.  Anyway, the reason for the update is just some personal goals are starting to happen that I never thought I could do.  I ran a 5k in honor of a friend who died of cancer.  My entire family ran it--my wife, my 3 kids, and I all crossed the finish line.  My 5, 6, and 8 year olds were so proud of themselves and I was about to burst with pride.  Afterwards, I felt so good that I signed up for a 10k; I ran it last weekend and had my best run ever.  I decided to start training for a half marathon, and I am using Insanity/p90x as my cross training days.  I've always wanted to run, to be a runner, but I never had the courage.  I was afraid that it was going to hurt.  That I couldn't do it.  But after insanity, I figured that workout aches and pains were just the feeling of my body getting stronger, right?  So Here I go!  Oh, and I got a bike.  Don't look now, but I need to take a swim class..."
B002QZ1RS6,ASHGEHLZXHTHS,wesbedford,2/2,5.0,1298851200,2011-02-28 00:00:00,It works!,"I'm into week 3, but right away I could tell if I could keep myself ""pushing play"" everyday I'd have great results. I'm 49 years old, so I haven't pushed myself this hard in a while. I thought I was going to drop over just in the fitness test, but I kept going and I am having positive results. The work out doesn't get any easier, because the more in shape you get, the more you push yourself. If you want to absolutely be dripping when you get done with your workout, this is the one for you!"
B002QZ1RS6,A2HBP51UBAP2WI,"Liliane F. Carmo ""Lily""",6/6,4.0,1298937600,2011-03-01 00:00:00,How it works..,"well.. I just started this workout.. got it last week but decided to start it on monday to follow the calendar..<br />only one word: WOW<br />When I bought it i didnt quite understand how the program would work.. that's why i decided to write this review..<br />You receive in the box a cd case with 10 cds, the elite nutritional plan, a fit test paper and a calendar.<br />The calendar is awesome. It has all the days in it with the specific workout/fit test you have to do and a white box so u can check it when u'r done.<br />the elite nutritional plan (I am a nutritionist btw) it's great! it has some recipes for a 300 calorie meal and ideas on how to increase or ingestion. I really enjoyed the Michi's ladder list by the end of the book. it's really helpful when you don't want to follow a diet.<br />And the quality of the cds are amazing.<br />You start by taking your pictures and measuring ur body. Then on the first day you do the fit test.<br />OMG! the fit test gave me already soreness and pain..<br />Today i started the real work out.. and one hour after it I can barely walk..<br />it sounds horrible i know.. but trust me.. it's unbelievable how much energy you have and how happy you feel.<br />I'm not gonna lie saying that everybody can do it.. but honestly.. even you try it a little bit i can promise you that you will love the afterwards..<br />Shaun T really motivates you and they have a very interesting thing to count the time tht for me is the best.<br />i'm not giving it 5 stars because i just feel that the cds have to much merchandising in it for beachbody and i don't like it..<br />right now i'm really focused and counting my calorie intake and can't wait to finish my 60 day program and see the real results..<br />just to add, I've always been very sporty and into the gym, biking and hiking.. I don't have tons of pounds to lose.. but i really want to tone up my body.. so i really think this is the work out for that :)"
B002QZ1RS6,AY5M261TSVDOP,LAURA28,4/4,3.0,1298937600,2011-03-01 00:00:00,Its ok.....,"Let me start my saying I am already fit. I have been working out for years with various programs, done a half marathon, and work out normally about 1.5 hrs a day six days a week. I was tired of the same old, and wanted to switch it up a bit. I was also looking for something that will push me to the limits. This workout will focus on lower body, core, cardio and upper body as well.There is a workout calendar to follow along with an eating plan. First you follow month one you will work hard. Then a recovery week, then off to month 2. I dont know if any one is ever ready for it, that is why its called Insanity! Take a chance on yourself to get healthy and be a better you. You do not have to be super fit, just do your best for you. That is what it is about every day. And yes of course see your doc and make sure you get the aok! That being said after doing the plan, not sure I would do it again. It gets rather mundane after a while. Also as far as the Isane factor yes, its hard. And for as hard as I worked, I expected better results. Or any result really. I did not have much weight to lose, did want to tone up, and have lost 3 pounds. And people always tell me I do not need to lose or change any thing. Not much of a noticable phsyical change though. Not worth the effort I put into the workouts thats for sure! This is an ok work out. I have finished, now, and give it 3 stars. A good workout, but dont expect miracles people. I ate good and didnt miss a day...improved on strength but not much change overall, maybe cause already fit? Good health to all:)"
B002QZ1RS6,A15RNE4JQVYQHZ,"Carrol Dugan ""carrolch""",3/3,4.0,1298937600,2011-03-01 00:00:00,"""That sh*! is bananas, yo.""","Those are Shawn T's own words.  Seriously bananas!  I am on day 5 of the program and am getting my tushie kicked but will definitely keep going.  All the other reviewers are right, it's not for the faint of heart or injury prone but it can be done, no matter what level you think you're at.  I pay attention when Shawn says form over speed so I will either modify the exercise or take a break.  I hope to update this review once I've finished the 60-day program but so far I am really motivated to keep going.<br />UPDATE 4/8/11: I am coming to the end of the 1st week in the 2nd month and I'm still going.  I can definitely tell that things are shaping up.  My abs are much harder (never had that before) and my core and back are stronger.  I haven't really lost any weight and my clothes are not falling off but things are shifting around.  My rear is more toned and lifted (didn't expect that so that's a bonus!) Towards the end of the 1st month, I was keeping up pretty well with the moves and taking far fewer breaks so I thought I was golden.  Then this month started and I was quickly shocked back to reality.  I am recovering from some new areas of soreness so I know that different muscle groups are working.  Even though there is no weight lifting, many of the exercises use your own body weight, so I'm improving the definition in my arms and shoulders.  The program is totally portable and I take the dvds with me when I travel and do them in my hotel room.  I'll update again when I finish this month.  If you're on the fence, just go for it!"
B002QZ1RS6,A3BMVPZUT8NMOP,Flatsforlife,3/4,5.0,1299110400,2011-03-03 00:00:00,Toughest workout ever,"I have worked out for over 25 years, including P90X, and this is the hardest cardio workout ever.  I'm almost done my second week and it is getting manageable, meaning i can almost finish it and still be breathing.  My husband mentioned after one week that I looked better than I have looked in a long time.  It manages to work out a lot of your muscles, especially, butt, legs, chest and arms but at the same time giving you a massive cardio workout.<br /><br />It's not for the faint of heart.  This is some serious cardio, jumping, etc.  I can't imagine that people with bad knees could do it either.<br /><br />My only complaint is your upper body is not stretched enough during the stretching part and I have had some shoulder aches.  I now make sure I stretch those areas on my own.<br /><br />I am 47, in good shape, live in a very high elevation (8000) but for those of you looking to kick jump your daily workout, this is it."
B002QZ1RS6,A1WYVXGMM07DI7,"D. Anderson ""Heidi""",3/13,2.0,1299110400,2011-03-03 00:00:00,Seller not dependable,"I am enjoying the Insanity program. It took about 3 weeks to get here though. Also, as I progressed into my workout, a couple of the 'new' dvds wouldn't work on my computer. I had just taken them out of the packaging. Sometimes I would have to re-insert the dvd 10 times before it would work. Other dvds work fine. Anyway, I contacted the seller about a possible return and was informed they are no longer with amazon. This makes me feel like I was cheated."
B002QZ1RS6,AC6442QEVLF2G,Mellie G.,2/2,4.0,1299196800,2011-03-04 00:00:00,Insane Describes It Perfectly,"I am into my fourth week of this workout. ""Insane"" describes it perfectly! I thought I was in excellent shape before I started it, but I have definitely improved in the last three weeks. This workout is NOT for wimps, and it is NOT for people who are not already in shape. My couch potato of a daughter says she gets worn out just watching me! I am dripping sweat after each workout, which is unusual for me. Things I really like about the workout are: Shaun T is very motivating, there is a bar at the bottom showing time remaining, the folks in the workout appear to be truly working at it (as I am), and I feel like I've really gotten a workout each time."
B002QZ1RS6,A2PW83OVS09DPF,sara23,2/2,5.0,1299283200,2011-03-05 00:00:00,I love it!,I finished day 5 of Insanity today and I love it.  It is very intense but it is great because there are water breaks built into the workouts so you don't need to stop the video.  I was really sore the first 2 days and could barely walk but I pushed through it and kept doing the workouts. By the fourth day I wasn't sore anymore. I am really excited to see what my body will be like by the end.  I think if you stick to the program that there is no way you cannot get results. Good Luck!
B002QZ1RS6,A39I1QVREG9AYX,conservative_shopper,3/3,5.0,1299369600,2011-03-06 00:00:00,Not Just Another Workout,"I have to admit that I was sceptical when my daughter (who used this in her high school cardio and weight gym class) recommended that we get Insanity for use at home.  But I went ahead and ordered it . . . and I couldn't be more pleased.  This is a tough workout, but you can begin at your current level of fitness and improve from there.  We do it together, even though she's a teenager and I'm a forty-something!  The fitness routines rotate on a set calendar, and even though you repeat them, they do not get old.  Periodically you re-take a fit test so that you can measure progress . . . it's very motivating to know you are getting stronger, that the INSANITY is worth it!  I highly recommend this product for anyone who is looking to improve their fitness and doesn't mind doing their workout in front of the TV!  You'll be amazed!"
B002QZ1RS6,AA57SZOQ3V6NT,Working Wife MD,2/13,3.0,1299369600,2011-03-06 00:00:00,Shaun T can't even complete his own workout...,"I *like* this workout but it annoys the crap out of me at the same time. I am in my late 30's, working mother of two, trying to get back into shape.  As for the positive aspects of this video, the cardio is tough, and overall it is good for the core/butt/lower body.  Lots of squats, love it or hate it. OK for abs, and the upper body exercises were too difficult to do.  I wish there were modifications with respect to the upper body exercises.<br /><br />Shaun T. is hella annoying.  He refers to himself in the third person. ""Shaun T. is getting tired now!""  Also, he is hardly doing the workout. He'll do about 30 seconds at a time max before leaving the workout to ""teach"" good form with one of his students.  He is no doubt fit, but it wasn't from doing Insanity.  The workouts are a mess.  I guess I'm just used to seeing workout videos where everyone is in sync and demonstrating good form.  Not here. Poor form everywhere.  Everyone is all over the place, and even in some parts of the video there's only like 1/6 people even doing the video. Everyone else is on the floor.  I mean, what's the point of making a video that nobody can do???  Isn't Shaun T. the one emphasizing good form the whole time?  Yet, the speed at which he's telling the participants (mostly everyone is a fitness instructor) to move is simply impossible.  And you don't see him doing it either.  Fortunately for me, my dance background allowed me to focus on my own form and not be deterred by what I was seeing on my TV screen.<br /><br />And for anyone thinking that he's using new and innovative moves, guess again. He just re-named them.  Look at any Cathe Friedrich/Jillian Michaels/Jackie Warner video from the past five years and see them doing the same moves as in these videos.  They do them timely and in good form.<br /><br />There are much better DVD workouts out there.  In the end, I have to applaud Beachbody for really great marketing.  This is an expensive video that I bought into, that many have.  And if I want to become a Beachbody ""Coach,"" I can sell their products and receive commision.  A+ for marketing!"
B002QZ1RS6,A42IMC86ZT3JN,Sharon,1/1,4.0,1299456000,2011-03-07 00:00:00,So Far So Good,"This workout is definitely hard, and only gets harder. My fear of it only being a workout that made you feel better but not change your body... are slowly slipping away. It was hard though, as I have only gained weight so far, I am far enough in (two weeks) to see fat going away, but I am steady gaining weight, I guess it must be muscle mass underneath my blanket of fat."
B002QZ1RS6,A2CYWZNPWXUQJZ,Christopher,0/1,5.0,1299456000,2011-03-07 00:00:00,Very Happy So Far,"I purchased this program set a couple months ago.  I was planning on doing it before the holidays.  I pushed play and got through about 3 days and then the excuses came up and it was back on the shelf.  Well, I let myself go through the holidays and into the New Year.  I got on the scale most recently topping out at 251 pounds at 6'2.  With 40 years old in my near future, I decided to raise the stakes and do this program alongside the TNT Diet.  Now, I know the nutrition guide says that no carbs is so 1990's, but I have a real problem with them and decided to move forward with both.  I made it through my first week and am starting my second week today.  I am very, very sore.  The workouts are extremely challenging, but doable (you can find more details in other posts).  I will post at least once more at the end and may post a mid-point progress report.  I am down a few pounds already.  My goal is 225 pounds at the end of 63 days.  I know this is slightly over 3 pounds per week, but I feel that working out 6 days a week and adding in the challenging TNT Diet, that it is very possible...even if I add a few pounds of muscle in the process."
B002QZ1RS6,A1AH5H7T3UBQWC,de23,2/2,5.0,1299542400,2011-03-08 00:00:00,be ready to sweat,This workout is unlike any that I have ever tried it is cardio at its best. when i first got it i wondered what am i thinking there is no way that i will be able to keep up i thought i was gonna die the first day but you have to remember to dig deep. Insanity is not a gimmic it really does work.
B002QZ1RS6,A2JET0JU1FLHF,A. Steck,1/5,4.0,1299542400,2011-03-08 00:00:00,"Great workout, but don't expect miracles","I just finished my first round of Insanity last Saturday, and am currently taking a week off before starting my next go around.  I'm a female college student, 5'10"", 160 lbs or so.<br /><br />When I was looking at buying Insanity in December I read all kinds of reviews and saw how many people were saying that they lost tons of weight and got in the best shape ever, blah blah blah.  I didn't want to lose very much weight, just slim down and get back in shape to start running when it got warm again.  So, I bought the program and got started.<br /><br />The first month was tough at the beginning, but as I kept going it got more and more manageable.  By the end I was able to make it all the way through the warm up without having to take a breather, which I figured was pretty good.  Then month two came around.  I knew it would be harder, but I guess I didn't expect just how physically draining it would be.  I have to work out at 6 am because it's the only free time I have during the day, and so it was tough to keep motivated.  I also wound up getting really bored with doing the same videos for a whole month, which didn't help the motivation issue.<br /><br />I did stick with it, though, and completed the program, only missing 2 workouts I think in the whole 63 days.  I didn't follow the diet plan because of various reasons, but I still eat pretty healthy.  And, I didn't lose any weight.  I don't even think I skimmed off any fat in the areas that were bugging me.  I pretty much see no change in how I look or how my clothes fit now (though my bf says my butt looks nicer, so I guess I'll believe him on that).<br /><br />I guess I would recommend Insanity to people who maybe have more weight to lose, or who are able to really devote a lot of time and energy to the videos and diet plan.  Like I said, I will be starting another round soon, but this time I altered the schedule to alternate weeks from month 1 and 2, so that I don't get as bored, and I replaced the recovery workouts that I hate with running and yoga days."
B002QZ1RS6,A1ENXV3HUBI3O3,Liz,6/6,5.0,1299628800,2011-03-09 00:00:00,Insanity Workout,"In a nutshell it is one of the best workouts I have ever had.  I spent a great deal of time researching it on the net before I bought it.  If you need a push towards buying this product then I hope this helps, DO IT!  I'm technically obese and I know my limits.  I did as much of the workout as I could and used the diet program without cheating.  In the first 2 weeks I lost almost 3 inches off my waist.  It works according to your level of commitment.<br />Good Luck!"
B002QZ1RS6,A28GK895BGH6U,Adrian,2/2,5.0,1299628800,2011-03-09 00:00:00,If you put in the effort... you'll get the results.,"First of all, I am a 22 year old, tall, skinny girl who was sick of having a rail for a frame. I decided on INSANITY since it was the cheaper option overall (and shorter time period) versus P90x. The program is NOT easy by any means, but rekindled my competitive drive that I had when I played high school and year round sports. I have a week and a half left and have seen tremendous results. I still can't keep up with the people in the video, but no one expects you to. You are supposed to do YOUR maximum interval each time, not someone else's. As long as you put forth your best effort with the nutrition and workouts... you will definitely get the results."
B002QZ1RS6,A1V0V4NJAJ0S1H,"Pb ""fan#1""",2/2,5.0,1299715200,2011-03-10 00:00:00,The most challenging and interesting workout,"I am a marathon runner, lift three times a week and do yoga and consider myself fairly fit. I was humbled by this workout though..It is really challenging with interval training workouts. The stretches are based on yoga moves and very physiologic. It is a great investment and I am glad I purchased it. The best part is not having to lug around any equipment."
B002QZ1RS6,A1R8FXIG4UQ780,Lisa D. Wallace,11/11,5.0,1299801600,2011-03-11 00:00:00,If you're ready...,"...then Insanity might be for you.  I was looking for an intense workout, targeting the whole body, defining and toning without using weights.  I have done 3 of the workouts so far, and Shaun T. really pushes you!  But he's also got a very caring attitude and tells you to stop when it gets to be too much during the workout.  The design of the whole program is really good.  For instance, I was so sore yesterday after the cardio, and today's workout was more about stretching and balance and letting muscles recover.  The nutrition guide is so awesome to have because it tells just what to eat and how to prepare it, and when to eat it, to increase metabolism and have strength for the workouts.  The workouts are hard, but I am overweight and have been sedentary and I am making it through them at my own pace.  I feel really good after each workout."
B002QZ1RS6,A18AWFBF832DJI,Lisa Shoaff,1/1,4.0,1299974400,2011-03-13 00:00:00,Good workout,If you want something that pushes you then you should try this!! This is a workout that really is insane! Its good I like how Shaun T. shows you the moves and doesn't expect you just to do them like some other workout dvd's!
B002QZ1RS6,A3E904T537VR20,D. John,154/189,1.0,1300147200,2011-03-15 00:00:00,Challenging workout but prone to causing injuries,"Overall,  this is a very good and challenging workout.  I completed 7 weeks of the 9 week program and feel that I am in better shape cardiovascularly and my core is stronger.  I didn't loose any weight and my body looks no different than when I started.  However, I can't recommend this workout to anyone due to its unbalanced approach and high impact movements that can cause injury.  I think you can achieve the same results with a lower impact workout.  In addition, there is very little stretching (and what there is can be awkward) and Shawn T is not graceful in this respect.  Also, there isn't any balance between working chest and back or quads and hamstrings.  As a result, my experience suggests that this imbalance can lead to poor posture and potential injury.  The lack of stretching is more alarming.  I had such cramping in my legs, I couldn't lay flat without pain and had to sleep in the fetal position.  It's frustrating because from a fitness perspective, the workouts were enjoyable and effective but just not worth the risk for injury.<br /><br />I've been working out for over 20 years (I'm 35, 5'9"", 155 lbs, male) lifting weights, running, swimming, cycling, hiking, skiing, and practicing yoga.  I've never had any serious injury due to any of my exercises.  However, I had to stop walking up and down stairs around week 5 of this program even with icing my knees after every workout.  I finally decided to stop the workout completely when I could not do the moves during the workout without joint pain (not the ""good"" burning pain from working out).<br /><br />Pros:<br />Challenging<br />Motivating<br />Fun Workouts<br /><br />Cons:<br />Risk of injury<br />Imbalanced routine<br />Awkward stretching and ""off"" workouts<br />Unrealistic time commitment (6 days per week and some workouts are 90 minutes)"
B002QZ1RS6,A2ZF0M87VPONQG,Fit Me,2/4,5.0,1300233600,2011-03-16 00:00:00,INSANITY IS HOW MY BODY LOOKS NOW!!! GRAWL!,OMG THIS PRODUCT IS ABSOLUTELY AMAIZING I DONT HAVE ANY OTHER WORDS THIS IS BY FAR THE GREATEST THING THAT HAS HAPPENED TO ME (FITNESS WISE) ITS RIDDICULOUS BEEN SEARCHING FOR THIS BODY RESULTS MY WHOLE LIFE!! THANK GOD FOR INSANITY.
B002QZ1RS6,A2MWS1J3PGNH94,DT,4/6,4.0,1300406400,2011-03-18 00:00:00,A cardio thriller... (4 1/2),"I just finished week 7, but I am stopping to mix the program with another one (Rushfit). Since rushfit has no cardio dvd, I'm going to mix the month 2 workouts in on days where cardio is required after I heal for a few days as a means to maintain the gains I've made.<br /><br />I actually got insanity when it first came out. I was already in decent shape, but decided to check it out as prior to doing it I had finished p90x.<br /><br />I did both programs to simply get ready to start martial arts again as that's my primary means of staying in shape along with just general physical training (Running, sprints, bodyweight exercises, isometrics, etc...)<br /><br />I did the first month and I liked it then. I stopped to start Muay Thai (Again) and Brazilian Jiu Jitsu. The first day in Muay Thai I did a lot better than many of the people in my class, but I still gassed faster than I expected, and unfortunately at that time that really discouraged me, so I stopped doing it and decided to move on to my training.<br /><br />Now I am deployed. I have an even worse work schedule. I've have some of the worst highs and lows through this program. I've had to do two workouts in one day more than once; I've had days where I slept in for 10 hours to recover; I've had days where because of issues I couldn't sleep at all the night before. It was a wild ride. But I pushed through. It's all I really have minus a heavy bag that I occasionally strike, and I have no major qualms with it.<br /><br />I'm just in it for the cardio and conditioning. It's impeccable the hell you'll put yourself through. I haven't had one day in the second month where I haven't returned with my shirt looking like I took a swim. Yet it's all sweat. If you are ready to take your cardio to a new level: Try this program.<br /><br />Pros:<br />- Amazing cardio, core strength and lower body explosive strength built. Ok Upper body strength is built through various movements.<br />- Simple setup due to no needed equipment (Although a mat is advised). I just pop it in my laptop and I'm game. I've even done a few workouts outside.<br />- Shaun T is.... Ok in my opinion. He'll ask you to push a lot, but what do you expect? I personally like Tony Horton more personality wise, but Shaun isn't bad.<br />- I can say that maybe it doesn't apply over completely to certain martial arts training, but I've developed some of the most ridiculous recovery ever, and that does apply over. I guess it's the ""Dig deeper"" thing? My second wind doesn't always come in, but when it does, it's like I didn't just push myself for the last 20-30 minutes.<br />I took a fitness test in the middle of the program. I ran a 10 minute 1.5 mile, took a breather for 30 seconds after, and was fine. That hasn't happened to me in I don't know how long.<br />- The moves occasionally build on one another leading to more complexity, but the after a few workout it become second nature. It's more about blasting than crazier and crazier moves.<br />- Self-paced progression based results<br /><br />Cons:<br />- Your joints are going to take a beating. Do NOT do this program if you have any serious joint issues, especially in your lower body. There are Lots of jumps, squats, and so on. No major issues here minus my shins, but my knee has begun getting ""Clicky."" I used two mats for most of the program. I still had some days where my shins were screaming at me, and I do stretch them.<br />- It may not apply over to the sport/activity that you do. It doesn't tout itself as such, but still. Granted after the second month I think what happened to me before would not apply (I could go a couple more rounds than normal).<br />I take 1/2 a point away because of the first issue though. I'm anticipating the sequel (Insanity: The Asylum) to be a cure for the second con as it is supposed to be more sports based conditioning with higher intensity.<br /><br />Overall great program."
B002QZ1RS6,ASCZDKNKVTXRL,S. Nelson,2/3,5.0,1300406400,2011-03-18 00:00:00,quick delivery - great product,The product was delivered very quickly and was in good condition.  I am very pleased with the Insanity Fitness workouts!  The workouts are tough and you definitely see results.  These workouts are for any one that is used to working out.
B002QZ1RS6,A3M5S5CM1S16P9,Luis Fernandez De Lara,4/4,5.0,1300579200,2011-03-20 00:00:00,Awesome!,"Very much worth the money, the first two weeks are the most difficult to overcome but once that is over, your body is asking for more and more ""INSANITY"" workout. The results after two weeks are really starting to show, AWESOME program!!!"
B002QZ1RS6,A1G7AUQ5QC4SJN,2 Cats in the Yard,23/23,5.0,1301270400,2011-03-28 00:00:00,"Insane and Addictive, in a Good Way!","Since I've purchased beachbody.com product before, I knew the workouts would be high-quality: great instruction, clarity, camera work, etc. I am a 48 year old female, 5'4"" tall,  work full-time, have a long commute (leave house at 6:30am, home at 7pm) and my workouts are limited, for the most part, to weekends. I ran a marathon over 10 years ago, but it's been a slow decline since (I'm about 15 pounds overweight). I chose this over P90x because I travel a lot for work and thought I could just take the DVDs with me on the road and pop them into a DVD in a hotel room (I have, works out great). Most of the workouts in phase 1 are around 40 minutes so I figured I'd be able to fit this into my schedule (phase 2 is upwards of 45 to around an hour). Let me tell you, this is one tough workout--you will break a sweat and be winded during the warm up phase, i.e., in the first 5 minutes or so. Basically, these tapes are a lot of football and track drills, squats, push-ups, plyometrics and you do each segment 3 times--for example, you have a warm up segment, and do the first set slow, second set medium, and third as fast as you can. Take a short break and then next segment. The breaks are short and the sets are long (i.e., max interval training), yet they are easy to follow. The routines are very-well structured--i.e., you work alternatve muscle groups (quads, then your hamstrings, etc.) then when you're about to keel over, there's an ""active"" break where you slowly bring your heartrate down. Like all beachbody products, there's a timer that you can watch in the lower part of the screen so you can count the seconds until your next break. Even the ""cast members"" in the DVDs have to take breaks and drop out to recover for a few seconds...and Shaun T does from time-to-time as well. The cast members can't speak at times while they're doing the workout, and I will say that I work so hard at times I can't speak either. These routines are tough, but I will say this: if I had the time (and stamina) every day to do these routines, I would because they are so energizing. They are really hard, but fun and addictive.<br /><br />While the routines are hard, what really makes this DVD is Shaun T., the instructor. He gives clear, concise directions, gives great advice throughout on form that makes a real difference in its effect (some of which I've never heard before), is enthusiastic, fun and funny, motivating and seems sincere. It seems like he is totally into these works. Plus, he is one incredible physical specimen. This guy is in awesome physical shape and it is amazing to see what he does in these DVDs--it's like watching a thoroughbred. The guy has fabulous footwork and coordination, is fast, strong, doesn't give up, stays high energy throughout, gives great tips on form, counts for you, acknowledges how hard it is, does the routines WITH you (instead of instructing most of the time) and basically has pogo sticks for legs(I can't believe how high he can jump.) Plus, as odd as it may seem, he seems so sincere when he is rooting for you to ""Dig Deeper"" and ""You can do it"" that it almost seems like he is talking to you directly.<br /><br />The first few times you do each routine (i.e., cardio, circuit, plyo) are really the hardest in terms of exertion and getting used to it. I can't fit 6x a week into my schedule, so I do this 4x a week and have really seen the results. I am being careful about what I eat but am not following the diet. If you do this 6x a week, as instructed, the fat will melt off. And if you follow the diet, you will drop major weight. And you will find that your stamina increases by leaps and bounds. I had been doing Insanity for a month, and was on vacation and went for a run. I hadn't run in 2 or 3 months. I went out for a 4 mile run in a hilly area and I have never run hills with such ease. It was like running on flat ground. You will find Insanity to be highly motivating.<br /><br />I do wish there were some alternate moves provided. But I guess they want you to ""aim high"" and try things outside your comfort zone. But you will need to go at your own pace, and modify accordingly. I did find my calves to be tight, so you may have to do a bit of supplemental stretching on your own if your muscles get really tight.<br /><br />TOUGH, BUT HIGHLY RECOMMENDED."
B002QZ1RS6,A33Q1VESFXJU77,JRF71383,3/4,5.0,1301270400,2011-03-28 00:00:00,Insanity DVDs,"The package arrived quickly in 3 days.  Every DVD so far has been perfect, no complaints!  I just realized that I have the ""DELUXE"" package which includes 2 extra discs.  Only thing is, I do not have a CARDIO CIRCUIT DVD, but I think there is a misprint in that they mean the PLYOMETRIC CARDIO CIRCUIT for the scheduled day.  Workouts are very challenging and I look forward to popping in that dvd every morning!!!"
B002QZ1RS6,A2O2RWTKL7AWG6,tennisplayer,2/2,5.0,1301529600,2011-03-31 00:00:00,It got me motivated,"I read many reviews before I purchased this product because I wasn't sure if I could do it.  I am female, 47, and consider myself in good shape.....for my age.  I've had some injuries (biggest problem is achilles) and I wasn't sure I could keep up with the program.  I am on my 8th day and I find it to be very motivating.  I needed to get out of my old routine and try something different.  I also think it will help me gain speed and endurance on the tennis court, which is one of my goals.  I do the DVD at my pace, which is getting better every workout as I learn the routine and my body adjusts to the exercises.  However, I would say that if you have major joint issues this is not for you.  My husband has had knee and ankle surgery and he would not attempt this for fear of re-injury.  I actually do some brisk walking and other stretching before I even start the DVD because I can't go right into jogging and jumping (no matter how low intensity to start) without being warmed up."
B002QZ1RS6,A2DWZB0J7DDGVS,Bill,1/2,5.0,1301529600,2011-03-31 00:00:00,Insanity Workout,"Very, very pleased.  The product was exactly as advertised.  Mike made that extra effort and shipped by Priority Mail at no additional cost.  Great!"
B002QZ1RS6,A1QPOG15PIT8YO,Jorge From Texas,4/4,5.0,1301616000,2011-04-01 00:00:00,BE READY TO DIG DEEP...AND LOVE IT!!!,"I'll keep this very simple.  I was nervous about acquiring Insanity, especially after seeing all sorts of recommendations that one should be in reasonable shape prior to getting into Insanity.  While there is a little truth to that, I don't know if that is as much of a concern as joint pains would be.  I'm not in the best shape, but I have done well with this routine.  I am now on my seventh week, and I already considered this to be my greatest investment before I was even done with the first month.<br /><br />I started off at 210 lbs.  I am now down to 196 lbs and managed to also shave over 12 inches off my body in the process.  I am not going to get into any more detail, but I will say this.  Insanity is very appropriately named.  For those of you who want a physical challenge, this is it!  For those of you who think you are supposed to get used to Insanity, think again.  The reality is - no matter how much you get used to it, or how much your endurance builds - you are always expected to go all out all the time.  The object is to do better, not to keep up!<br /><br />If you are still in a contemplating process, that's fine, I understand because I was the same way.  I got it now, and it has made all the difference!"
B002QZ1RS6,A2BVODGTKOEL5F,Keely,1/2,5.0,1301702400,2011-04-02 00:00:00,This workout is INSANE!,This workout is insane!  I have worked out in the gym for hours at a time and never sweat like this before.  It is a very hard workout but worth every penny.
B002QZ1RS6,A3HIVQA9B02RCA,"RKG1510 ""bgt""",4/4,5.0,1301875200,2011-04-04 00:00:00,"Great Workout! Tough, but fun.","Love it! About to start Month 2 and I can't believe the change in my body.  I was in good shape when I started, but definitely didn't have the plyometrics/leg strength base that this workout requires, so I've been playing catch-up.  If you think you might not be in good enough condition to try this program, go ahead and get it and let month 1 serve as a foundation.  If you follow the Elite Nutrition guide and keep ""pushing play"" you are guaranteed to see results.  My only regret is I wish I'd ordered the deluxe package, because I've heard so many great things about the two DVDs included in that.<br /><br />I have weak wrists and an old injury in my left ankle, but as of Day 36, the program hasn't caused me any pain.  I do the workouts in Vibram ""barefoot"" shoes because I found it to be more stable than even my best cross trainers."
B002QZ1RS6,A2JLZDS01A837V,Still waiting,25/38,2.0,1302048000,2011-04-06 00:00:00,Poorly planned and executed.,"This workout program is not good. Basically, one does the same workout again and again and again, with just slight variations of the moves that do not make any substantial difference. The 'theory' of this program, which it proudly tells you, is that it makes Interval training harder, by taking out the interval rest period, so that it is no longer an interval (?). The plyometrics do not follow any of the protocols of plyo training that you can find on any university physical education Web site.<br />The form of the background exercises is also poor. There is one, a young blonde woman, who always does her squats etc. with her spine hunched over in a ""C""-shape that makes my back hurt just watching her. She is never corrected in her form.<br />The company, Beachbody, that puts this out also has a multi-level marketing program, so that there is no shortage of people who will sell this to you on the Web and offer to become your 'coach', the only qualification to be a coach seems to be a willingness to sign up other 'coaches' from what I can see.<br />The same company also puts out the much advertised P90X which actually is a very good general conditioning program. It actually alternates days of weight training days vs. cardio/yoga days so that one doesn't overwork one area too much. There is weight work, yoga, stretching, kickboxing moves, plyometrics, something for everyone. For a lot of people this is all they will need to meet the advice of 'take exercise'. If one wanted more of a cardio-based routine, I would probably go with 'RushFit' which is co-hosted with George St. Pierre.<br />As for Insanity, you'd have to be nuts to make this the centre of your program."
B002QZ1RS6,A3Q9UH1TR3Y17N,Micah,63/63,5.0,1302220800,2011-04-08 00:00:00,No frills killer,"I am the classic Beachbody target - just turned 40, had 30 pounds to lose, felt like crap.  As a former long distance runner, I knew what it was like to be in great shape, but man had I let myself slip.<br /><br />So I set myself a goal - lose 30 pounds, and 7 inches off my waist.<br /><br />There was only one complication - I made a bet with 2 other buddies to see who could lose the largest percentage of body weight in 12 weeks.  This meant that I needed to find something that would get me into rip roaring, navel winking shape in extremely short order.<br /><br />This, of course led me to Insanity, which claimed to turn pretzel pounding lardasses like myself into striated demigods in 63 agonizing days.  Perfect.  Sign me up.  The only catch was that it said you already had to be in some semblance of physical shape to undertake the heavy workouts they would deliver.  So, I quit smoking and decided that was as good a start as I was going to get, and kicked things off the next day.<br /><br />Ooooh, daddy....<br /><br />The first week passed by in a bit of a blur, but to my credit I did not yarp like many of the other folks here seem to have done.  I did, however fight to hold body and soul together.  Just the opening warmup was a killer, and that (without belaboring the obvious) was just the warmup.<br /><br />The workouts are very good, and Shawn T keeps you motivated throughout.  Things do get repetitive, however, and a couple of the steel bellied assistants they have in the background get brutally annoying.  Tanya(sp?) manages to keep a Topol smile plastered on her face throughout, and by minute 32 I (and I'm sure many others) want to shoot her out of a cannon into a parallel galaxy where she can smile and clap excitedly while doing endless leg lifts somewhere far, far away.<br /><br />As a person who was fat enough to be dodging my own tits through the first workouts, I would say that it is possible to start the Insanity program without a huge amount of physical conditioning.  That said, if that is the route you are going to take, get ready to suffer real good for about 2 weeks as your body gets acclimated.  I would also guess that the chance of injury is increased quite a bit if you start out unfit, but I was lucky there and did not have much issue in that regard.<br /><br />I did not stick to the diet religiously, but have kept very low carb since I began the workouts.  The weight loss is pretty amazing - I am now in the first week of month 2, and am 10 pounds down.  With the super intense second month just starting, I would guess that I will easily lose another 10 pounds before the 2nd month finishes. That will mean I will be 20 pounds done with my 30 pound weight loss goal, in only 2 months.<br /><br />A quick note on the 2nd month - it really is tough.  Just when you have gotten used to the first month's workout, they switch it up on you.  The workouts are about 15 minutes longer, and every minute of that extra time is spent driving you until you drop.  I am just getting used to the pace, and actually it is very doable, but there is no way you can finish without being totally exhausted, with your clothes absolutely soaked with sweat.  Also, as many people have said, there is no way to do every rep of every exercise.  Just do the best you can, and don't sweat the rest.<br /><br />All in all, this product works exactly as advertised - great results, but you will have to work your a$$ of to get them."
B002QZ1RS6,A32010EONDG2GX,A Female's Perspective,34/34,5.0,1302307200,2011-04-09 00:00:00,Lady Are Insane Too!,"I first want to say that I am an overweight, 24 year old female and this video is truly insane.  I have been doing this video for a short time, but I can say that it feels great.  I have purchased a number of videos trying to get the weight off that came on from stress, eating, and more stress, and Insanity is the only one that makes me want to keep going and provides results.<br /><br />Shaun T makes working out hard, but rewarding.  I was apprehensive about beginning this workout because many people were saying you needed to be fit and in shape to do it...WORNG!  I do agree that you need to be somewhat active to get going.  This Fit Test will have you drenching in sweat.  With each workout, you will find yourself doing better and better.  I had to modify many things at first, but I now see that I can make my jumps higher and endure longer.<br /><br />A bonus for me is when I think it's too hard, I look at Shaun T's team and see them taking a break, and know that if they can take a break and they are fit, I can.  And sometimes they are breaking and I am still going, and that makes me feel great.<br /><br />Ladies, I love my hair done, my nails painted and manicured, wearing pink, and skirts and sandals.. so I am as girly as they come.  If I can do this, so can you.  Worry about your hair the hour after you've finished.  I keep going and know that my hair is not as important as my health.  Don't be afraid.<br /><br />After trying many things, I found this DVD to make you want to keep going.  I find me telling myself that it is only 60 days.  On mornings I don't want to get up, I think, come on it's just 45 minutes and the rest of your life. Results are bound to come if you committ."
B002QZ1RS6,A2HYHHCBZHDSL2,Mars,1/1,5.0,1302480000,2011-04-11 00:00:00,Love it!,"This workout is amazing. No matter how many times you've been through the videos, you will sweat. Its a bit hard on the knees, ankles and wrists, so steer clear if these are sensitive spots for you. I love doing it, the time commitment each day isn't too huge, but the payoff is awesome. I'm three weeks in and have already see results, the muscle definition that is starting to happen is very exciting. In two weeks I start the 1 hour sessions which will be even more insane."
B002QZ1RS6,A21BF6ARH83WLV,TK,0/0,4.0,1302480000,2011-04-11 00:00:00,Insanity,"Just started this program a few weeks ago and have started to see some improvement, not much weight loss yet though, but I have not followed the meal plan 100%.  I am anxious to get through the 60 days!"
B002QZ1RS6,A3BN6BFV4ORF41,"Fuge Fan ""Barb""",1/44,3.0,1302480000,2011-04-11 00:00:00,Shaun T Insanity,I bought this for the teenage child of a friend. She is using it to lose weight and work on her abs.
B002QZ1RS6,A29DVBU3CNG0ZA,HonestReviewer,0/2,4.0,1302566400,2011-04-12 00:00:00,Not for Begginers,"This is absolutely the hardest workout i have ever tried, if you are a begginer please don't buy this program, even the warmups leaved me sweating.<br /><br />I would recommend this product to people that have a good cardio but wan to make it better, if yo aren't athletic please don't try this workout it's VERY HARD"
B002QZ1RS6,A152Z40VLRMZ46,Merrill23,2/2,5.0,1302825600,2011-04-15 00:00:00,Nothing Like It,"Follow the directions, and you get in amazing shape for working out less than 39 minutes a day.  Couldn't be happier.  Way less painful/boring than the treadmill, way more effective & healthy.<br /><br />If you're more into looking good/bulking up, I'd go with P90X."
B002QZ1RS6,A2LEGPIM7FON5B,Deezy,7/10,3.0,1302825600,2011-04-15 00:00:00,Noisy!,"This is by far the BEST exercise plan I have ever can't across. The only problem is that I can't use it! If you live in a apartment building with annoying neighbors this is not for you. So much jumping, running and heavy foot moves that I can't use it cause my super knocks on my door every time. For this price, this thing should have came with a 5 inch thick exercise mat that will muffled the noise so my neighbors won't complain. Other than that, I only got to use it for three days and I could tell it was the real deal. The diet plan is pretty expensive to keep up with though."
B002QZ1RS6,A1U43SCP42I7LA,Jill,4/4,5.0,1303084800,2011-04-18 00:00:00,AMAZINGGG,"I used to run a few times a week and go to the gym, but I never really had the abs or tone that I wanted. I tried this DVD and within a week I could see results. Now I'm almost at 4 weeks and I love it. I can actually say I'm addicted to it. It has made me look completely different and Shaun T is an excellent motivator. DEFINITELY worth the money!!"
B002QZ1RS6,A2OYKRT75HURV6,Adama,3/3,5.0,1303084800,2011-04-18 00:00:00,kstv4821,"This is by far my favorite workout routine/system.  I have never encountered anything like it before.  The basic moves look very simple and the type of thing you could do without much exertion, but that is a misconception.  For those who claim the system does not work, I would question their diet and how intense they worked out.  The workout is intense, but ultimately you control the how hard you push through the intensity.<br /><br />Admittedly, there are two downsides to this workout.  First, there is a bunch of jumping so doing it in an apartment is tough.  Second, due to the intensity and moves, you may have some joint discomfort.  Personally, I have been able to work around both of these issues.  Regarding the apartment issue I have gone as far as to workout outside, or to move around some of the equipment at my apartment gym to make room (you don't need much but if you apartment is anything like mine, they cram a lot into a small space).  I have had some joint discomfort and have found it eased by two things:  first, the better my diet the less likely I am to have any discomfort; and second, when I hurt I am always able to identify a move that I am doing incorrectly.<br /><br />I know many people that have done P90X, including myself, and those who I have convinced to give Insanity a shot all agree that it is much more intense.  It is just intense in a different way."
B002QZ1RS6,A3ONZJ214ZT9KU,STost,6/7,5.0,1303257600,2011-04-20 00:00:00,Results don't lie--AS LONG AS YOUR UP FOR THE CHALLENGE!,"Before my review, I must state what by now should be obvious to you:  THIS IS NOT FOR BEGINNERS! If you are not already in good shape, click away, select a different program, and come back in a few months. Also, if you have knee or joint issues, this may not be for you--actually, it's not for you.<br /><br />Ok. Now that you are warned, a discussion on my results:<br /><br />I completed the program and followed the nutrition guide to the letter (remember:  80% nutrition, 20% exercise!). After the 63-day ordeal, I have dropped 2 pants sizes (I'm a size 30 for the first time since 8th grade), lost 17 pounds of pure fat, completely overhauled my cardio endurance, toned my muscles, learned how to eat right, and built a six-pack. When I started, I had no aspirations of building a rock-solid core. I thought genetics were fighting me and that getting a six-pack was a naive dream. However, here I am and I can't believe the mirror when I see my core. My girlfriend's reaction was amazing (we are long-distance and she hadn't seen me since I completed the first month), her only words were ""wow, I can't wait to wash my clothing on your abs.""  I still have that little stubborn pocket of belly fat, but I am very confident that a second round through will rip me even more. (for my second round, I am doing INSANITY every other day and mixing in the weight exercises from P90X to build muscle--this way I remain lean and fit and can gain muscle mass).<br /><br />The first month is essentially a conditioning month to help you gain endurance for the second month. Though I felt tighter, stronger, and looked great after completing the first month, it wasn't until the second month that I began to see pounds drop and a core pop out (really, out of nowhere!). You gain so much muscle during the first month (mainly in your butt and legs) that measuring your progress on a scale is USELESS! (so don't do it!).<br /><br />If you are worried about losing muscle mass don't be. Just make sure protein is a staple in every meal you consume and ensure that you consume the calories required by the formula in the nutrition guide. DELUXE Insanity includes an optional upper-body weight training DVD that will help you sustain and even gain glory muscles (biceps, shoulders, chest). I did it once or twice a week, usually during my ""off"" day or after the ""recovery"" workout. If you don't eat right and consume adequate calories, you WILL shrink!<br /><br />Shaun T is a great motivator and keeps you pumped up throughout the entire routine. Just do what he says and push yourself as hard as you can.<br /><br />Make sure you have adequate footwear and enough space to do the workout. I also recommend a plyo-mat (though good ones are a bit expensive), heart rate monitor, and taking joint support supplements.<br /><br />I am a third-year law student at an ivy league school--if I was able to squeeze one hour a day for INSANITY you can too!<br /><br />People who have given INSANITY bad reviews generally do so because they got pirated discs that didn't work or are not in good enough shape to get through the program."
B002QZ1RS6,A29M4HW976F42Q,gildy,2/2,5.0,1303257600,2011-04-20 00:00:00,Friggin Awesome,"No messing around here.  I thought I was in decent shape, but this really pushes you.  Love love love it!<br /><br />The only thing: if you live in an apartment without a sturdy/ solid floor, there's major potential to irritate anyone living below you.  If you can't do a tuck jump and land without the floor rattling (and then do it again about 80 times), you might want to consider how often you'll be able to get your workout in without disturbing anyone."
B002QZ1RS6,ABTUK9MOLJSLB,Rob J,0/0,5.0,1303257600,2011-04-20 00:00:00,Worth the money!,"I was in need of some motivation to help get me back into a good fitness culture and decided to purchase Insanity.  I absolutely fell in love with it.  It's less than an hour a day which fits easily into my schedule and it is incredibly challenging which drives me to push harder.  It is tough on the knees though.  If you are someone with a history of knee problems, this is not for you seeing as  There are some pretty high impact exercises.  I would definitely recommend this to anyone who is up for a challenge and has the drive to see things through to the end."
B002QZ1RS6,A2PRPR3DPRGZ0M,"Jasmine Baker ""Jaz B""",0/3,5.0,1303257600,2011-04-20 00:00:00,Starting Off....,I am on the nutrisystem diet and Im thinking about adding this to my workout routine. I go to the gym everyday for three or fours hours. Im looking to cutting back to just one or two hours and doing Insanity everyday. Will this diet work good with it?
B002QZ1RS6,A1Y5ADODW6ETO9,kmm82,0/3,5.0,1303257600,2011-04-20 00:00:00,great service,"Product arrived with in one week, had all parts included, and is in good working condition. Overall satisfaction with this transaction."
B002QZ1RS6,ACVF5LG7SRI6W,Halfway,0/3,3.0,1303344000,2011-04-21 00:00:00,Still Skeptical,"I'm halfway through the first week of the second phase and I have to say I'm still skeptical. I'm in my early 20s, 5'6"" and about 155, so I could definitely lose some weight and inches. I've always played sports but I was always the position who never did serious amounts of running or anything so I never considered myself to be in that great of shape. Before starting this program, I went to the gym between 3-5 times a week and just wanted to try something that would actually give me results.<br /><br />First, I have to say I eat pretty well overall, but if I want a piece of candy or chocolate or a cookie or something, I'm not going to deprive myself. There are some days where I'm way under my calorie intake and some days I go a little over, but it should all even out. I haven't been following a strict diet plan, and maybe that's the problem.<br /><br />I have now done 3 fit tests and have improved on all of them a lot. My endurance has definitely gotten better in terms of doing the Insanity work outs too and I don't have to take as many breaks. However, I wonder if the reason my fit test has improved is because I'm just becoming used to doing those specific exercises. I don't feel like I'm in any better shape than when I started, and I haven't lost any weight or a significant amount of inches off my waist which was what I really wanted. I'm going to finish the program- the second month is definitely harder, and I'm really hoping that I start seeing some changes."
B002QZ1RS6,A1LYORL5CMHH60,"Crys ""Blessedcrys""",16/18,5.0,1303430400,2011-04-22 00:00:00,AMAZINGLY INSANE!!!!!!,"My product came via UPS today and I decided to give it a trial run before I really start tomorrow. After the fit test and breathing like I'm running a marathon in the Sahara Desert, words can't explain how I feel right now. I'm an athletic female who is in very good shape but after the fit test I am now ready for bed. lol* My legs has a mind of it's own right now, but I'm going to stick with this workout. Even though the pain is unbearable; it's STILL a good pain. All my years in the gym and I've NEVER felt like this in such a short span of time. Yes it is challenging. Yes it is hard. And YES you're going to want to run down the street screaming like a banshee in the wind from the pain, but the final results will be worth every ounce of pain. Those of you who may shy away from this, DON'T! Don't be afraid of the unknown. What have you got to lose but weight. Just pace yourselves and REMEMBER ""Rome wasn't built in a day"" and the extra weight didn't appear in a day either. Have faith and believe in YOURSELVES and GOD and the rest is history! YOU CAN DO IT! I look forward to starting tomorrow. Good luck to you all and God bless!<br /><br />***UPDATE*** I MUST start off by saying how amazing this program is!!!! Since I've started (4/22/11) I'm noticing a difference in my physique. I don't own a scale so I'm going by the way my clothes fit and pictures. For those of you making excuses as to why you can't start, STOP making excuses and JUST DO IT! Before you say I have no time, too much to do, etc. I will give a quick run down of my schedule. I'm a FULL-TIME college student (on campus NOT online), I work FULL-TIME 7:30a-6:00p, I also go to school on Saturday from 8a-4p, I also take care of an ailing parent, as well as a young adult mentor. I still have to cook my meals (I don't eat out; my preference), clean, etc. I'm sure you get the drift. With all this going on I still make time for ME! I've stuck to it and I will continue to stick to it. This post is ESPECIALLY for women. I know sometimes it can get hard and it is, but would life really be worth living without the challenges to make us STRONGER?!? BELIEVE in YOURSELF! YOU can do ANY and EVERYTHING you put your mind to. Hang in there and God bless!"
B002QZ1RS6,A128TL59S3RCYR,Tiffany,1/1,4.0,1303689600,2011-04-25 00:00:00,total insanity,"This is the first beach body workout program that I have purchased and I am completely satisfied with it.  The program is everything that it promises.  Shawn T is a very motivating person and he pushes me to work harder and ""dig deeper"" every day.  I can see the difference in the mirror and on paper.  I expected to have better weight loss results, but instead I have lost inches, which is ok.  I rarely have to force myself to complete this workout and it feels like an accomplishment everyday."
B002QZ1RS6,A1B2DB06E13XNV,Jack,4/4,5.0,1303776000,2011-04-26 00:00:00,this is some crazy program,"Nothing bad to say about this DVD set. It will DEFINITELY get you result if you stick to it.  The program itself is fast paced and if you are moderately in shape, this will be a great fitness DVD.  However, if you are ex-smoker or current smoker trying to quit while doing the program, your success will not come smoothly; expect some pukage and awkward bodily function might present itself at times, for at least a week or 2.  Also this exercise program will need a space where you won't disturb anyone."
B002QZ1RS6,A3NTFK5W9NSLOO,ChrisMel30,2/3,5.0,1303776000,2011-04-26 00:00:00,Loving it!,"Insanity is amazing, point blank.  I'm an almost 40 yr old mom of 2 small boys (my youngest being 2 yrs old) and after countless hours of the gym, nothing was helping me regain my post baby body.  I still have that awful pooch middle and although I can cover it with clothes that's not working for me anymore.  I started Insanity a week ago and I am already seeing major changes in my body.  My arms are more cut, my waist is going in and the dreaded stomach is shrinking.  I haven't seen much movement in the scale yet but from reading previous reviews I'm thinking this will happen as the weeks progress as long as the eating plan is followed. I'm looking to lose about 15 lbs and I'm guessing this is possible this time around.  Can't wait to see what I look like by the end of June.<br />I also would say if you aren't in very good shape already, start with something a little less intense.  I own Turbo Fire too which is awesome but just not as intense as Insanity.  Of course I have to mention that Shaun T is very easy on the eyes which is an added bonus!"
B002QZ1RS6,A1YBJU6PHKC6UY,corey,5/5,5.0,1303862400,2011-04-27 00:00:00,REMINDS ME OF BASKETBALL PRACTICE,"This program will help you get lean, you will not bulk up at all, if you want to bulk up, you should do less of this program just to maintain weight, and hit the weights sometimes.  What customers dont get is that every program does not work for everyone, depends on what type of person you are.  Me, this program reminds me of basketball practice back when i was playing, so i dont mind working out to the video, and it also reminds me of training when i was in the fire academy.  Personally if anyone who is reading this does not have a sports background, something similiar to basketball, track and field, or any sport that requires alot of physical sacrifice i suggest to not buy it, because i see there are alot of people who complain about knee problems, if you do have knee problems buy a strap or leg extensions to strengthen your knees.  I love this program because i feel this program is a program i can do for the rest of my life.  Not only does it lean you out, it builds endurance and helps maintain a good heart rate.  I admit im 29, and after a few workouts with this program I was jumping higher in the gym.<br /><br />But it all depends on the individual, i hardly lift weights, i mostly do push ups pull ups and muscle ups, because my body responded to those workouts alot better than weight, thanks to p90x, I like to have a lean athletic look, but if you want to be a bodybuilder do not get this program, but if you want to feel like you are training for a sport or a competition by all means get the program, i dont follow the calendar, i normally cycle through the disc and pick out which one i want to do that day, i switch it up each week, some days i do my own thing, some days i work out to this program, but in all, this is the best cardio program beach body has ever came out with,<br /><br />Oh yeah I got the insanity asylum, and that program is a beast, you will really feel like you can go out and try out for a team lol, literally, maybe not NBA but definitely college or semi-pro.  Like I said not all programs work for everyone, but i will say this just try it, if you dont like it, you can return it, and get your refund.<br /><br />DO WHAT WORKS FOR YOU, I love push ups, pull ups, muscle ups, and I hate weights.  Some may hate push ups  pull ups but love weights.  But thats what motivates me doing what I love to do, you dont have to do every exercise in the book, pick exercises that you can picture yourself doing, and cant get enough of it, sometimes I do push ups to pass the time by or pull ups or chin ups. Because thats what I love doing.  But if you love weights, do it, you dont have to do what someone else does.  DO WHAT WORKS SPECIFICALLY FOR YOU."
B002QZ1RS6,A2RKO2ZFPLQXWX,michaudra2,0/0,5.0,1304035200,2011-04-29 00:00:00,Awesome Program!,"I've always been pretty fit and work out about 5, sometimes 6 times a week.  I would often run 6 or 7 miles a day, etc.  I was getting bored with my work outs so I decided to try Insanity and I couldn't be more pleased.  Just on the first day I was sweating harder than I have a VERY long time.  It's very fun and fast paced. The work outs go by very quickly.<br /><br />It is HARD and very intense.  As he says in the video, make sure to go at your own pace.  The instructor himself as well as a lot of the participants in the back ground have to take breaks a lot because its so intense.<br /><br />Like people have said, if you have bad knees this probably isn't for you.  I find my knees to be a bit sore from all of the jumping we do in the videos.<br /><br />I would definitely reccomend this to anyone who is looking to get in shape/looking to vary their work outs."
B002QZ1RS6,A2OOBQ5MP9PV5Y,L. Bjarke,4/4,5.0,1304208000,2011-05-01 00:00:00,Kick-Butt Workout!,"This workout will kick your butt, but is not totally undo-able. We've just finished our recovery week and today will be starting month two(we're a little scared). My husband lost a good 10 pounds that first 4 weeks and we've both seen a lot of changes to our bodies - we're slimmer, firmer, our clothes fit better. If you're close to your goal weight already, don't expect to lose weight, at least not right off the bat,  but do expect the changes I previously mentioned. We've been following the meal plan and it does take some getting used to. At first, eating 5 meals a day feels like you're eating ALL THE TIME, but eventually you get used it and you get hungry every 3 hours. The meal plan really brings into focus how important it is to watch portion control and count your calories. Keeping the meal journals allows you to stay accountable and stay focused on your nutrition. Like I said, the workouts will kick your butt, but I don't feel like they're undo-able; even the people in the video (including Shaun T) have to stop and rest. There's a lot of plyo so be prepared for it; my knees were getting a little sore after week 4 but the recovery week helped and I don't feel the soreness anymore. Most recently I had been doing Jillian Michaels's Banish Fat, Boost Metabolism workout and I felt really prepared for Insanity - you do some of the same exercises in both. So if you want to do Insanity but feel like you're not quite ready for it, I would recommend doing Banish Fat, Boost Metabolism first, then jumping into Insanity. Shaun T is an excellent motivator and if you listen to him he'll keep you going, and in the end, you'll feel and look great."
B002QZ1RS6,A167ABU99FT4OC,Jonathan Bennett,5/5,5.0,1304294400,2011-05-02 00:00:00,"If you need to take your fitness to a new level, this really works","As a former fat guy who never wants to return to that state and a current health and gym nut, I'm a veteran of various workout programs. I've tried several home workout DVD's in my life and without exception hated them all. Insanity changed all that and honestly changed my life.<br /><br />I was already in great shape when I started Insanity. I could run ten miles with ease, held my own in strength, and spent 90 minutes in the gym six days a week. I picked Insanity because I wanted to take my fitness to a whole new level and get the perfect definition and tone that had always eluded me. I expected very little. I was insanely wrong.<br /><br />When I first started doing Insanity, it kicked my butt, then for good measure kicked it some more. Insanity is interval training, which means doing short intervals of intense activity followed by a short break. It's very tough. These aren't the wimpy exercises you learned in gym class. They are intense resistance moves that have even the fitness models (and occasionally Shaun T, the developer and host) on the ground and sucking air.<br /><br />After the first couple of days, I could barely walk I was so sore, let alone squat down. However, I pushed through and the soreness went away. Each day of Insanity remained tough because the workouts exhaust the muscles, but they were always do-able. Regardless, you can always take a rest break and then get back to working out.<br /><br />Best of all, I began to see incredible results very quickly. I could see definition in new areas, including those elusive abs after a week. After two weeks, my wife saw me with my shirt off and told me it was the best she'd ever seen my body. And, keep in mind, I'd spent tons of time in the gym previously. My body is truly the most toned and fit it's ever been. For the first time in my life, I'm really ready for the beach.<br /><br />I must add, however, that I don't follow the Insanity ""plan."" My wife does and has also seen great results. I do Insanity and supplement it with running, hiking, sports, the gym, and sometimes, even more Insanity. My transformation has been so amazing that, yes, I sometimes rewind and re-do parts of the DVDs. I don't follow the nutrition plan either, but it looks solid. I just eat healthily and always get enough protein, especially after working out.<br /><br />I want to say it again: this program is tough; kick your butt, suck air on the floor type tough. I had to clean the rug near my TV because it has so much of my sweat and my wife's. If you're a beginner, this program isn't for you. The warning to consult your doctor isn't just a formality here. Insanity is geared for people of an intermediate to advanced fitness level.<br /><br />Finally, Insanity will work if you do it. It's hard as all get out and many will quit. But, if you stick it out, you'll see results. It would be impossible not to. I started out a huge skeptic, but am now an Insanity devotee. Now I can't wait to finish it up and move on to Asylum. Oh, and to hit the beach this summer."
B002QZ1RS6,A1CPJN2AR8EX3H,Philip Smith,4/5,5.0,1304294400,2011-05-02 00:00:00,Amazing results,This program can help you be in the best shape of your life.  I am at high school weight after being out 30 yrs.
B002QZ1RS6,A2GS0ISGQNGUPI,jtm3,11/11,4.0,1304294400,2011-05-02 00:00:00,The Insanity of INSANITY!!!,"I just finished the first 30 days of the 60 day work out, and thus far, I've been largely successful.  I was skeptical especially given most reviews, including those from the product owners themselves, basically stated this product was only for those already in decent shap.  Some even said that if you were signficantly overweight, which I am, DO NOT ATTEMPT, go with something much lighter.  But for some reason the product more than any others ""spoke"" to me as I read the reviews, descriptions, and even the infomercial.  So guess what... I Survived, and have already seen substancial results, I'm down 12 pounds, look leaner, and I feel better.  Everything I have read tells me Month 2 is going to be ridiculous, as the intensity increases even more (which I did not think was possible), so perhaps I should not count my chickens yet until I get into it, but as I have come this far, only a major injury is going to stop me!"
B002QZ1RS6,A3CGZ2UDH9BEL8,"Ashleigh Ann Hicks ""ash""",1/2,5.0,1304467200,2011-05-04 00:00:00,KICKS MY A#$!!,Sean T kicks my butt!  Love it and love the fact I can work out in my own house without anything but these dvds.
B002QZ1RS6,A1B0GU4YB8XFBQ,Kimberly,0/5,3.0,1304467200,2011-05-04 00:00:00,"Great Product, but delivered in poor condition","Product was advertised as ""Used - Like New,"" however, packaging was in poor condition.  Not all literature was included per the description.  The book containing the DVD's was in poor condition with several sections so damaged that they will not hold the DVD in place.  There seem to be a couple of DVD's missing, as well.  The workout that the Insanity provides is great. However, if I had known that I would be paying near full price for a product in very poor condition, I would have ordered it from another distributer.  In other words, I recommend Insanity, but not this particular distributer."
B002QZ1RS6,A202RI4GNEIMUZ,A A Ade,1/2,5.0,1304640000,2011-05-06 00:00:00,True workout without a gym!!!,"I almost did not purchase this item because of the negative reviews, but I was comfortable with ordering through amazon. I am grateful that my DVDs work, and I can follow at my onwn pace. Although I can be considered moderately active, I have seen the greatest improvements in my energy level since completing physical therapy for ACL reconstruction four years ago. Some of the exercises can be hard on the knee, but I watch the whole exercise session DVD before I participate. This allows me to keep track of where I need to modify performance. This is a great product."
B002QZ1RS6,A3J0UYZU6JGZG1,G. Fadie,2/3,4.0,1304726400,2011-05-07 00:00:00,Game Changer but not a Life Chnger,"Like some other reviewers I had done P90x and wanted something to keep me in shape while I took a break from it. This is an awesome program that works you to the point of exhaustion every time. After a couple weeks your aerobic base is through the roof you feel like your heart rate can stay in the zone for longer and longer. And your recovery time is shorter.<br /><br />But despite all its benefits I think it is only good for an interim workout to whip you into shape rather than something you can continue to use over and over again. It's very intense and it doesn't let up and I just wonder if anyone could keep that kind of routine up over an extended period of time.<br /><br />By comparison, P90x is more of a long term life changer. It is methodical and evenly paced. You work muscles which burn fat and you work at a pace that keeps your heart rate and breathing up. With Insanity you're constantly sucking air like you've just sprinted a mile. It's as much mental as physical because you have to constantly make yourself keep going. The difference between the two programs is like the parable of the father and son bull looking over the herd of cows in the valley below them. The son says to the father ""Hey dad, let's run down there and f*** one of those cows!"" And the dad says ""No son, let's walk down...and f*** 'em all.""<br /><br />That being said, Insanity has improved me in many ways that makes P90x better. It helped my balance, stretching, endurance (of course) and my ""attack"" (if that makes sense). For example in P90x warm ups I know to lift my knees better and why it's important to do that.<br /><br />So my recommendation is to buy this program but don't think of it as the end all be all of workouts. It is an excellent compliment to P90x or any other weight training program. And you will learn a lot about warming up, stretching, balance, endurance and yourself."
B002QZ1RS6,APNEF8OWI7SOW,Anonymous,1/2,5.0,1304899200,2011-05-09 00:00:00,Great workout,"I'm 19<br />5'7""<br />145 lbs<br /><br />I haven't always been in great shape but I have been for the past few years due to joining the Marine Corps. I lifted weights for a while to bulk and was looking for something to cut. This workout is great and I highly recommend it to people looking for a challenge. The workout is intense but I wouldn't recommend it for beginners or individuals with bad joints or back problems. The routine is fast-paced, challenging, and exhausting!<br /><br />Good Luck,<br />Semper Fi"
B002QZ1RS6,A4T7UA7WTIZF8,Happy Buyer!!!,1/2,5.0,1304899200,2011-05-09 00:00:00,THANKS!!!,"Thank You so much!!!<br />You saved me a lot of money!!<br />Even though I bought it used, it looked like new!!!<br />Thank you Amazon!!!"
B002QZ1RS6,A13MCQG6PEK4RD,Namjahn,2/4,5.0,1304899200,2011-05-09 00:00:00,Best $120 spent. Getting back to my old self.,"I have always been very active. Athletic but not an athlete. Typical surf, skate, run, etc. I'm a smaller build at 5'5"" 135lbs. I always ran a 9:30 mile and half and always took it for granted until I got stationed here in Montana. It's below freezing here 9 months of the year and it is extremely hard to stay motivated. The only thing I really do is some hiking and snowboarding, both of which do nothing for my cardio. I just turned 25 and my last fit test I couldn't break 11 minutes on my mile and a half. Ridiculous, never in a million years would I have thought I would get so out of shape. Albeit I did break my femur in a snowboarding accident which took me out of commission for a few months. But it definitely put me into a sedentary lifestyle.<br /><br />Insanity is a lot like TimeLife. TimeLife is nothing groundbreaking, they simply collect a bunch of your favorite songs and put it into one collection. Insanity is a lot like that. None of the workouts are really new to me, but Shaun T puts them together in a way that is fun and effective. It has been a great motivator. Essentially, if you do any form of exercise at the level Shaun T pushes for 60 days you will get results. I have never eaten healthy but have strictly followed their diet advice and it does make all the difference. I do my own recipes based on their recommended ingredients. Minus cottage cheese. Can't stand it.<br /><br />I have to say my leg strength, core and stamina are the things I have seen the most significant improvement in.<br /><br />I'm naturally pretty lazy and have never liked going to the gym, especially when there's always a foot of snow outside. This literally is the best way to get in shape without purchasing anything but the DVDs. And maybe a heart monitor.<br /><br />Overall, a very practical and effective workout program."
B002QZ1RS6,A35VY1PRC636HH,Eddie Alvarez,0/0,5.0,1304985600,2011-05-10 00:00:00,Crazy workouts BUT effective!!!,"Insanity is the word for this home workout program!!Get ready to be sore But it's very effective,just go at your own pace in the beginning and little by little you'll gain strengh and stamina. Very addictive once you have the groove of it. Grab this IF you want to scorch the FAT AWAY. Eat clean as possible and you will look good by the end!!! Highly recommend this ONLY for the one who IS SERIOUS ABOUT CHANGING THE THEIR HEALTH!!!! Grab this!!!!"
B002QZ1RS6,A1FE35JDYTJP5N,Joe Crump,0/1,5.0,1304985600,2011-05-10 00:00:00,Possibly the best purchase I've made,"The infomercial really grabbed me. After researching to verify it was legit, I purchased this through Amazon. I even used the 1-day shipping since I was anxious to get started. The fit-test demonstrated coldly that I was out of shape. But even after only a week, I could start telling some results.<br /><br />In fact, I don't see how it's possible NOT to see results with this program if you follow it.<br /><br />Tips:<br />- Buy a heart rate monitor, you'll learn quickly you need it and Shaun T will keep telling you to check your heart rate. You want to make sure it's not too high.<br />- Figure out your pace, which most likely is not the same as the cast. If you can keep a high heart rate (high but safe) and make it to the breaks, then you are doing great. 180 heart-rate is a reasonable cut-off point.<br />- Don't be afraid to pause. Shaun T reminds you in some DVDs this is interval training so 'make sure you recovery' before continuing so you are giving intensity.<br />- Buy a food scale so you're measuring accurate portions<br />- Do a 5-meal rehearsal day before starting if you're not used to eating 5 times a day. You need to plan out in advance what you'll be eating and how you'll manage that."
B002QZ1RS6,A39QL4JLWMYXXB,Explorer7,3/3,4.0,1305072000,2011-05-11 00:00:00,Insanity is Insane!,I'm pleased with the product. I was eager to start but I took time to read the materials first; they were simple and easy to understand. The TV commericals are a true depiction of the program. Now I'm in week 4. It's hard but Shaun T keeps you motivated throughout the routine. I sweat a lot and I feel great after each session!
B002QZ1RS6,A1HJ54YAHEU90Y,HunnyJ,2/2,5.0,1305072000,2011-05-11 00:00:00,Works if you stick with it and eat sensibly,"So, as with all workout videos, I was skeptical - and after reading all the reviews, I was still skeptical.  I have a 1-year-old and was anxious to lose the extra baby weight (about 10 pounds) and get back into pre-preg shape (I am relatively athletic and hadn't felt so in like 2 years).  My husband and I started the program and signed up for myfitnesspal for the 'diet' portion (downloaded to our iphone/itouch) ... we have 2 days left of the program and I am thrilled/sad ... thrilled to see the results (back to pre-preg weight and toned! was 5'9"" 151lbs now 140lbs ... hubby 6'1"" 187lbs down from 218lbs)and sad that it is over - though I think we may start it again to see if it is any easier ... so it works and we can see the results in our before/after pictures and in our general level of fitness. We set up our basement with a tv and floormat and a pack-and-play for the days when we couldn't get up early enough to fit in the workout before the baby got up. I think eating the right calorie count is important ... we didn't really follow the diet plan with this video but def. changed our eating habits to be healthier. As far as knee pain (several others comment on this) - when we first started I def. felt pain in my knees and was suprised since i have played soccer since forever and never had issues ... but i was weraring running sneakers while working out and found out through some research that it could be my footwear bothering my knees ... I got a pair of crosstrainers after week one and tahdah! no more knee pain ... just go for it!"
B002QZ1RS6,A25SL7IOQPI5V4,John Mottola,3/4,4.0,1305072000,2011-05-11 00:00:00,oh my god!,"i just got mine in the mail today and couldn't wait to get started. i just now completed the fit test and let me say that everything i read is true. i haven't even started the actual workouts yet and i'm drenched and exhausted from only 30 minutes of work! and i am by no means out of shape. i'm 35, and i've been exercising for 15 years. i've done every kind of cardio you can think of: step, slide, boot camp, kickboxing, circuit, spin, yoga, you name it. if the fit test was hard, i can't imagine how difficult the actual workouts are going to be, but i am up for the challenge and i will definitely report back my results."
B002QZ1RS6,A1WCO6WMRB0CTK,"J. V. Hennburg ""The Straight Stuff""",2/3,4.0,1305072000,2011-05-11 00:00:00,"Great, but don't expect to look like him","Right. I have this workout, I have done it for nearly all 2 months now, and am very happy with it. The following are merely concerns that should be considered by others contemplating this as a means of fitness.<br /><br />First, if you have weak knees, try something else. This program involves a LOT of jumping.<br /><br />Second, if you wish or require a steady (no stops) program, this might not be what you are looking for. That could definitely have been one of the features here. As is, Shaun T. stops between exercises to show the viewers how to do the following one. That makes sense, right? Sure, the first time you see it. When you have already been doing the program for weeks, however, you know how to do them. All he would need to do was say ""Okay, Ski Abs [one of the exercises], everybody. Go!"" If you had briefly forgotten what ""Ski Abs"" was, you could look at the screen and see him and the whole group doing them. You could keep going, and that would take the intensity level to another level. It could be an option for ""version II"" of this. As is, to maintain the intensity level while doing this program I am running in place waiting for him to get going again while he is explaining an exercise I already know perfectly well.<br /><br />Third, and most importantly, this program is not likely to get you to look like the gentleman on the cover. There are folks out there with that incredible genetic code (e.g., Herschel Walker, former pro football player, built like a statue and won the Heisman Trophy in college by doing no upper body training except pushups), but not many. This program will shape you, definitely, but it will not get you to look like the exercise coordinator or his participants onscreen, all of whom look like bathing suit models. To get that - to get ripped - you are going to have to lift weights too. The abdominal workout here is not that intense, it just isn't. Unless you have that gift-from-God genetic code you will get no six-pack from doing it. You will need to do the other exercises body-sculpted people do, and LOTS more of them than displayed here (20 minutes?? Forget it!).<br /><br />All in all, however, this is a great product. I have survived it, I have enjoyed it, and will keep doing it. If you are thinking about getting it, GET it! And Dig Deeper..."
B002QZ1RS6,A33IMLGPYHIRIE,Resarans,4/16,4.0,1305072000,2011-05-11 00:00:00,The Problems with Insanity,"First, Insanity is not the ""most extreme"" or ""most difficult"" program out there. The program reminded me of my experience in JROTC Raiders in High School. This does not mean the program is worthless, or even average. It is very good, and will certainly improve your fitness, no matter what level you're at. The line ""Shaun T's brand-new program is the most extreme, most difficult, and most rewarding workout you will EVER try"" is just for selling points. Second, consult a doctor before you try this program. It is not for people with fairly weak joints. I'm in excellent shape, but I have to stop regularly to give my ankle or shin a break. Having the right shoes isn't a way to get out of this problem. The shoes I have are almost brand new, and were fitted based on the unique way I walk. In short, if you're not physically able to endure this program, without joint or back pain, then find something else. Third, Shaun T isn't there to coach YOU personally. He cannot see you or adjust his workouts to your personal needs. If you fall down, throw up, or something blows out, the recording will simply say something like, ""Let's go, Let's go!"" or ""Alright, let's pick it up."" In short if you want to have an extreme workout experience, and lose weight, gain weight, or improve in fitness in a short amount of time, get a personal trainer who you can trust. It may be more expensive, but it will help with YOUR needs much better than any recorded program ever could. Thank you for reading this, and good luck with your training."
B002QZ1RS6,A16L5UPFOMQ3CQ,"Jeremy R. Smith ""JSmithNickell""",3/3,5.0,1305158400,2011-05-12 00:00:00,Insanity was the reason I became a BeachBody Coach!,"Having done P90X before, I quickly realized Insanity was NOT for the weak minded or for the lazy. These Insanity workouts are for the physically ready and the mentally strong...no weights necessary, just a willing attitude. Geared towards the fit work out enthusiast, but can be modified to work your way up into keeping up with the Insanity crew. In less than 10 days of working out I started noticing hints of ""6-pack"" abs and wanted to keep pushing myself. The results alone were motivation enough for me to keep working out and become a Team Beachbody Coach (beachbodycoach.com/JSmithNickell). Now, I'm helping and motivating others through this intense workout. You CAN do this too!"
B002QZ1RS6,A1NNTS4NUTRT2Q,Airforce Girl,2/2,5.0,1305331200,2011-05-14 00:00:00,Lost 2 Pant Sizes!,"I tried doing p90x but found it boring and couldn't stick with it.  I did like the p90x plyo video though so that's how I found Insanity.  Omg I loved it!  The first month isn't even the insane part, it's just gearing you up for the truly insane 2nd month!<br /><br />I only lost 3 lbs but I went from a size 12 to a size 8 in jeans and from a large to a small in t-shirts.  I'm more fit after doing Insanity than I was when I was in the military and fresh from boot camp.  I wish Insanity had existed when I enlisted as this would be a great program to use before going to basic training!"
B002QZ1RS6,AYMVUW6GMY8WD,DELOACH,0/1,5.0,1305417600,2011-05-15 00:00:00,Intense videos! The hardest DVD's on the market period!,"This is some intense workouts! The remote control is your best friend, just remember that when you are out of breath!"
B002QZ1RS6,A1EWNV0T2UESS7,Xman Indy,0/0,5.0,1305504000,2011-05-16 00:00:00,Intense and portable.,"I started the workout one week ago. I am pretty busy and needed a workout that I could do anywhere. With this workout there are no weights, a lot of cardio, and great results. With diet and the program I am already seeing results in one week. Shawn T is really encouraging and pushes you like a personal trainer. I also like the fact that the DVD's can be used anywhere, from home to hotel rooms. All you need is workout gear, shoes, a DVD player (or Computer) and a towel to wipe off the sweat (because you will be sweating). It is intimidating at first, but well worth it if you are willing to work."
B002QZ1RS6,A2Q83G9635JE5I,chokipokilo,1/3,3.0,1305504000,2011-05-16 00:00:00,Depends on your goals,"Long story short, you can get a more effective cardio workout with more traditional burst interval training in a much shorter time.  You can get stronger and more toned, quicker, with weight training.  But you can't do both simultaneously.  If you have trouble motivating yourself, have a limited schedule, and care more about getting toned than strong, this workout is probably fantastic.  I, however, was disappointed."
B002QZ1RS6,A3EFRU7QLUMKRV,kmarie,3/13,2.0,1305504000,2011-05-16 00:00:00,messed up dvd's!!,"So far I have loved Insanity....but would be nice if I could use all of the discs. 3 of the 13 don't work, very disappointing especially after paying so much for it. My advice-buy from BeachBody.com!!! not some random seller."
B002QZ1RS6,A1WN9WEGSTIVPS,Alerit04,1/1,5.0,1305676800,2011-05-18 00:00:00,Insanely good!!!,"I wasn't consistently working out before, but after I got Insanity I can't stop!!! It's really hard at first and super intense, but once you get into the routine you WANT to keep going. I've been doing it for three weeks and I feel great and I'm starting to see my body change. If you don't follow the meal plan, at least eat healthy and stay away from junk food and sweets. That should do it. I'm pretty excited to see the results!!!"
B002QZ1RS6,A6HYRBBSPCUZI,"momforever ""Mom of three""",29/30,5.0,1305763200,2011-05-19 00:00:00,Hardest workout that improved my running,"First, let me say that I have all the Jillian Michaels workouts, including her latest Ripped in 30, and I have Cathy Fredrich workouts including HITT, and run 3-4 miles a day, have P90X, have Chaleen Extreme, and Turbo Jam.  I really like to workout at home.  I have to say, in terms of cardiovascular endurance, muscular endurance and speed training, this is THE hardest workout I have ever done.  I have been on Insanity for about 3 weeks now, and I am just now able to get through one of the workouts, which is only 38 minutes.<br /><br />The best part of this is that I am able to see my stomach muscles after 3 kids that I have not seen in 10 years.  In addition, my running, especially going uphill, is hardly a workout anymore.  I use to run with my dog, who I could not keep up with (he's a young lab) to now me having to pull and encourage him to keep going faster and keep up with me.  I can easily run 5-6 miles, at a 9 minute pace and feel like I hardly break a sweat.<br /><br />I am 41 years old and feel like I am in the best shape of my life.  Even though this is not a muscular building exercise, I have lost so much fat that I can clearly see ab muscles, shoulder and tricep muscles, back muscles, hamstring muscles.  While this is hard and even the people in the video take breaks, for me, working out is not really working out unless it is effective in fat loss and strength and endurance building.  It is worth the 40 minutes of panting!"
B002QZ1RS6,ADF950SAOSKV2,D,0/2,5.0,1305763200,2011-05-19 00:00:00,Intense!,I was skeptical about working out in front of the T.V.  After the first week of workouts I realize that I get a better workout from doing plyometric exercises than I ever got from the gym.  Insanity is intense!
B002QZ1RS6,A2F0JEE2VPFNR1,Shelly,8/21,2.0,1305763200,2011-05-19 00:00:00,Buyer Beware when purchasing  DVD's from Franklin Supermart,"Franklin Supermart (seller profile)Shirley Co,  in Alhambra,CANADA, make me so unhappy.<br /><br />I ordered Shaun T, Insanity the Ulitmate Cardio Workout & Fitness DVD Program and some of the DVD's I couldn't play on my DVD player here in the United States because the disc said ""Area Limitation"".<br />So now I have to resend those DVD's at my cost back to them (Shirly Co in Alhambra CA) to do whatever they need to do.<br />When I emailed the seller (Franklin Supermart) and asked what the term ""Area Limitation"" meant, there was no explanation, instead I was told in the email to send the DVD's back to them. on my dime."
B002QZ1RS6,A11AM35BX7UBKE,Carlie M Fieseler,2/2,5.0,1305936000,2011-05-21 00:00:00,The Title doesn't Lie,"If you are ready for a workout that will kick your butt but doesn't take that much time, this is for you. I know I sound like an advertisement. I won't lie, it is very hard and super high intensity, but it also works and takes less than an hour. The first few days I hurt so bad I could barely walk, but I'm at the end of week one and I already feel better. I'll update, to show progress and that this workout really does its job."
B002QZ1RS6,A1J8J3MBPVJKRM,"K. Salau ""{Pop Culture Socialite}""",45/46,5.0,1306108800,2011-05-23 00:00:00,Insanity = Insane Results,"Let me just start with the results--In 60 days I lost 28lbs and 27.25 inches from all over my body including almost 6 inches from my waist! And this was without sticking the the diet portion. Isn't that Insane!?!<br /><br />If you think, ""I'm fairly in shape, how hard could this be?""  Pretty d*mn hard! My 16 year old athlete brother who started with me quit after a day, saying it was too hard. I was SO out of shape and this just proceeded to kick my butt. It was the hardest workout I've ever done! It's a combination of sports drill circuit training that will leave you SOAKED every day. I was sweating as much on day 60 as day 1. It never gets easier, you just get stronger!! No weights, just you pushing your body to it's limits 6 days a week. I NEVER skipped a day; as hard as it was, I made the commitment and never missed a workout, even if it required me working out at 2 a.m.!! It was the only fitness program I've ever stuck to. I can fit clothes I haven't been able fit since 2008!  I've had this cute pair of designer jeans, tags still attached that I could never fit that I tried on and can finally button! I feel like so much more of a women now that I've gotten some semblance of a shape back!<br /><br />I can't wait to get my Insanity T-shirt because I definitely earned it!! Shaun T and the crew is the great, BTW!! Come on y'all let's GOOOOOO!!!!<br /><br />TIPS:<br />-Drinking 64oz + water a day is very necessary because you sweat SO much! If you don't drink a lot of water you will be dehydrated<br />-It's harder to do this workout on carpet, but also be careful with ceramic tile because your sweat makes the floor super slippery...Seriously, that's how much you sweat, you may slip on your own sweat!!!<br />-Ladies--a good sports bra is really important (maybe two!) because the jumping is so intense!<br />-You need something for recovery because you are pushed to your limits but I didn't buy the recovery formula from Beachbody, I used chocolate milk (Instant breakfast or Ovaltine); it's what athlete's use.<br />-Sometimes to switch it up, I used the No Music option and played my iPod instead, my favorite party songs helped me push harder<br />-Only do YOUR MAX, I promise I still barely make it through the warm-up yet even with all the breaks and resting, I still managed to lose a ton of weight<br /><br />You can do it, dig deeper! Insanity works for you if you work for it. Round 2 here I come!"
B002QZ1RS6,A1VIVHHCTKDL5U,J,31/74,1.0,1306195200,2011-05-24 00:00:00,The Most Boring Workout EVER!,"The workouts are hard.  Very hard.  But they are also seriously boring!! You repeat the same 5 exercises over and over and over (and I will spare you how many times you repeat the same thing), but at slightly different speeds.  It didn't keep my interest at all.  I got bored long before I got tired.  After 20 days, I shipped mine back.  It was not worth the money or the time to put the disc into the DVD player.  Waste of $25+ for shipping and handling."
B002QZ1RS6,A3D4P0AGYUQV11,IrishOne,3/3,5.0,1306454400,2011-05-27 00:00:00,INSANITY....is no exaggeration,"Tired of purchasing LAME workout videos?  Me too.  Insanity was my last hope.  I typically bypass infomercials, but I was intrigued by Shaun T and his workout philosophy.  I've had the videos for about two weeks and I am 100% satisfied.  I would highly recommend the workout series to anyone/everyone, however use caution because it is insane.  Sounds cheesy, but you'll be saying it too.  I'm hooked!  Thanks Shaun T.!"
B002QZ1RS6,A23SJFLPHP77PE,Pam Atkinson,1/1,5.0,1306713600,2011-05-30 00:00:00,Two weeks into the Insanity Program,"We are now just beginning our third week and can say this program is everything it is cracked up to be.  It is truly insane!!  It is a complete package with DVDs covering each session along with the calendar showing what program to do on each day.  A complete eating plan which is realistic and easy to follow is included.<br /><br />Shaun T is an excellent motivator, he keeps you moving and digging deeper to complete the program. He demonstrates the exercises and shows the correct form for each.  This program is not for those who make excuses.  But if you like to push you body and work hard this is for you and will take you to a new fitness level.<br /><br />Although we feel it will take us more than the 2 months to get the Shaun T body. We feel this is an excellent program and worth the money.  It allows us to work out indoors as our weather is cold and rainy, although by the end of the workout the windows are open!"
B002QZ1RS6,A3A12PAB7LKUMJ,blockparty50,28/31,3.0,1306713600,2011-05-30 00:00:00,If you're already in good shape review.,"Male 6'10- 250lbs<br /><br />Lets me start of by my saying that I'm a lifelong athlete and I played basketball in Michigan about 7 years ago. I'm very active and in good shape. I wanted something that will challenge me again, so I got the set. I sure am challenged and it kicks my butt. This is a review for those people that are already in good shape. If you do it right, you will always be sore and wasted. Wife and I made this a together thing and we are currently on the recovery week. My wife wanted to drop about 5-10lbs and maybe get some toning, definition,better flexibility and overall better health, but so far no weight loss. This will for sure get you in top stamina shape; make your body harder and your quads much bigger. Most of the moves are quad dominate and there is no way around it. You will gain muscle and maybe burn some fat, so you might not see a huge drop on the scale. This is off course not a case for everyone and you might experience a much more significant weight/fat loss if you're 20lbs or more overweight .If that's the case, it would be impossible not to drop weight with this program. For those people that are already in shape it will be hard for you to drop the last 5 lbs because like I said, you will build muscle in your legs and you might lose muscle mass in your upper body. Also, if you are trying to burn fat from your stomach remember that this will be that last area where you will see a difference.  Your body will burn fat from different places first and then refer to the mid section.  Overall this is a very hard program and if you're already in some kind of shape you will get benefits of better stamina, better circulation, stronger core, flexibility, but not a sure fat loss.<br /><br />I'm giving this 3 stars based on the difficultly of the program and the little fat lost. Pushing so hard and devoting so much time and energy should produce much quicker fat loss and not muscle mass in your legs. There are just too many moves that include jumping. Women don't want to have big thighs and this will sure make your legs bigger. I personally don't care, but you might. I hope after we finish the second month my wife will see that her hard work will show better results."
B002QZ1RS6,A28H6GFAYKYIHX,Rach,0/4,4.0,1306972800,2011-06-02 00:00:00,"Great, but one problem.","Insanity came new to me.. packaged in original wrapping. Everything was in good shape, except one of the DVDs skips... not sure if this is the manufacturer's issue or the seller's. Overall, I would buy from this seller again!"
B002QZ1RS6,A213OFDZUN0TMM,LuvsZappaFan,1/1,5.0,1307491200,2011-06-08 00:00:00,Best Workout Ever!,"Sean T is an awesome, motivational, fitness instructor.  This workout will change your body if you stick to it.  I am training for a marathon and am on my second 60-day workout with Insanity and I would recommend it to anyone who really wants to change their body and get stronger.  The people in this series are really working out, and hard.  This is no workout for sissies."
B002QZ1RS6,AO6SS1GYVRDYP,Val,2/2,4.0,1307577600,2011-06-09 00:00:00,increased cardio performance,"I bought this DVD two months ago and can tell a huge difference in my body especially in my legs and stomach. This is more of a cardio workout but you should see some definition in your arms, legs and a smaller stomach. I think this will be a perfect workout before you start P90X. I had torn my ACL about 10 years ago and when I first started this exercise regiment,I used a knee strap on both my knees because of the reviews of this being hard on your knees and joints. Thus far, I havent had any injuries or pain in my knees from doing this workout but was very sore all over when I first started. I'm 39 mom of a two year old and was a light/moderate exerciser before I began. I've lost 10 pounds and most of the time, eat healthy. I don't get as tired chasing my 2 year old around like I use to and you do not have to keep up with the people in the video, just keep moving and take small breaks, you dont have to complete every set just do your best. The best thing about doing this is that people noticed I've lost weight and even though I dread doing it, I feel great after completing it. There is a lot of the same movements but still very challenging."
B002QZ1RS6,A1M569XZKT5ILM,bcw,1/5,5.0,1307577600,2011-06-09 00:00:00,Very happy with the product,"This came in perfect condition and shrink wrapped for shipping.  Every DVD I have run so far has worked perfectly and all the additional information - calendar, nutrition guide, etc - were all in the box when I received it."
B002QZ1RS6,A10MD34QT33T0P,Jeffery M. Cosby,6/14,2.0,1307577600,2011-06-09 00:00:00,Results not worth the (extreme) effort,"I've been working out off & on over the last 10 years.<br />This years plan started with Power90, then INANITY (a new one for me) then P90X. Finished Power90, I was pumped up & looking forward to INSANITY.<br />I don't half-ass my programs & want the best results, so of course I'm eating the right foods in the right amounts, 5 to 6 meals a day plus taking supplements.<br />For me the results weren't worth all the ""Insanely"" hard works. I'll be starting P90X again. I get much better results from that.<br />I think INSANITY may be for people younger & fatter then me."
B002QZ1RS6,A2NE4KHCHVF3Z,mjgoryl,4/5,3.0,1307664000,2011-06-10 00:00:00,Insanity exercise dvd collection,"My son loves the intense workouts but about 20 days in, 2 dvd's didn't work and got no help from Supplier (Beachbody) or reseller (SERGFRO).  In short, exercise program is good, customer service to remedy situation was terrible."
B002QZ1RS6,AE0AE0QLM3YEC,Abdul Habeeb,0/1,5.0,1307664000,2011-06-10 00:00:00,ONE OF A KIND,"This workout dvd is the best I have seen in the market so far. I have been using dvd as part of my workout for the past 25 years. I thought I was in good shape, untill I tried this workout. This workout takes me to another level that I never been. This is great and I'm enjoying it. Please if you are a beginner, someone who have not excercise in years, don't try this workout."
B002QZ1RS6,A33HUUC32L37KQ,yahis09,2/3,5.0,1307750400,2011-06-11 00:00:00,insanity workout,I was very satisfied with my purchase.I purchased this product June 1st and had originally said that i was going to receive my package in about 2 weeks and received in a couple of business days. Looking forward to doing business with you guys. Thanks so much.
B002QZ1RS6,AGZMDLBIOSUDQ,Shannon20,5/33,1.0,1307750400,2011-06-11 00:00:00,Terrible,The order came in decent time but 4 out of the 10 disks are completely damaged and not even usable. A few of the other disks also have damaged spots that skip when your trying to use them. I was beyond upset with the quality because of how much it was listed for.
B002QZ1RS6,A288KCPBITTX71,Diane,0/7,3.0,1307923200,2011-06-13 00:00:00,Meh,"The dvds come from China and are obviously knock offs (not ""used"" as advertised). But the seller is pretty good about providing a good product. Meaning, a couple of my dvds didn't work and he sent me new copies after I emailed him. Then again...a couple dvd's didn't work. And of the new ones he sent, one still didn't work. The workout was put together in a way where the clips were all out of order. So you can't follow the workout at all. So, overall I would say: good customer service, poor product."
B002QZ1RS6,AXYT5SOONJHZ7,dbowie80,4/4,5.0,1308096000,2011-06-15 00:00:00,Self Motivation A Must,"I cannot rave enough about this workout.  Although, if asked when I first started, I would have said every bad word that came to mind.  In the beginning I often wondered if it was worth it...6 days per week of working out and I do mean work.  But when the end finally came I was glad that I stuck with it.  All I have to say is that this video is not for the weak willed, if you come up with reasons not to do it, you will not!!!  The first actual workout (not the fitness test) I felt...the next day and the day after that and the day after that.  I was sore for about a week, but I stuck with it and at the end of 4 weeks I was seeing results that I liked and I could've stopped there and been satisfied with my body but I wanted to see exactly where 60 days of insanity would take me.  And just when I thought I was getting used to the first half of the workout I started Insanity Max  and it kicked my butt all over again.  I loved not having any additional equipment, no weights, not resistence band, no medicine balls...just me!  I went from a size 14 to a size 8/10 (and I didn't even follow the nutrition plan, but I did control my portion sizes AND I still enjoyed my pizza and burgers, my desserts, and my wine! DISCLAIMER: RESULTS MAY NOT BE TYPICAL).  That was the fastest I've lost weight and the most toning I've done since I first started trying to lose weight after giving birth to my youngest who is now 4 and it took 60 days of commitment.  My advice:  get a supposrt system in place to motivate and encourage you and love to hate Shaun T (sorry Shaun T) that's what got me through it.  By the end of it all you'll feel stronger and be proud that stuck with it.  Good luck to all who undertake this endeavor, you will definately understand why this workout is called INSANITY!!!"
B002QZ1RS6,A4X59QEQZ5Z15,jose,2/4,5.0,1308096000,2011-06-15 00:00:00,>_> ?????? >:D,"well this goes to the people on the big side of the gene pool. I personally wight 256 pounds and im 16 years old. The first week was pretty hard but its about digging deep and the amount of determination you have. Over wight can do this program Im doing very well. I have lost 6 pounds the first week but remember the amount of wight you will lose in the begging of this program depends on how much you wight,because obese people tend to lose wight faster than thoes who are a on the skinney side.<br />I would recommend this program if your trying to lose wight. But remember its about determination, diet, and really giving it your all.<br /><br />AND DONT FORGET TO STAY HYDRATED."
B002QZ1RS6,A31LKL8N0NHX5K,Truthful Turtle,0/2,5.0,1308182400,2011-06-16 00:00:00,Excellent Product,I am very pleased with my Insanity discs! The seller sent them to me early and even wrote Good Luck on the package slip. Everything came as promised and in excellent condition. This program is not for the faint of heart. Stay committed if you want results. One workout will have you pouring sweat from every part of your body.
B002QZ1RS6,A12G7GBHD997H5,delana,0/2,5.0,1308268800,2011-06-17 00:00:00,Stay strong!,This product is AMAZING. If you are in somewhat good shape and are willing to put in the effort for the duration you WILL see a difference. The first time you make it through an entire DVD without having to pause and catch your breath is a great feeling!
B002QZ1RS6,A2E5A0XNM0871P,Capt. Aloha,0/0,5.0,1308528000,2011-06-20 00:00:00,Insanity:  A Perfect Title,"I bought these DVDs and these workouts are crazy.  I do like this program, just not when I'm doing it.  When I'm doing it, I think I must be insane to be doing this madness!  I'm 5 weeks in and am at or near the best cardio shape of my life (guy in his late 20s).  For me, it is crucial to stretch before the warmup of each DVD.  When I didn't stretch, I kept getting slight muscle strains, now I've started stretching before I start and everything is all good."
B002QZ1RS6,A2HZDVSDSA5ISE,Angelus,12/12,5.0,1308528000,2011-06-20 00:00:00,BEWARE! EXTREME WORKOUT AHEAD!,"I have been shopping on Amazon for years and have bought countless products from them.. and never have i ever felt the need to write a review.  Nothing has been either good enough or bad enough for me to have an opinion that I just NEED to share.  I guess there's always a first.<br /><br />I bought Insanity after watching the informercial even though I never really trusted them.  Insanity seemed simple and true enough: no gimmicks, no fancy contraptions, just PURE HARD WORK and u'll get the body you've always wanted.  I am getting married in a few months, so i figured hey why not give it a shot.<br /><br />I've been fairly fit.. playing competitive sports from middle school all the way to varsity.  I had a two year stint in the Army after college as well.. though i have to admit, the past two years, i've been going to the gym way to little and not eating healthy.. my fitness level though decent is no where near fit.<br /><br />Onto the product:  Insanity Works.  plain and simple.  The first week was quite shocking.. half way through the fit test and i realized how truly out of shape i was.  wheezing, coughing and lying in a pool of my own sweat, i questioned if i had the will to continue.  Just going through the warmup (Shaun T makes you do a circuit of about 7 exercises repeated 3 times without stopping) was a real challenge.<br /><br />Somehow i survived and by the second week, i was feeling much better, being able to go through the whole dvd stopping only occasionally.  By the second fit test, i was feeling good, my results showing a drastic improvement.<br /><br />By the end of the first month, I was feeling fit and healthy, i dropped 6 kgs and 3.5 inches off my waist, and EVERYONE noticed how much leaner i've become.<br /><br />Recovery Week:  Don't let the title fool you.. recovery week is not easy!  Although they are not the same intensity as the regular exercises, they will make you sweat!<br /><br />So.. I just completed the first day of Phase Two and OH MY GOD.  Shaun T kicks it at least 5 gears higher and pushes you to the max.  It doesnt help that the first day of phase 2 includes a fit test AND a max interval training (team beachbody should consider changing this!), but I feel like I've started all over again.  Phase Two workouts are ONE HOUR each and will absolutely destroy you.<br /><br />So here I am writing this review with my arms barely working.. I am spent, exhausted, still pouring sweat but excited.. if the first day can make me feel like this, i can't wait to see the results at the end of the month.<br /><br />Apologies for the rant.. believe me when i say this.  Insanity IS THE BOMB."
B002QZ1RS6,A1V06KOAWUNFPK,Lakutra,1/1,5.0,1308614400,2011-06-21 00:00:00,Insanity,"Insanity definitely works and will get you in shape.  You should be prepared to make a commitment to do the DVD daily.  The workouts are hard and you will sweat a lot every time.  I found I had to make a few small adjustments to a few of the exercises because I simply could not do them (mostly the plank work) so I do "" girl"" style pushups instead of the regular, etc.... However, once I made these few substitutions, I was on my way to a better body.  I do recommend this workout and probably will add more beach body workouts to my collection in the future.  Shawn T. Is motivating and helps u do the exercises correctly.  This is no walk in the park.... It is real cardio and u will be sore.  Enjoy."
B002QZ1RS6,A2ORPGVDN8T38A,Elianne,0/1,4.0,1308614400,2011-06-21 00:00:00,really good!,"it's a really good workout, i've been doing it for a month now and I'm starting to see a difference in my body.<br />you have to be very carefull with the knees though or you might wanna quit in a couple of weeks."
B002QZ1RS6,A3QNT2CDZ9QM8K,polkadots,1/1,4.0,1308700800,2011-06-22 00:00:00,GREAT BUY! 100% Recommend!,"Overall super product! The workouts are VERY intense but since they exercises change you do not get bored and the time goes quicker than running on a treadmill for the same amount of time. It is also motivating to do which is a huge plus! I would recommend doing this with a friend or family member as it makes it even more motivating!<br /><br />Only thing I noticed is that for those people who want to loose weight while doing this, I found that it is helpful to run in addition to the workouts. The workouts are significantly improving my cardio capabilities however I do always feel skinnier after running and then doing this workout versus just the workout alone."
B002QZ1RS6,A1VXRF9NJZA45G,J. Bennett,0/1,5.0,1308700800,2011-06-22 00:00:00,Looking for a real Cardio workout - this is it,"I am 40 years old and really needed something to work on my gut and give me more energy.  The workouts are ""INSANE.""  You sweat the entire time.  The video shows people who have been doing this for along time drop like flies from exhaustion.  In a weird way it motivates me.  This is a great buy but it does you no good if it just sits on your shelf.  Make the time and do it."
B002QZ1RS6,A2POBXOA9DD3YU,Brandon M. Rodriguez,3/3,5.0,1308873600,2011-06-24 00:00:00,No gym membership needed.,"First off let me say this program is not for an out of shape individual.  I've worked out for 16 years, was in the Marine Corps, ran cross country in high school and have ran 50K's.  Let me tell you this is one of the hardest things I've ever done.  When the background people start leaving the set because they are exhausted you know this is crazy.  If you are out of shape do not buy this.  This is not for people looking to just get back in to exercising.  This is for a person that is in moderate to good shape.  You will definitely be ripped after 60 days by following the program and eating right."
B002QZ1RS6,A1BRKY4E5XX4WP,Cecy,1/2,5.0,1308873600,2011-06-24 00:00:00,Day 13 Insanity,I am LOVING this work out and I am SEEING results. Stick to the meal plan and stretch often and you will be loving it and seeing results too!
B002QZ1RS6,A146DRSDTCQE7,William Shipman,1/1,5.0,1308960000,2011-06-25 00:00:00,More than I expected!,"The title says it all. I heard all the hype about this video and wanted to try it out. I finally ordered it and insane is the right word for it. I consider myself in pretty good shape. I run three miles three times a week which apparently is not as good as I thought. I did the fitness test which is the first video and was completely out breath and tired. I had no trouble sleeping that night.<br /><br />The second video I could not even finish in correct form I just did as much as I could and hoped for it to be over soon.<br /><br />The nutrition plan is great too.<br /><br />I would definitely recommend this video set to anyone serious about getting in shape.<br /><br />Update: August 30 2011<br /><br />I have completely finished the program. I have lost quite a bit of weight and my metabolism is very high. I started the program weighing 215 and I am down to 190. No more beer belly or love handles. The program is very intense but, stick with it and you will see great results."
B002QZ1RS6,A31QMY1S0LSUA2,RDIAZ,4/32,1.0,1308960000,2011-06-25 00:00:00,DVD dosent work,Some of the DVDs in this set do not even work. What a ripoff! Very disappointed! These DVDs were obviously copies of the real thing.
B002QZ1RS6,A1BFGRDVJGOT7G,Wolfvixen,1/1,5.0,1309132800,2011-06-27 00:00:00,I hate you Sean T!,"I hate this workout, and I love it.  I did the P90X workouts, and to be honest, Insanity made them seem easy.  Not to say that P90X isn't great (it was), but this is focused more on cardio and plyometrics, which I hate and is my weak point.  All the more reason for me to get this workout!  I'm on my second cycle of the workout now, and I'll be honest, I could not get through a full workout for the first several weeks of my first try through this.  Definitely not for a beginner or those with a weak will!  If you don't mind sweating profusely in front of a family member or a friend, I'd definitely recommend finding a workout buddy because you'll need the extra motivation.  I got my sister to do it with me through the first two month cycle and it really helped me push longer.  To sum it up, I hate you Sean T!  And I love you :D"
B002QZ1RS6,A2MJFBOXFZ3HC9,C. Springer,96/117,1.0,1309132800,2011-06-27 00:00:00,Insanity ruined my back,"I actually loved Insanity.  It pushed me, the music and workout was great.  It was a great challenge and put me into perfect shape.  However, a couple of weeks after completing insanity I started getting back pain which progressed over time.  Ultimately it turned into a fully herniated disc.  Now I am potentially facing a lifetime of pain and challenges.<br /><br />I read many reviews before doing insanity about it being a high impact workout with repetitive jumping and motions that can cause deterioration in spinal discs.  Oh how I regret not paying attention to that ahead of time.  I'm 34 and was in good shape before I started insanity and have always been athletic.  I've never had back pain before but now I'm stuck.<br /><br />Also, I didn't actually experience any specific back pain or injury while doing the workout and I was careful to build up and use my core during any bending or back focused exercises.  I believe it was just the intense, repetitive movement that deteriorated the casing on my disc and now I can't do any exercise.<br /><br />Be careful with this."
B002QZ1RS6,A3M9BN6W1J1M25,Carlos Perez,3/4,5.0,1309219200,2011-06-28 00:00:00,Insanity does work! Take it from me!,"It works! I just started Round 2 of Insanity and let me tell you, I'm sooo glad I'm back doing 30 min instead of the hour! lol.. It is super hard but not impossible. Before Insanity I had never worked out in my life so I was really in bad shape but I stuck through it and I feel better than I ever did! So again it will work if you stick with it! It will kick your ass, make you puke and even make you feel soo sore that you can't even get out of bed! lol.. But the results are totally worth it!! =) Thank you and good luck! lol.."
B002QZ1RS6,A19T1PO12219ER,D. Nadeau,0/0,4.0,1309219200,2011-06-28 00:00:00,Surprisingly Great workout,"This collection is a one of the few TV infomercials for sports related activities that actually lives up to the name.  It's very intense.  You need a lot of space and you have to purchase some additional items (plyometrics mat, recovery formula), but definitely worth the investment.  You'll sweat so much and really tone and define muscles you didn't know you had.<br /><br />The production quality of the videos leaves something to be desired.  It's basically an instructor and two other gymers working out on a basketball court.  There is a super helpful countdown letting you know how much time you have left for each exercise and it comes with a tracking guide for progress, calendar, nutrition guide, and discs.<br /><br />Due to the 'intensity' of the exercises, it's helpful to watch them all the way through and then do the routine because it's sometimes hard to keep looking up at the TV.  Happy working out!"
B002QZ1RS6,A1X3NYJNRFL73U,Phillip Lakota,1/1,5.0,1309392000,2011-06-30 00:00:00,Great Workout!,"Best workout ever. Like all Beachbody workouts this is exactly what it says it is and results are a given if you follow the plan. The formula is simple. Go like hell, rest and go like hell again. You rest when you need to and you go at your own pace. However, you will want to push yourself to the absolute limit."
B002QZ1RS6,A14T8J9OBFJ306,Jude,2/2,5.0,1309564800,2011-07-02 00:00:00,Fantastic,I absolutely love this DVD. I have myself and three of my four kids doing it. We look forward to it.  Although it is really toughwe love the challenge. And we are all seeing results.  I have lost 10 pounds in 3 weeks and feel great. And I'm 52 years old.  I highly recommend this program.  It also as brought our family closer together for a healthy cause.  Thank you Shaun T.  We also just started hip hop abs too.  Love love it.
B002QZ1RS6,AE2KT1PPBW6BB,R. Burton,1/1,5.0,1309651200,2011-07-03 00:00:00,Great workout and nutrition plan.,"I once heard that this was the hardest workout on dvd and I agree.  Don't let that intimidate you; this workout is designed to push you to your max so no matter how good or bad of shape you are in you can benefit from the interval training because you go as hard as you can personally go.  My fiance and I are still in the first month of training and though the workouts are repetitive, they go by fast due to the intensity of them.<br /><br />The true gem of the workout is the diet and nutrition plan.  It is simple yet offers variety and customization.  Many of the meals are delicious, some not so much, but you have to remember that nutrition is 90 percent of the weight loss or gaining battle.<br /><br />One area o caution for those packing a few extra pounds.  Make sure you are sticking to the 40% protein, 40% carb and 20% fat breakdown.  It is easy to stick to the calorie allotment but it is also very easy to eat a lot of carbs and sometimes difficult to get the right amount of protein, especially if you are eating 400 or 500 calorie meals.<br /><br />As far as muscle building is concerned, this workout is not about that.  It will eventually help you get ripped and your legs take a beating, but this workout uses no special equipment so some areas, back and biceps particularly won't get worked enough to give you a fully developed physique.  You can do one-three weight training sessions per week to make this a complete program."
B002QZ1RS6,A28HWDDC1A2WF0,Razz,2/2,5.0,1309737600,2011-07-04 00:00:00,Insane!,"I am 20 and just started the 2nd month of Insanity. Before starting the program I considered myself to be in pretty good shape, but was unable to even complete the Fit Test because I was so tired. The first month pushes you very hard and you will see some results. However, after doing the first two workouts of the second month, I feel like I didn't even do the first month, it's that intense! As long as you stick to the schedule and push yourself through each exercise, I guarantee you will see results.<br /><br />I don't use the meal plan, but I find that the workouts themselves curb my appetite. You will sweat so much that you need to shower afterwards, but I've found myself sweating after a 5 minute shower on the coldest setting. I do this workout barefoot because I have white carpet in front of my tv and don't want to scuff it up with shoes. I have yet to have any problems from doing it barefoot. My only complaint about the program is that there aren't any stretches targeted for calves only and they get worked a lot. Sometimes my calves feel too tight during some of the exercises and occasionally feel restless in the morning."
B002QZ1RS6,A2XQ7CE9NN3TYW,Lani,0/0,5.0,1309824000,2011-07-05 00:00:00,Insanity workout,"Awesome, this will take you out of your boredom workout, I did not follow the 60 days plan, but I can tell I'm toning my muscle & seeing some result in scale. I will continue until I lose that stubborn 10 lbs."
B002QZ1RS6,A3BES4YK8FBV3C,Jennifer L. Farmer,0/1,5.0,1309824000,2011-07-05 00:00:00,Insanity,"Difficult, but so worth it. Shaun T. is very motivating and I feel great when I'm done. Saw results within the first couple of weeks"
B002QZ1RS6,A24EBMLSTWNHL1,T Gill,3/3,5.0,1309996800,2011-07-07 00:00:00,The Insanity of Insanity,"I'm just about finished with the 2nd and final month of Insanity. All I can say is Shaun T is the best. I've been a big proponent of going to the gym and working out with weights and cardio machines. The ONLY reason I decided to go the ""workout-at-home"" route is because I had to work for several months in the Virgin Islands and I didn't want to use the lackluster gym at the hotel. Going into this, I thought that I was in great shape because I workout regularly and I eat well. Fortunately, Shaun T put me to shame! The Max Interval training method that Insanity uses is just crazy. No matter how good in shape you are, you're pushing your body to the max so you're always getting better and stronger. What little body fat I had is practically gone. I look and feel stronger. I am definitely more flexible since Shaun T emphasizes a lot of stretching. And my mid -30s heart just ""feels 'Ford Tough'"".<br /><br />So how does Insanity burn the fat and get you in the best shape of your life? You are constantly sweating. From the 5 minute warmup to after the DVD stops, you are sweating constantly. I have never worked out so hard in my life. This DVD set is everything that it advertises itself to be. The only thing it doesn't tell you is how hard it is to stick to the program because you're working out 6 days per week even though you may sometimes feel like throwing in the towel every day (note: 1 day is devoted to cooling down and stretching, but you end up sweating a whole lot on that day as well). Shaun T is a great motivator. But this workout is really insane. Even the people on the DVD who are all in excellent shape are stopping to catch their breath and shaking off muscle fatigue because Shaun T just doesn't stop.<br /><br />All in all, if you're up to what I believe is the ultimate workout challenge, pick up Insanity. You will definitely notice and feel a physical transformation from start to finish. Shaun T, you are the man!"
B002QZ1RS6,A353IAF5Y1XE53,"J. RIGOR ""shop mama""",1/2,5.0,1309996800,2011-07-07 00:00:00,Great workout,This workout will definitely make your knees feel like jello but it works.  Stick to the schedule and diet plan.  This workout is intense though. Love it!
B002QZ1RS6,A38EQIUG9EVNRQ,Monnie,4/4,5.0,1310083200,2011-07-08 00:00:00,This will kick your butt,"I will keep this short and sweet.  Yes the workouts are hard, probably harder than anything you've ever done unless you've been in basic training.  Yes you will want to quit after the first DVD, but KEEP going!  I am 5'9"" and weighed 264.4 lbs when I started.  After completing the 60 day workout I lost 18 lbs.  Also my doctor is now considering taking me off my high blood pressure medication.  Before I starting I could not run a mile without stopping.  Now I can run almost 3 miles nonstop.  This program will get you in INCREDIBLE shape.  I highly recommend this to anybody!"
B002QZ1RS6,A2S6PTBDNJVOTU,SmartBuyer,0/0,4.0,1310342400,2011-07-11 00:00:00,wow. insane!!!,"These videos really do work you out and make you break a sweat. I have always enjoyed these videos enough though they are tough. You really have to be serious about it and dedicated to see the results. Also, the product arrived on time and was in great condition-just as the seller noted. I got to start my workout as i planned on my calender. It was brand new and appeared to have never even been open. I am very happy with the product."
B002QZ1RS6,A23Z5WHNDTO1EL,Austin Hamner Sr.,1/2,3.0,1310342400,2011-07-11 00:00:00,Insanity Review,"The program itself is great, but the biggest problem is that two disks don't work.  My take on this experience is to NEVER order this on Amazon because you cannot get disk replacements.  Beachbody will only do this if you ordered directly from the manufacturer."
B002QZ1RS6,A2RSMPWZBKX8SK,"Binni ""Binni""",3/6,3.0,1310515200,2011-07-13 00:00:00,"Tough Workout, Gets Old Quick","I decided to try the Insanity workout DVDs because of the great reviews. Started the Insanity workout in March. I haven't seen much change in the shape of my body, but my conditioning is better. Since I'm in better condition, I go to the gym and get a total full body workout.<br /><br />The warm-up is way too fast to be called a warm-up and the stretches start 10 minutes into the video.<br /><br />The workouts are overly complicated routine moves which really drags down the quality of the video. I spent more time checking form than actually doing the moves, and he rarely give good advise on the form. Secondly, if the move is so complicated that form is that critical, maybe the move should be re-evaluated. I think the makers of the video tried to be novel, when they should have tried to make a decent video.<br /><br />Lastly, the moves in this video could really shock the knees and the legs because of all of the jerky movements. I would recommend doing a good yoga video to gain flexability. Flexibility is something that won't be acheived with this video.<br /><br />I would recommend this video for conditioning, but don't believe the hype. You can go to the gym and obtain the same workout, with a well structured routine."
B002QZ1RS6,A2ID5UWTG4BW2V,Michelle,1/2,5.0,1310688000,2011-07-15 00:00:00,Difficult yet Effective,"I bought the Insanity work out program because I wanted to lose about 30 lbs. I have been doing insanity for about 30 days. I will be the the first to tell you- this is NOT an easy work out. I drip sweat every single time I work out. However, it is worth it. Not only do I look better, I feel better as well.<br /><br />As far as results go, I've lost 5 lbs so far but it looks like I've lost much more. I've toned and gained a lot of muscle. I recommend taking pictures each week because the scale can be misleading. I haven't followed the meal plans that were included but I have been keeping track of my food intake.<br /><br />The pause button is your friend, especially in the beginning. I went at my own pace but still pushed myself. Have plenty of water on hand too. Stay motivated and on schedule and it will transform your body."
B002QZ1RS6,A1HTVH490VH4C6,"Jessenia Nash ""Jessenia Nash""",0/2,3.0,1310688000,2011-07-15 00:00:00,review on the exercises then on the seller,"The exercises are great. I am almost done for week 6. I do not follow the diet guide, but I have to say that I see results and I LOVE IT.<br /><br />Now for the seller. I purchased the product thinking it was a used product NOT a bootleg product. The package at first seem funny, but my husbandy told me not to worry about it. Now I am the INSANE ABS portion and the seller recorded the DVD incorrectly. The first ab workout doesn't even start correctly when it skips to the next ab work out. The DVD has no scratches so I put the DVD back into the DVD Player and watched the whole DVD. All the exercises are recorded about 3 to 4 seconds long. I am very disappointed."
B002QZ1RS6,A1QZIKETO0X5XO,Lady Loo,0/0,4.0,1311033600,2011-07-19 00:00:00,Sweaty!,"I have always hated cardio workouts.  I HATE running and just get bored doing cardio.  The only way I've been able to do cardio is in a class or watching DVD's like this.  Shaun T was an excellent instructor, to an extent.  He was very motivating, fun and I really never got tired of him.  He encouraged you to take breaks for water and reminded you to keep your core tight often, sometimes I forget, so that was very good!  However, he didn't explain WHY you're doing certain things.  He mentioned in one of the Max DVD's (which you don't start until after the first month) that you should be able to see the tongue of your shoe when you're doing a ham string stretch in order to tell that your leg is straight.  It really made a difference in my stretching, but I really wish he would have mentioned that in the first DVD!  Also, he always says ""Check Your Heart Rate.""  You can easily find that info online, but it would have been nice for him to say a little something about why you want to check it and at what range one should be at.<br /><br />With those few negatives aside, this was an INTENSE workout.  After the 10 minute warm up I would be drenched!!!  It never got easier, if you're pushing yourself to the max every time, it won't get easier, you will just be able to do more in the same amount of time.  I, unfortunately, didn't get the amazing results I was hoping for.  I know I got a good workout though and even though I completed the program, I still go back and do the workouts.<br /><br />Another thing, I kept having problem with my feet hurting just 10 minutes into the workout, so I tried it without shoes, and it was so much better!  I had a mat and some padding underneath and it worked great.  I would put my shoes on for some of the pushup exercises, however.<br /><br />All in all, this is an amazing workout program.  People have had amazing success and results with this program, but I did not, so I can't give it 5 stars, but I can still say it's a great program."
B002QZ1RS6,A2JCPRR8MNEP84,Joseph E. Mills,3/3,5.0,1311120000,2011-07-20 00:00:00,"Spectacular, not for beginners.","I'm about halfway into this system so far, right in the middle of my recovery week, and I gotta say that its just...well...just great. There are several things a person should know before doing this though. For one, its NOT for beginners. To clarify, if you can't run a couple miles, can't do 50 or so pushups and situps, then you're not ready for this thing yet. I did basic weight training, with one day of cardio a week(not trying to look good, just tryin' to feel good y'know) so...y'know...I thought I was in fairly decent shape. But the first week had me barely able to crawl out of bed.<br /><br />If you're thinking of getting this, let me draw out exactly what is involved.<br /><br />Workouts consist of a 7 or so minute solid cardio warmup, followed by a few minutes of stretching, then the actual workout routine, then cool down stretches. The whole thing will typically run about 45minutes or so if you don't take additional breaks. They sometimes run longer, sometimes shorter, but all in all, anticipate needing a full uninterrupted hour every day. You will also need a bit of space to do these workouts, I personally have had success with an area of about 6.5 x 6.5 feet. Ideally, I'd like to have more room, because I have to shorten a few of the workouts to fit my area, but it works well enough. You will also need a house, ground level apartment, or understanding downstairs neighbors. If you don't make a degree of noise with your foot steps, you aren't doing them right.<br /><br />You should also invest in knee braces if you have weak or injured knees. These workouts involve a lot of jumping and other such moves that produce a strong downward force on the knees. For this same reason, you need to listen to Sean when he says to focus on your form, because if you don't do some of these workouts right, you WILL injure something.<br /><br />Most of these workouts are such that you can add equipment to increase the effectiveness of the workouts. I added a weighted waist slimmer and overweighted it to 7 lbs. Strapped that on my third week and haven't stopped using it since. Though the workouts will be effective all on their own for quite some time, trust me...<br /><br />I'm almost moving off-topic, but you need to drink a LOT of water when doing these workouts too. I personally go through about a liter of water each workout....and I don't have to pee afterwards.<br /><br />Also, for you pirates out there...you're gonna miss out on something that helps a LOT. The results and recovery formula. It really helps the recovery process...if you torrent this then you're gonna have to cobble up your own effective recovery remedy because you won't go far in this system without it.<br /><br />Thats it for now, I'll update this when I get through with the entire routine."
B002QZ1RS6,A34RK14QC4ZMQT,pussnboots,3/3,4.0,1311120000,2011-07-20 00:00:00,Wasn't ready...,"This is a great program, but make sure to judge correctly if you're ready for it before investing so much money in a workout program. I'm a bit overweight and can do moderate to high level intensity workouts. This workout humbled me. I couldn't finish the workouts because I couldn't breathe.<br />Now, I still think this is a great program. My brother and his roommates have all completed it and absolutely love the program! They were all pretty fit and only had a few pounds to lose, but they all look the best I've ever seen them.<br />I would just advise that you are truthful with yourself about whether you think you can do it. If you are hesitant, I'd say you're probably not ready and need to work up to Insanity (which is what I'm doing, just started Turbo Fire). If you ""know"" you can do Insanity, you are probably in the right mindset for this program, it takes a lot of dedication and stamina."
B002QZ1RS6,AZO6MK1RBZYK2,1727,0/0,5.0,1311120000,2011-07-20 00:00:00,Insanity Workout,"You will definitely break a sweat doing these workouts. You work all of you muscle groups without having to use machines or weights. You never get bored because you are doing different exercises throughout the workout and there is a big emphasis on stretching to avoid injury which I love. I would recommend this workout to anyone that is serious about getting into shape. However, if you are not in good shape already you may have to modify some of the exercises until you get stronger."
B002QZ1RS6,A3PA9OK7V73U8X,CLGold,1/1,5.0,1311206400,2011-07-21 00:00:00,Most appropriately named workout ever!,"This program is absolutely amazing!  Before beginning, I considered myself pretty fit, working out 5-6 days a week doing several cross training exercises (swimming, biking, running).  This program completely kicked my butt!  Shaun T. was very encouraging and he made the workouts fun.  It was also great to see others in the video who had already completed the program stopping to take breaks.  I do think there are a couple important notes to make though:<br />1) Others have said it, but seriously, if you have any kind of joint problems, do NOT use this program!  Not being prone to injury, I still often noticed that my knees were sore after a lot of the jumping exercises.<br />2) Sure, doing these workouts will help you get in better shape, but if you really want to see results, you must follow the nutrition plan closely.  I used to be in the school of ""eat whatever you want in moderation,"" but still ate fairly healthy (with a healthy amount of splurging).  I had stubborn spare tire fat that just would not go away.  I started doing research into this nutrition plan, and it is definitely solid.  And the best part is that you have choices for each of your meals, so you're not stuck eating the same thing every day, and you aren't forced to spend $50 a day on groceries.  I usually picked out the foods I wanted to eat that week, and I'd stick to a particular food for my breakfast or mid-morning snack each day for the week (e.g. cottage cheese with fruit) to ensure I could buy one tub and have it last me the whole week, and also make sure I ate it before it went bad.  These foods also helped give me the energy I needed to do these workouts, especially in the second month.<br /><br />Overall, this program is freaking INSANE.  If you want something to kick your butt into shape, I highly recommend it.  I plan on continuing to use these workouts regularly to help me maintain.  Hope this helps!"
B002QZ1RS6,AT82FC10G11CP,ncgrimes,7/7,5.0,1311206400,2011-07-21 00:00:00,What you need to know!,"Okay I'm not going to give you a book here about my experience with this workout, just know that the results are real as long as you stick to the schedule. I'm just going to tell you what you need to do to survive the 60 days and how to reduce your fatigue and soreness.<br /><br />1. Drink as much water as possible before, during, and after (helps remove lactic acid which causes soreness)<br />2. Eat plenty of HEALTHY foods to fuel your workout, not junk foods! (I am hungry and thirsty all the time due to the demand on my body)<br />3. Wear supportive shoes and purchase a thick workout mat to give support to your joints and back (this workout contains many exercises that punish those areas of your body)<br />4. Stretch, Stretch, Stretch! This will help with soreness. Stretch before, during, and especially after for best results. This also prevents injury. I stretch more and longer than they do on the videos. Also I do different stretches that work better for my body in particular.<br />5. Understand your body and what it is telling you. Your body can be pushed well beyond what you think is possible. By pushing yourself, without injury, you will see results. Don't try to keep up with the people on the dvd! Eat, hydrate, stretch, and you'll be in better shape in 60 days. If you're honest with yourself about giving 110% each workout then the results will be real for you too."
B002QZ1RS6,A3RMC6000HS05K,kc08,2/3,5.0,1311379200,2011-07-23 00:00:00,Best I've felt in years,"Insanity is incredible.  I'm 42 and  have never been a fitness type of guy, but wanted to do something at home. I purchased ""Insanity"" and have just completed week 4 of 9. This is the best I have felt in years! At first I watched the DVDs and thought, ""OK, I have bitten off too much."" I would take so many breaks, pause the DVD, but finished each program. However, I stayed with it and am now keeping up with those in the DVD and never hit pause! It has changed my life. I may have only lost 5 lbs., but my muscles have been redefined; I couldn't be more pleased with the results."
B002QZ1RS6,A18D1M4MMLLDRT,bluediver,5/33,1.0,1311552000,2011-07-25 00:00:00,faulty DVD,"I was disappointed in the Plyomentric DVD that didnt work (bought used from BOOKS FOR EVERYBODY), disk was unreadable in multiple DVD players. The back of the DVD doesnt look scratched so I suspect it was burnt.  So far the other DVD's worked but I havent made it through all of them yet.  Everything was included in the set but still a let down."
B002QZ1RS6,A3HD1HV69UPCBH,"A. Cabe ""Ang""",1/1,5.0,1311638400,2011-07-26 00:00:00,Great & challenging workout!!,"This is my second week working out to this program and have seen results! I must say that if one is serious about this work out, follow the meal plan! I gained more energy and currently dropping the weight! There is a day of rest at the end of the week and a recovery day in the middle of the week. The DVDs are well organized in a small case and the calendar is extremely important...It helps one figure out what DVD to use and when to rest!"
B002QZ1RS6,A3LYN2KCI0ZDVY,oldown,0/4,5.0,1311638400,2011-07-26 00:00:00,Well made videos with a great motivator!,Too bad I caught a cold the night before INSANITY arrived in the mail!  Can't wait to start working out!
B002QZ1RS6,AHH0D78O1EXDH,Lori,1/1,5.0,1311724800,2011-07-27 00:00:00,Shaun T. Insanity 60 Day Workout Program,"This workout is truly insane, but if you love to exercise, truly desire a healthier you and sleeker physique, it IS the workout for you. I love it!  I work about about 4 to 5 times a week, the workouts are hard, but fun.  Shaun T. is awesome!  He talks you through each exercise providing both encouragement and the option to take a break when you need it - and believe me, if you are not already in great shape when you start this program you will need to take a break or modify the exercise - which is not a problem at all.  Shaun T. gives you suggestions and shows how to do each exercise at different levels.  I was cautious before I bought this program, wondering if I was getting in over my head and wondering if I should start with the PX90...I am so happy that I bought Insanity!  It is worth every bit that I paid for it!"
B002QZ1RS6,A3IWZKHJWBQXPE,captainron,6/6,5.0,1311897600,2011-07-29 00:00:00,Just read this one,"I have purchased the Insanity and p90x workout.  I am not affiliated with beach body nor do I sell any of these products.<br /><br />The fact about these programs are..........YES you will lose weight, gain muscle, and become more fit.  I 100 % guarantee it.  But you have to follow the guidelines.<br /><br />First off, you have to change your bad eating habits and implement a lifestyle change.  These programs will not work if you don't.  Fact, you will not get the results you see in the pictures of people who have gone through the program ,if you ignore your diet.<br /><br />Second.  Intensity is the key to these or any type of work out.  If you are not drained at the end of the workout you will not see max benefits.<br /><br />Diet, Intensity and commitment are what you will need.  If you don't like these programs that's fine but you will still have to apply the same guidelines to any program you chose, if you want results.<br /><br />Insanity and P90X are the real deal.  If you are really out of shape, choose something else, you are not ready for this.  Start with some of the less intense programs Beach Body offers then come back to Insanity or P90X<br /><br />I have been an athlete most of my life and I let my fitness level and waist line slip.  Working with these programs re-motivated me and got me back into shape.  I lost 30 pounds and I am in great shape.  I did not lose all the weight in the time frame indicated in the program.  WHY?  Because it took me some time to change my diet.  Once I did, the weight came off quicker.  I lost 30 pounds in about 5 months.  But that's the beauty of these programs you can customize them to fit you.<br /><br />I'm 54 years old and I feel great.  I've almost got that six pack that a bad diet kept out of reach.<br /><br />If you have questions, I will regularly check the comments and answer your questions."
B002QZ1RS6,A2Z4851ACJLA6N,Manjushri,35/38,2.0,1311897600,2011-07-29 00:00:00,Very Difficult on Several Levels,"The good:<br />It's all body weight exercises, which means you can do it in your own living room with no equipment. This is wonderfully convenient.<br /><br />My cautions:<br /><br />First: I want to echo what some other reviewers have said: this workout is HARD on your knees.<br /><br />Second: This workout is repetitive. Shawn T. tries to mix it up into about 10 different CDs, but at the end of the day, you're doing a lot of squats, burpee variations, push ups and jumping.<br /><br />Third: It's asymmetrical. It's pretty common knowledge that it's best to train complimentary muscles together. So, if you do a pushing movement, you should balance it out with a pulling movement. This program does not really abide by this principle.<br /><br />Fourth: It's REALLY grueling. Maybe I just wasn't in good enough shape to do it, but I've done lots of intense workout programs over the years (Cross fit, Brazilian jiu-jitsu, MMA). I've never felt as worn out and fried as while doing Insanity. And I'm not just talking about during the workouts; I'm talking about all the time.<br /><br />Overall, I think there are smarter workout programs out there that offer more return for the amount of effort they require."
B002QZ1RS6,ASKC9G3RCL61,og2012,5/5,5.0,1312156800,2011-08-01 00:00:00,I love this workout,"I was really scared to order it because I heard it was so intense and thought that I wouldn't be fit enough to even start it. I ordered it anyway and I am in love. Even in the first few days, the workouts are really tough but Shawn emphasizes that everyone needs to take breaks. The people in his video take breaks!<br /><br />I also thought it would be impossible for me to get through that many cardio reps but he does between 2-3 minutes of 4 different cardio intervals and then there is a break. It is totally manageable but still pushes you really hard. It's nice to know there is always a rest around the corner, and there is a clock to let you know exactly how long until the next break.<br /><br />I love that it is set in a gym, you can see the cameras moving around to get different angles, and they have a bunch of people doing it. It doesn't seem like a huge production where they try and make everyone in the video look perfect, they are really just doing the workout with you.<br /><br />Lastly, I really like that the program tells you what workout to do when. All you have to do is set aside the 40 minutes and the rest is thought out for you. Awesome."
B002QZ1RS6,A3PANVN52D1XNF,soliloquy,1/2,5.0,1312243200,2011-08-02 00:00:00,"Great workout. But, the price on Amazon is a little high.","I highly recommend this workout. It has improved my stamina, strength, trimmed inches, defined muscles, and gave me a great boost of self-confidence but MOST people will be able to find this product new or nearly new on their local craigslist. You can find this workout for much less than $150.00. Beachbody sells the workout for $120.00 plus s/h. I got the item brand new with all the bonus discs unopened for $60.00 off of craigslist."
B002QZ1RS6,A2C2MFNDDPKBKC,Dana DiPietro,1/1,5.0,1312416000,2011-08-04 00:00:00,Insanity = Insane!,"I am a gym rat, workout 5-6 days a week...including taking high intensity kickboxing classes.  I always said if my kickboxing instructor taught his class daily, I would be in sick shape....<br /><br />Insanity reminds me so much of the high intensity, moves that I do in that class, that daily, I believe it will change your body and you will see results in 60 days.<br /><br />I just started, but it has me addicted and I would rather do insanity then my regular routine at the gym."
B002QZ1RS6,A2HF5X1DF1LN8V,ambtab,1/2,5.0,1312502400,2011-08-05 00:00:00,Great workout!,I love this workout!  Ok i have been going to the gym for years and this workout totally wears me out every time! I love it and I burn a ton of calories!
B002QZ1RS6,A1UOKQKXNL28LV,Steve G.,1/1,4.0,1312588800,2011-08-06 00:00:00,Insanity is the ultimate workout,"I celebrate my 50th birthday this fall, so I bought Insanity to get buff.  I've been desk piloting for far too long, and I'm not in the best shape.  If I can do it, so can you -- but do check with your doctor first.  Insanity is the ultimate workout!  If you're not ready for a high intensity workout, this is not for you.  However, if you want a 60-day program to kick your butt and help get you in the best shape of your life, go for it!  You don't need any equipment, but you may want to get an exercise mat or carpet remnant to protect your floor.  The key to starting with Insanity is to push yourself, but take rests when you need to -- Shaun T even tells you that in the videos.  Everyone I know who has used Insanity has started out taking more rests than it gives you.  You will sweat and it will seem ""insane"" but you will get results! This set of workouts burns a lot of calories -- as many as 1,000 per workout -- so you need to eat healthy.  Another great thing is that you really can't out grow Insanity -- It's all about good form, reps and speed, and you can always push yourself to do more.  So when you complete the 60 days, you can always start again and push farther.  An outstanding program for anyone who is very serious about getting in great fitness shape fast!"
B002QZ1RS6,A1GXLIM7WVY8H3,Jeffrey Phillips,2/2,5.0,1312675200,2011-08-07 00:00:00,Best at-home workout EVER,"This was my first at-home workout video, since completing this I have tried several others including P90X and Supreme90Day. I made this mistake of doing Insanity first which set the bar far to high for other workout videos to compete with so I have been getting frustrated with the other workout videos. The first month I was able to run several miles since I was training for a marathon, the second month was a little more strenuous, therefore I wasn't able to do my additional 4 mile run or 1 hour swim. Insanity is quite possibly the best workout I have ever experienced. Shaun T is a great motivator and doesn't just watch everyone workout like in some other dvd systems, he is down there getting it done with the crew. I will be purchasing Insanity Asylum as soon as I am done with Rip:60"
B002QZ1RS6,A2Z3B6DMNG4N81,O. Bocharova,2/2,5.0,1312675200,2011-08-07 00:00:00,I have never thought it is possible,"AMAZING RESULTS! It was very tough, but you get very addicted to it if you stick to it. To prevent injuries always always listen to Sean T hints and check your heart rate every time it's required. I didn't loose much weight about 8 pounds but I lost 9inches from my waist! I highly recommend this DVD workout!!!"
B002QZ1RS6,A2EMVL0BX8ZH8Q,ifsogirl,11/17,2.0,1312675200,2011-08-07 00:00:00,not for...,"I tried to do this dvd set for about 3 wks.,while it is a good work out some moves r 2 fast & it is definetly not for any one with bad knees like myself! There's a lot of jumping moves that my knees could'nt take. Otherwise it's a great cardio workout, wish i could do it."
B002QZ1RS6,A2AO20JWOL3YDB,David McGowan,0/8,2.0,1312675200,2011-08-07 00:00:00,Not so good,"I received the DVDs but unfortunately, I could not get any of them to worke. I tried them on 2 different computers and 2 different DVD players. I think the seller will do the right thing and let us return them though."
B002QZ1RS6,A3DV0FFGDNBZUY,zen,2/27,1.0,1312675200,2011-08-07 00:00:00,damaged item,I would give it no stars if it were possible... the item came damaged and when I tried contacting them to Exchange or return i never got a response. I still haven't got a response I don't recommend buying from this company.
B002QZ1RS6,A1LR22I801XREE,runnergirl,1/1,5.0,1312934400,2011-08-10 00:00:00,"for a runner at 70 m a week, this is a BUTT KICKER in a good way","My husband bought this three weeks ago. i have supplemented my long runs/ ellipti-runs (non impact just as hard) and biking w/ one or two sessions of Insanity. i do the fit test, w/o breaks, then the Max interval w/o breaks, just hop on my spinner in between, and then do about 10-20 minutes of another video. to get to about 100-110 minutes. AND I am soaking wet,and sore in a good way, and invigorated.<br />the Plyo moves, and high cardio are perfect for runners to get quicker, and have more endurance. in fact this is wayyyyyy harder than regular running. or even sprint intervals, as these loonggg intervals use the whole body. not just the legs.<br /><br />so. you runners and cyclists out there, try it out. It is so INSANE. You will love it, and i swear after three weeks (three long sessions) i already see more abs and have tightened up a bit too.<br /><br />ps: the Army National Guard Special Forces use this too, as well as P90X to stay fit."
B002QZ1RS6,AKPBO77YUK2DD,JasonRoberts,12/14,5.0,1313107200,2011-08-12 00:00:00,Insanity is a MUST...see my RESULTS! meetjasonroberts.com,"<span class=""tiny""> Length:: 3:47 Mins<br /><br /></span>If you are considering Insanity, please look at my transformation!  Visit me at meetjasonroberts.com"
B002QZ1RS6,A1TGS33HLU2XCR,JDT,1/1,4.0,1313107200,2011-08-12 00:00:00,Insane workout,"Program was bought for our daughter, an athlete desiring to stay in shape. After three days, our non athletic son started using the program. after 2 weeks, there is a noticable difference in his physical appearance."
B002QZ1RS6,A37PRZT7MKH9JV,Yoli Worth,0/0,4.0,1313193600,2011-08-13 00:00:00,Awesome workout package,"DVD set arrived sealed and in new condition from The Vidiot. The DVDs were easy to follow; this exercise program is great whether you're looking to get into an exercise routine or just change up your current one. Sean T was a great instructor; he easy to follow and he was encouraging, saying things like ""Just a few more; you're doing this so you can get a hot body"" (my words not his). Each daily exercise differed and sometimes incorporated exercises from other days, but it took some getting used to. After becoming familiar with it, you're pushed to do more reps and be quicker. It's quite demanding, but definitely worth the 60 days of dedication. And it's fun.<br />Only glitch was that a couple of the bonus discs skipped around out of order (negative for manufacturer, not the seller). I think they were programmed incorrectly because it happened in multiple DVD players."
B002QZ1RS6,A3315LIR20SPZL,"Ace Stark ""brownierules""",2/2,5.0,1313280000,2011-08-14 00:00:00,just plain old awesome,"I have been doing this workout for about a month now and each day is more exciting than the previous one. yes you do a lot of repeating workouts but Sean T pushes you faster with each repeat, most are only three time repeated. i am actually excited to do the next day's workout. i have always been reluctant to workout unless it involved playing sports. Insanity is hard but if you do it the way Sean instructs you to, there will be no problems with injuries. I LOVE INSANITY!!"
B002QZ1RS6,A3HIWTMONUH1LP,Duval710,3/3,5.0,1313539200,2011-08-17 00:00:00,Great,I am on my 4th week of the Insanity workout. I am not a huge guy I just want to get toned. I have already seen results. Before the program my pants size use to be a 38 now I'm a 36. I can fit into a 34 but they are still a little tight for me. All my clothes fit better on me. This is great because I just started working at a clothing store aimed more towards slimmer men and women. my goal is to get down 34 in my waste and maintain being fit.<br /><br />This is not an easy program. The first week is really hard. if you can get through the first week you could last through the whole program.<br /><br />I also noticed I have a lot more energy and stamina now. I use to get tired doing simple task now I lift stuff and running around is less stressful on my body.<br /><br />I highly recommend this product because it has worked for me and my sister who has shown results also. (She is my workout partner). we both have worked hard and seeing our cousin use this program successfully for a couple months now. (he wont tell us how much weight he lost but I would guess about 75 pounds)<br /><br />Please everyone who wants a fun and effective way to exercise get this programs.
B002QZ1RS6,A3JT2NVYDRKFLZ,Michael J. Currier,0/0,4.0,1313625600,2011-08-18 00:00:00,Insanity exercise,The product has everything you need and be ready to feel muscles work that you did not know you had before.
B002QZ1RS6,A32YXIEUPDURNG,nursegurl,1/1,5.0,1313798400,2011-08-20 00:00:00,Best way to take fitness to the next level,"I received this is a Christmas gift and began the program this summer as a P90x/Insanity hybrid. It has been the best way to challenge my fitness level and keep me motivated. The intensity of the cardio is addicting. I feel like a good insanity workout helps my mood and my ability to control my weight, and I am over 45. I have been unable to lose weight for years, plateauing at a certain weight, though working out. Becoming more tone and muscular has allowed me to drop some sizes. So I stopped weighing myself and allowed myself to be satified with my size. My clothes fit comfortably and I feel GREAT. HOWEVER, I just got back from the doctor's office and after doing these workouts for a few weeks (I am in the second section- harder, longer workouts) I have actually dropped a few pounds. Those of you women over 45 (or even over 35) know what I am talking about when I say we hold weight and that scale doesn't budge. BTW- I eat a healthy diet, but I don't give up my after dinner treats- it never made a difference when I did. These workouts are flat out FAT BURNERS. Bear in mind I almost finished the whole program before I noticed the weight loss. It was definitely making me smaller and I was satisified with that. In fact, one workout can begin to make a difference and that is enough to have you trying it again the next day. I also like Sean T's style. He is not boring and he is encouraging and challenging when he coaches. If you have been working out for awhile, have done P90x, are fit and looking for your next challenge, this could be it. I look forward to these workouts everyday and I have ordered the asylum so that I will be ready for my next challenge."
B002QZ1RS6,A345B9A2DX5I7B,"Jacqueline Dittmore ""Canton to Courbevoie""",0/0,5.0,1314057600,2011-08-23 00:00:00,Incredible workout,I'm really looking forward to completing the 60-day training. I can already feel a difference and am pumped to continue.<br />I've decided and am committed....can't wait for the SUCCESS!!
B002QZ1RS6,ABEQPZWW1D1O,jillian wright,1/14,3.0,1314316800,2011-08-26 00:00:00,Doesn't burn what you think it's burning...,"I had to write this to inform people. Insanity is a great workout for sure. You will sweat BIG time but that sweating is deceiving. I started counting calories and fitness so that I would know exactly what I was burning off in a day after about a month of doing insanity with not very many physical results to brag about. When I calculated the math on Insanity turns out I was only burning about 300 calories per workout. I did further research, maybe it's just me....Nope, most everyone I found on the internet that calculated were burning 300-400 calories on every single session, even the longest ones. Was I working hard enough? Let's put it this way I was monitoring my heart rate and had to stop because I was in my danger heart rate zone. The most calories I found someone burned was a longer session and their top number was 454. Then I thought well this is interval training so you burn calories all day long after Insanity workouts. Ohh, oh...you burn about an addition 50-70 calories a day due to interval training. I'd rather have that slice of cheese and run and burn double the amount of calories you do by sweating your balls off with Insanity. It's a good sweat but 300-400 just isn't enough for me but to each his own!"
B002QZ1RS6,A2HG0KI37X4CET,misschriss,0/0,5.0,1314489600,2011-08-28 00:00:00,Insanity: Very Insane!,"I'm really enjoying this workout but I will caution anyone who has any issues with ankle, knee, leg, or back issues at all, which will only get worse with this workout.  I am very healthy and pretty fit already, and did not have any issues prior to starting this workout.  I can see that if you do have body pains, this workout will most likely make it worse. The Insanity disclaimer is pretty clear about this but I know many will not read it and purchase anyway.  They do not give modifications, but I modify several of the moves on my own and am seeing very good results so far.  This is an extremely fun and quick workout.  The first half (month 1) is under 41 minutes and second half (month 2) gets up to 60."
B002QZ1RS6,A3MXS4F6MFIQVP,"ATroy ""ABH""",0/0,5.0,1314489600,2011-08-28 00:00:00,Hurray for Insanity,"I finished the 60 day program and can tell you without a doubt this is a terrific workout program.  There are so many positives about this program.  Only 40-50 minutes a day for an intense workout the really targets your abs.  I have been trying to get rid of my beer belly/love handles for years and I can tell you the cardio I was doing didnt really have material results.  I now have six pack abs and have lost around 15 lbs.  Although I reduced my alcohol intake, I did not follow the recommended diet.  However as I begin to lose my stomach I became more motivated to eat a bit less.  I loaded the Insanity program on my Ipad so its very convenient to travel with especially since you do not need any equipment.  I can even do the program in a decent size hotel room and it definitely counteracts the large business meals you have on the road.  I am now repeating the program just to keep my abs and perhaps lose a little more weight.  I think the only negative is that the workout can be on your joints, especially your knees.  I still think its worth a try especially given how happy I am with the results!"
B002QZ1RS6,A1LSQLPVEL476W,DG,4/9,2.0,1314489600,2011-08-28 00:00:00,"Good Set, poor quality","This is a great workout set and provides a good cardio workout with lots of variety. There are several DVD's in the package however that were damaged and at least three of them do not work at all. There are others that skip around as well. Also, the set included 2 of the same DVD and was missing another one. I would never buy from this company again and regret my purchase for this reason. I would say about half of this set is not usable. I love the Insanity workouts, they are great. Next time I will buy from a more credible source so that I do not waste my money on poor quality DVD's."
B002QZ1RS6,A3AM7W6KP9WOS6,Joe Houle,0/0,5.0,1314576000,2011-08-29 00:00:00,Best fitness purchase I've ever made hands down!,"This program is amazing!  It is extremely well planned and thought out.  You do the workout on your Insanity calender each day and check it off as you go, this proves to be a simple yet extremely effective tool in keeping you motivated.  The workouts give you a great high which also keeps you on track and breaks come at just the right times.  Sundays are off for recovery and in the middle of the week there is a cardio recovery workout which is still strengthening and bit intense but your heart rate stays down and you are ready to continue the next day refreshed.  Sean T incorporates stretching into each workout.  The stretches are great for your hamstrings, hip flexors, shoulders and back.  Every muscle group is worked in this program with an overall emphasis on the core.  Month one is intense, it prepares you for month two which gets even harder.  Don't let the name Insanity scare you, it is insane but at 30 to 55 minute workouts it's very doable and you will improve quickly.  Make sure you have enough space to workout in and if you are going to be doing it early in the morning you might want this space to be in the garage or backyard because jumping on the floor of your house can be loud and annoying to the people you live with.  Don't hesitate to buy this,  the sooner you get started the sooner you body WILL be transformed.  Best of luck!"
B002QZ1RS6,A2I2NQO2TX6O99,bubbajo111,0/0,5.0,1314576000,2011-08-29 00:00:00,If your looking for a workout that will cause results this is it!!!,"When I started Insanity I was 230 lbs and loved to lazy.  Insanity caught my eye because it uses no ""extra"" stuff.  The first week I couldn't finish a DVD.  The second week, I finished them and the improvement was amazing.  I am now on month 2 and seeing the results like crazy.  The first month I lost 7 pounds, probrably would of lost more if I followed their meal plans.  Month 2 I am eating healther and seeing better results.  You may end up with a love/hate relationship with Shawn T.  You will sweat puddles. You will have to dig deep to suceed. Most of all you will have to have determination.  If you want a program that will kick your butt, but you are willing for the butt kicking. This is the program for you.  It is the hardest workout program I have ever done and I absolutely love it. I still can't do them to Shawn T's level but I do it at my level and he even says that is OK.  The workout DVDs are different and they change 5 DVDs for the first month and 5 new DVDs for the second month.  So there is alot of variety.  It is a expensive but in my 2cent opinion, it is worth every penny."
B002QZ1RS6,A2KXV9TPQWPIY1,tab,0/2,3.0,1314576000,2011-08-29 00:00:00,Insanity Workout Review,"It is very okay. It is probably the best cardio you will ever get in your life. However for the first month, the exercises are extremely repetitive. You will not really work your upper body much if getting jacked is what you're looking for. To be honest, I'm a little surprised that there is not a ton of ab work. With that being said, if you want to get in shape and burn some fat/calories, this is a great workout for that. So far, I personally have not seen results worthy of advertisements on the television. However, I have probably trimmed down some, and I know my cardio has improved. In two words, it's ""all right."""
B002QZ1RS6,A1F270VICIA7FE,Adam Dickson,6/6,5.0,1314748800,2011-08-31 00:00:00,"Sweat, sweat, and more sweat.  YES!","I've done P90X twice, and it worked wonders.  Insanity is another great BeachBody product.  I've completed the first two weeks of the program, and am already seeing results - I lost nearly 4 pounds my first week week on Insanity.<br /><br />Insanity is different than P90X - P90X breaks you down and builds you up by training you to near-failure with body weight and dumbells, and Insanity pushes your cardiovascular system to the limit by moving faster and harder than P90X does (no weights used in Insanity).  If you think Insanity will be a breeze because you can make it through a P90X workout without much trouble, THINK AGAIN!  This is the real deal.  It's tough, and you're gonna love it.<br /><br />If your goal is fat loss, I'd go with Insanity.  Fat doesn't stand a chance against these workouts, but it's hard to gain muscle at such a high burn rate.  If you want to put on a bit of muscle, but still get chiseled and defined, go with P90X."
B002QZ1RS6,A2JGVW3RRQHK,tcbratto,1/1,5.0,1314748800,2011-08-31 00:00:00,Insanity is Amazing,"I am half way through the 4th week, and I can tell you this program works.  I am down 6 pounds, and I didn't have a lot to lose.<br /><br />I originally bought this to stay fit between marathon training sessions, but now realize that I'm getting much fitter.<br /><br />I don't run while doing it (don't have the time or energy), and am very curious to see how my times improve from this workout alone.<br /><br />In short, this thing will kick your butt, I don't care how fit you think you are.  It is definitely NOT for beginners.  And I don't think it's that hard on the joints; you just need to learn to land with soft, bent knees (absorb the impact).<br /><br />One note, I would seriously consider buying this directly from beachbody.  There are a TON of illegal copies out there that skip or don't play at all.  Bite the bullet and pay full price; you don't want to pay half price for crap..."
B002QZ1RS6,A20GA2DI9FMV8Y,Stephen,0/1,5.0,1314748800,2011-08-31 00:00:00,Awesome,"The product got here when it was supposed to, and everything was in perfect condition.  I couldn't have asked for anything more."
B002QZ1RS6,A24KZULA1CSH97,"Abby International ""Brenda""",6/6,5.0,1314835200,2011-09-01 00:00:00,Believe the Hype!,"First time reviewer here...  I will start by saying I had a feeling these dvds would work by the little bit they show on infomercials.  I know enough to realize that working out 6 days a week - and cardio to boot will burn some calories...  The problem of course it getting yourself to do it...  The Insanity 60 day program with Shaun T. at the helm is the ticket.  Perfect combination of workouts - which are HARD!!  Easy to follow calander...  turn off your brain and just put in the DVD of the day... and get pumped and focused because its a tough 40 minutes... every time... but as Shaun T. says... 'i love it!'<br /><br />Specific details and comments...<br />Me:  42 years old...  Female... 5'2""  fairly active for my age in my opinion... fell out of the 'workout routine' and put on about 10 lbs...  target weight is 115... I started program at about 125... maybe a bit more but who whats to claim that!<br /><br />Where I am in program:  I just finished the first month and am in my 'recovery week'.<br /><br />My experience so far...<br /><br />First three days of workouts... with the intense use of calf muscles...  I could hardly walk...Calf muscles VERY tight... but not surprising...  if this happens to you just fight through it...As with sore muscles... after walking/hobbling around for a few minutes things loosened up... I had my 'breakthrough' on the morning of the 4th day.. ie... minimal soreness in calves!<br /><br />First 2 weeks....  Tough... could not keep up throughout the complete routine... some sets tougher than others... but by taking minimal breaks.. never more than 30 seconds... I was able to muddle through...  you do a couple of dvds in rotation...  as the second week went by I already found I was keeping up better and form was more solid especially later in the sessions..  I was getting stronger!  yea!<br /><br />Second two weeks...  same dvds for the most part with added core sessions of about 15 minutes on a few days...  still building on base for strength...  Doing a lot better and noticing much better flexibility and stamina for the workouts...  Really enjoying it!<br /><br />Got through first month without missing a workout!  Very proud of myself... I am now on my third day of 'recovery week'...<br /><br />Dont let that title fool you... you will work your butt off in the recovery week but it is definate a notch or two down on the intensity scale.  Slower pace but lots of really painful squat stuff...<br /><br />Really looking forward to what month two has in store... I have a feeling it will be extremely tough but the way the program is designed I believe I will get through...<br /><br />Random thoughts/comments:<br /><br />body changes...  already noticable...  I did not take official weights or measurements as it is not about that for me...  cloths were getting Tight!  simple as that...  In the 4 1/2 weeks my jeans are fitting much better and I can start to see my abs again...  Very pleased thus far.<br /><br />Diet...  the nutrition book that comes with Insanity is awesome...  VERY easy meal selections... NOTHING crazy.. normal everyday food... easy to follow... no excuses people...nutrition is important...  I firmly believe... as told... excersise and diet are the key to success...  do youreself a favor and commit fully!<br /><br />DVD variety...  Very good... even though you repeat programs, they are always 'new'... as you get stronger you can push a bit more so it seems to be an ever evolving situation...<br /><br />Shaun T...  Very good...  easy to listen to.. not overbearing...  very encouraging...  somehow makes you push from the TV...  I like him...  very well thought out programs...  just when you think your legs will crumble or your heart will explode the next excercise focuses on something else and the body part that is maxed out has a bit of time to recover...<br /><br />Best aspect for me... personal reason for being so happy with this system...  I assume month two is same in this respect...  You need nothing other than yourself and a medium to play dvd and about a 4 x 10 area to work out in...  With travelling for work I believe this system is perfect...  I can bring the dvds I need for my travel days and get it going on the road.  This for me is huge!<br /><br />Will post update when I finish the second month...<br /><br />Have fun people... Insanity is all it claims to be... but you gotta commit and prepare to suffer a little bit..."
B002QZ1RS6,A37JZDVXQ9H3KE,Jessica Sampson,0/0,5.0,1314835200,2011-09-01 00:00:00,good results so far.,the package arived on time and in perfect condition. i have had great results from the insanity program and i feel great! =)
B002QZ1RS6,A3KHNBVJXSTALN,Paul N.,11/12,4.0,1314921600,2011-09-02 00:00:00,Great workout but repetitive,"Great workout, very intense like everyone says. This is, like the product says, a total body conditioning program.  You will jump, dive, dip, push-up, and stretch.  It's not just about getting thinner; if you want to do that, just get on a treadmill/elliptical for 20 mins before breakfast and do intervals/sprints.  This is about total body conditioning.  At the end, you'll feel stronger, more agile, more athletic, more toned. I don't know if you'll necessarily be ""thinner"" - that's a product of your ability to keep up the intensity of the workouts, which are pretty high-impact, and follow it with a good diet. But you'll definitely be in better shape.<br /><br />A few things you should know about:<br /><br />1. They're not kidding when they say it's intense and that you need a doctor's permission. These are gut-wrenching, nearly vomit-inducing workouts. If you push yourself to the max, which is what you should be doing, you'll feel like vomiting once in a while.  If you're not in decent shape then you might have a very hard time with this. I'd recommend doing some jogging for a month prior if you haven't worked out in a while. IF YOU HAVE KNEE OR BACK PROBLEMS - BE CAREFUL.  You do a lot of jumping and twisting here.  I have good knees and felt a little tension there a couple times.<br /><br />2. The workouts are repetitive, which is why I gave it 4 instead of 5 stars.  There are basically like a half-dozen basic exercises, and each workout is essentially a remix of these.  In the plyo workout you may do a little more jumping; in the cardio one you do a little less.  But all in all, after 2 weeks I realized all the repetition and I had to fight boredom before my workouts and during.  So listen, you'll need some will power and discipline. Yes, you'll think ""it's the same workout all over again,"" but just hit Play and do it anyway.<br /><br />3. The workouts get longer and you need to plan around this.  The workouts during the first month are about 40 mins, which include almost 10 mins of stretching at beginning and end.  (Even so, the remaining 30 mins are tough.) However, they get to be over an hour in the 2nd month, making this a very demanding program.  You really need to plan your life around your workouts.  I couldn't do these in the morning. I tried doing these after waking up, but I didn't have the energy, so I had to plan time in the evenings.  I'm a horrible morning person, so maybe your mileage will vary.<br /><br />4. You should couple these workouts with a proper diet.  You don't need to skimp on the calories (you need energy to finish the workouts), but you should eat clean foods for all 60 days.  What's the point of planning your life around these tough workouts, only to lose the maximum impact by not eating well?  Do yourself a favor and eat right.  This is a PROGRAM, not just a set of workouts.<br /><br />Good luck!"
B002QZ1RS6,A1J3XC7IGCA3TH,"Luis Franco ""L Franco""",1/1,5.0,1315267200,2011-09-06 00:00:00,Great workout program!,"I ordered this item about a month ago. I am starting the third week of the program as I write this review, and I'm loving it!<br /><br />It is, as the title suggests, an ""insane"" program, nothing like I've ever tried before.<br /><br />If you're thinking about getting it, though, keep in mind the following tips:<br /><br />- Make sure this is the right program for you. Don't push yourself beyond your limits!<br />- Follow the Elite Diet. It will help you maximize your results.<br />- And most important: DECIDE TO START and COMMIT to the program. It will not disappoint!<br /><br />Happy bodybuilding ;o)"
B002QZ1RS6,AUFCECMVBWL08,Ashlee,1/1,5.0,1315353600,2011-09-07 00:00:00,awesome!!,"This program is exactly that, Insanity!! You will sweat like no other, but it is so worth it!! Shaun T is amazing and so is this program!!"
B002QZ1RS6,A3EWOBXF8H4XXP,Kristin,2/2,5.0,1315699200,2011-09-11 00:00:00,Great workout,"The workouts are short and intense.  I'm working out for less than an hour a day, but still burning a ton of calories, which works great with my hectic schedule."
B002QZ1RS6,A1RD86E5S424RG,momof2boys,3/16,2.0,1315699200,2011-09-11 00:00:00,Works only if you are Shaun T!,"I bought this for myself and several of my friends. The program was difficult from the word GO. and though it looked exciting at first... i soon realized how much strain it was putting on my knees, ankles and even my thighs. I exercise regularly and do not have any muscle ache issues but this one left me NOT SORE but actually injured and I just had to stop. anyways my friends stopped this too after a few days because of one reason or another. IN short, buy some other program probably p90X but not this one. you can get seriously injured."
B002QZ1RS6,AH5KEDFV9AWMF,EJ729,2/2,5.0,1315785600,2011-09-12 00:00:00,amazing and amazingly challenging,"I have NEVER ordered anything after seeing an infomercial, but something about this regimen just seemed to ring true. It is absolutely as advertised, seriously crazy, but very effective. It is effort driven, so if you aren't going to commit to it, save your money. Shawn T is a good motivator, clear in his instructions, and clearly in outstanding shape. No equipment is needed, not a lot of space is needed (though you do need to be able to jump so be mindful if you have neighbors on the floor beneath you) and it is certain to deliver on its promise of improved fitness if you put in the time. The workouts aren't that long, because they are ridiculously intense, and I am very appreciative of the time bar at the bottom letting you know how much longer the suffering is set to last. A great purchase- way less expensive than a personal trainer"
B002QZ1RS6,A1SI30NHJQIKM8,Us,0/2,3.0,1315958400,2011-09-14 00:00:00,Disc 2 of 2nd Month Faulty,"This is an excellent workout--however, hugely dissappointed that can not do the 2nd disc of the 2nd part because the disc doesn't work--I've tried it in 3 different dvd players.  Please be aware and chime in if your set was missed by quality control as well."
B002QZ1RS6,A10A53D25W3T7Z,Elle,0/0,3.0,1316131200,2011-09-16 00:00:00,Love it,"It's tough but I really liked it. Much cheaper than paying for boot camp classes. Not for the ""i hope to get in shape soon"" person, its for someone who wants to really take it to the next level."
B002QZ1RS6,A10YKAVVUF00JY,johnnyc,2/2,5.0,1316304000,2011-09-18 00:00:00,This is it. PERIOD.,"This workout is simply amazing. You'll be in pain, you may cry, it doesn't matter. Suck it up and do it and you will see results. I did P90X first and then moved to Insanity and now I'll do P90X on an off day for relaxation. You cant not get in shape if you do this routine and eat right for the most part. I'm not a fitness junkie by any means and didn't follow any meal plan with this or P90X and still saw results. Now I've made the commitment to eat better and follow a strict diet so its just getting better. Anyway cant say enough for it. Warning: you jump a lot, get GOOD shoes...I gave myself shin splints the first week because cheap $20 tennis shoes wont cut it."
B002QZ1RS6,A2SV6QFPJUBTXQ,Ashley,2/11,2.0,1316304000,2011-09-18 00:00:00,Bad discs,"I had purchased this product a while ago and did not have a chance to use all of the discs. Today, my sister borrowed a disc to use. She placed it in the dvd player and it did not work, so thinking it might have been the dvd player she placed the disc into her computer. Her computer now does not work because it is completely frozen from the disc and it will not eject from her computer."
B002QZ1RS6,A1WCMDKKARF4HS,Joker,1/1,5.0,1316390400,2011-09-19 00:00:00,Insanity review,i thought this workout was amazing this is only for people who are in good shape to me the warmup was a workout itself but i loved it and i noticed results fast i recommend this to anyone who loves workingout
B002QZ1RS6,A2QBDF84DBWDTE,"Jennifer Y. Lee ""olive""",1/9,2.0,1316390400,2011-09-19 00:00:00,Scratched,Only a few of the dvd are working.  A lot of them skip during the workout and the rest of them are so scratched that it refuses to play.  The product came in time and was wrapped up and everything but I don't know why the alot of the dvds are scratched up.
B002QZ1RS6,A20DWYDQ33D9QC,mudgemom,58/60,5.0,1316649600,2011-09-22 00:00:00,Excellent program!,"I first want to say that I do not understand all the poor reviews that state Insanity is just too difficult, I didn't lose the 20,30,40 pounds, it's not for people with bad joints, causes injury (and now I'm ruined for life), etc.  I don't want to minimize their complaints - especially if they got hurt - but it is called INSANITY for the love of God!  Was that not clear at all in the infomercial?  Were the repeated warnings of 'this is not for everyone' unclear?  Were the disclaimers of 'results may vary' not clear?  When doing the workout, do Shaun's constant reminders to 'rest and get back at it', listen to your body, etc. not register?  And for those with joint problems - why on earth did you ever think an extreme program with jumping exercise would be for you?  Bottom line - lack of common sense does not make this a bad product.<br />I am a stay-at-home mom of two kids and I am anything but athletic.  I am no couch potato - but I haven't seen the inside of a gym for about 8 years.  I get my exercise keeping up with my kids and cleaning my house/yard - period!  Unfortunately, after having my last child and turning 40, that wasn't cutting it anymore.  I was/am about 30 lbs overweight starting this program and I have been at it for 22 days now.  Let me restate - I am NOT athletic and I am NOT in shape!  In the beginning, I could do only 3 reps of a few of the exercises!  It was sad! The point is, I listened to my body and rested when I needed to but didn't quit.  Anything involving the 'Plank' position was next to impossible due to my weak little arms and the fact that I have had C-sections with each child, so my abs and core were weak. So I modified those a bit, and over just this short amount of time I am proud to say that I am doing all the exercises correctly and am up to at least 15 reps of even the toughest exercises, I have lost 4 pounds and am nearly down one pant size. I really feel as if I am on way to losing the 30 lbs and maybe more.  But I don't expect it all in the first 60 days because my starting point was so weak.<br />Bottom line - this is an excellent fitness program for just about anyone who doesn't have health problems, uses good old common sense, takes it at their own pace (don't 'dig deeper' until you feel you can), and doesn't expect to grace any fitness mag covers after 60 days.  Shaun T is wonderful, very motivational and easy to follow.  I am really looking forward to seeing my results after the next 38 days.  And I thoroughly expect to continue to use Insanity in the intervals suggested."
B002QZ1RS6,A3L67K4ML751DY,escapingvertigo,0/0,5.0,1316649600,2011-09-22 00:00:00,Responsible Service,Order and delivery were handled quickly and efficiently .  DVD's were in perfect condition and all materials were included.  Have been using the product for several weeks and seen no issues.
B002QZ1RS6,AXSD2OXMNS9X3,galaxygirl331,8/18,2.0,1316649600,2011-09-22 00:00:00,not at all for beginners,"I use to be in GREAT shape but got in a car accident and was in a wheelchair for 6 months and had to learn how to walk for an additional 6 months. After all of that my body was very out of shape but figured how bad could it be its only been a year my body will bounce back after some cardio. so i bought this not realizing you have to be in shape to do this its not for beginners or for people who have been out of the game for a while it sure is not for seriously over weight people. my 1st week of doing this is going to be my last week of doing this until i find a more suitable work out program and work my self up to this. I gotta say even in my best shape i know i would find this program hard but at least then it wouldn't kill me. i took frequent breaks and didn't push my self to hard but still found my self so sore i had a hard time walking at times. I gave this 2 stars because no where does it say this program is for an advanced all ready in shape person all it says is ""The Insanity Workout is a difficult workout"" this program is for some one who already goes to the gym and some what in shape but just needs that little extra to lean up. now i have to find and buy another program that can work me up to this program seems misleading and waisted my time and money 2 things I'm limited on.<br /><br />I'm 32 years old, 5'4 female, 143 lbs, and about 20 to 25 lbs heavier then i use to be. I use to work out 4 to 5 times a week about a year ago just so people know my level i would say I'm the average person... i hope my review was helpful"
B002QZ1RS6,AKSL67ZR71A9I,B. ITI,4/7,5.0,1316822400,2011-09-24 00:00:00,"Comparison - Insanity vs P90X, RevAbs and Brazillian Butt Lift.","Comparison - Insanity vs P90X, RevAbs and Brazillian Butt Lift.<br /><br />1. In Insanity videos, these guys putt out. Like you and I, we putt out as well.<br />In other videos such as RevAbs, P90x, Brazillian Butt Lift, the people do not putt out.<br />Which means Insanity to me is realistic, and not misleading like the others mentioned above.<br /><br />2. There are more people participating in Insanity vs RevAbs, P90x, and brazillian Butt lift. The more people there are, the more realistic this program is. Even though they are slim and do not model the different kinds of body weights people are at, Insanity definitely shows that you can get there.<br /><br />3.  The instructor pushes you harder, constantly. Only someone who is fit doing hardcore interval training can do that. I think most instructors would run out of breath if they were to talk constantly. Great Instructor."
B002QZ1RS6,A2NBJ5WTCGPZB6,"C. M. Hughes ""Dr Hughesy""",0/0,4.0,1317081600,2011-09-27 00:00:00,"Great cardio, but high impact on the knees","I really like the approach of the workouts- each starts with a warm-up, and stretching is emphasized a great deal throughout.<br /><br />The workouts certainly do make you sweat and get your heart rate up. However, there are a lot of high-impact exercises that could cause stress on the knees. I've found that I can usually substitute such exercises with ones that are lower-impact."
B002QZ1RS6,A3PWJ5DPLNT5P6,"Patrick W. Whitney ""Whit Dog""",1/1,5.0,1317254400,2011-09-29 00:00:00,Great product and seller!!,I have used both Insanity and P90X.  THey are both VERY tough.  The Insanity is more about cardio and plyometrics. If you have bad knees you won't want to do this.  Have fun!!
B002QZ1RS6,A37CA7PHFCBARN,cbeduke,5/5,5.0,1317340800,2011-09-30 00:00:00,Hardest Cardio Workout on DVD EVER!!,"I am a self-professed queen of workout DVDs. I own them all: The Firm, Jillian Michaels, Moms Into Fitness Post-Natal series, Leslie Sansone, Hip Hop Abs, Piloxing, Kettlebells - you name it, I've had it in my workout repertoire. I'm always looking for something new to keep me motivated. The only time I have to workout is in the 5 AM hour before my toddler wakes up - so I want my workouts to be as efficient and effective as possible. Insanity is definitely the hardest cardio workout on DVD that I've ever experienced and I love the fact you don't need any equipment (you use your own body weight for upper body exercises). In 45 minutes I torch an average of 400 calories - my body definitely feels it and my energy levels have definitely gone up since I starting using the system. I cannot recommend it highly enough. I'm currently finishing up Month 1, I will post more when I get into Month 2. Some folks are concerned with the potential impact on knees, hips, wrists, and ankles - some of the exercises are definitely high impact, but I've found that by doing the 2 stretching sessions / yoga exercises that are built into the workout(after the cardio warm up and again at the end of the workout) - I haven't had any problems. A great buy!"
B002QZ1RS6,A3BTTCQG38WADO,satisfied_soldier,3/3,5.0,1317427200,2011-10-01 00:00:00,Awesome and Intense workout,"I love this product.  I'm an a 26 year old active duty soldier, currently serving in Iraq.  I have been using this workout for several months and have noted huge increases in flexibility, strength, and endurance.  Shaun T's high intensity workouts are great for anyone who wants to strengthen and tone while increasing their cardio endurance.  I love the fast pace of the Shaun's interval training technique, it keeps me challenged and motivated.  I have tried some other fitness products like  P90X.  I found the P90X to contain effective exercises, but overall the workouts were long, tedious, and boring compared to working out with Shaun T.  After using Insanity for ten weeks, I was so impressed that I ordered the deluxe upgrade kit to get three additional workouts(insane abs, sports training and weight training).  Also I like to incorporate small weights and medicine balls into some of the exercises to increase resistance.  My only warning would be that there are several exercises in this program which may be considered high impact.  Just make sure you follow Shaun's instructions for proper form and wear comfortable cross-training shoes. If you want to challenge yourself physically and are serious about getting in shape, this may be the workout for you.  There really  isn't any beginner video in this set, so be ready to hit it starting day one.  The first couple weeks may be tough for you depending on your current fitness level, but after that you won't be able to get enough of this workout.  This program is worth three times what it costs.  I would highly recommend it to anyone wanting to maximize their fitness."
B002QZ1RS6,AAONH9D3A97CM,keepinmind112,0/0,5.0,1317513600,2011-10-02 00:00:00,great great great!,"I was nervous about buying again another workout video, but this one is great! Very serious workout though. not for the faint of heart"
B002QZ1RS6,A3VH59ZW9Y4K9C,cubanaries,0/0,5.0,1317600000,2011-10-03 00:00:00,Its Insane!!,I am so happy i purchased this product and recommend this to others. i have been using it and Love it
B002QZ1RS6,A3MLM7QF6T1TJY,BDA1,0/0,5.0,1317600000,2011-10-03 00:00:00,Awesome,"The workouts are quick and intense, no equipment needed. You know the workouts are difficult when people on the DVD are taking breaks in the middle of the workouts. It is seriously a good system that you can go at your own pace and modify the workouts little to work around injuries or physical limitations and still get a good workout. I highly recommend it!"
B002QZ1RS6,AZ3WFRC1NB9MV,dhgc,0/0,5.0,1317600000,2011-10-03 00:00:00,Insanity 60 day workout DVD,I did not have a problem with anything. I did need to go to the website to print out my workout and to figure the calorie intake. The information does not come with the DVD's. No problem because it is available on the website.
B002QZ1RS6,A1WDKROT6226CZ,lukinup,0/1,5.0,1317600000,2011-10-03 00:00:00,insanity,Love the product. It pushes you and motivates at the same time. I recommend it for anyone that is wanting fast results.
B002QZ1RS6,A31Q8V96P5LH16,ArmyWife&amp;Mom,3/3,5.0,1317686400,2011-10-04 00:00:00,"Excellent, Challenging Workout!","This review is for everyone, but especially for women who may be interested in this workout but hesitant about whether they can manage it. YOU CAN!!  I am 5'2, 105lbs, and 26 years old.  I had a baby 9 months ago and have lost most of the weight but was looking for something to tone my body.  This is it!  I am only a week into the program, but I can already see results!  I feel better and look better.  Yes, the workout is challenging, but if you are in decent shape, you can manage it.  If you are still hesitant, I would suggest trying Jillian Michael's 30 Day Shred first. It is similar to this workout in that it incorporates interval training and some of the same type of moves.  It's only $10, and it'll give you a good idea of whether you're ready for the Insanity workout. I did the 30 Day Shred after having my son, and while it was great for a while, I was ready for something more intense.  Don't be intimidated by Insanity, though--you can do it! I will agree with all other reviewers that it is not for anyone with knee or wrist injuries.  Also, to get the most out of this workout, you'll want to follow the eating plan.  It's not so much a ""diet"" as it is a guideline. I can honestly say that I don't feel hungry while following the eating plan. You eat 5 small meals every 3 hours, and the amount of calories you eat at each meal is calculated by your height, weight, age, and whether you want to lose weight or simply maintain your weight.  There are so many options in the eating guide, and you can easily come up with your own alternatives with the guidelines they provide.  I just had half a peanut butter sandwich and a small glass of low-fat chocolate milk (which serves as a ""recovery formula""--no kidding).  What other workout plan allows you to do that?  I highly recommend this workout program!"
B002QZ1RS6,A10YU6JX1RCQJU,nebeker1,0/0,5.0,1317686400,2011-10-04 00:00:00,Good Workout,"This workout is wonderful. It is very intense, and insanity is the perfect name. The results are amazing though. I would recommened it to all my friends and family!!! You will see an extreme difference in your body."
B002QZ1RS6,A3K3WUPHNXCM1W,miketerps,0/0,5.0,1317859200,2011-10-06 00:00:00,Toughest workout ever,Shaun T will put you in pain with this work out.  You start seeing results in the first week!  Highly recommend
B002QZ1RS6,A1V02XO6TAMOL6,C,0/0,5.0,1318204800,2011-10-10 00:00:00,Awesome cardio!,"I enjoy the insanity workout! It is very effective when it comes to losing weight and toning. Most of all I just love listening to Shaun T, he has a hot bod!"
B002QZ1RS6,A3OOF5SR7DAPRQ,Workinhard,0/0,5.0,1318204800,2011-10-10 00:00:00,Great Workout,I feel Amazing. This doesn't feel like a workout but you get the results of one. Very hard but worth all the sweat.
B002QZ1RS6,A229HX2CXCNCPA,Jon B,3/3,5.0,1318291200,2011-10-11 00:00:00,Another five star review....,"Last spring, I found myself playing another season of indoor soccer in the local men's rec league.  But even as a relatively fit 37-year old (5'10"", 170lbs.), I found myself losing ground to the faster and quicker 22-year olds.  And I wasn't happy.<br /><br />After much research, I decided I needed a ""HIIT"" (interval) based workout to get my endurance and speed back.  I've never been a fan of workout videos, since I'd rather just go outside and bike or run, but several friends recommended Insanity, so I thought I'd give it a shot.<br /><br />I'm glad I did.<br /><br />I'll simply say that Insanity is the best workout I've ever seen.  And, even having done track and soccer in high school, I'm in the best shape of my life now.  The videos are well produced, and Shaun T. is an excellent instructor.  I like the setting (a high school gym instead of a cheesy pastel-colored studio), and I really like the progress-bar that shows how much time is left in the video and for each interval.<br /><br />The workouts themselves are very good, and don't require any equipment.  There are some body weight exercises (mostly push ups and push up variations), but you're not going to build big muscles on this program.  That wasn't my goal though.  There are two ""months"" of workouts, with the first month rotating through several ~45 minute workouts, and the second month rotating through slightly longer ~60 minute workouts.  I actually enjoyed the exercises in the first month much more than the second, so now that I'm finished with the program I'm ""maintaining"" by doing the first month workouts several times a week.<br /><br />One thing I also hadn't expected is that I was really, really hungry, all the time.  I found myself needing (healthful) snacks throughout the day just to ease the hunger pains (lots of turkey sandwiches!).  I didn't follow the Insanity meal plan, but I was careful to find good foods I could eat.  But be prepared to eat more.  I suspect doing Insanity and the meal plan together could result in some very significant weight loss.<br /><br />At the end of the program, I found myself playing faster and harder than I ever had before, and I wasn't nearly as tired at the end of my soccer games as I had been before.  And while I wasn't trying to lose weight, I lost about 5lbs and definitely found my clothes to be fitting a little looser.  If you are an athlete, I would highly recommend this program for off-season or pre-season training (I haven't tried Shaun T's other program targeted specifically for athletes).  If you are trying to lose weight, this is a great program as well.<br /><br />Additional Note: My wife did the program with me as well, and her goal was to lose a little weight.  She went from a size 8 to size 4 and has never looked better.  She had been doing Jillian Michaels workouts before this, and those were a cake walk compared to Insanity."
B002QZ1RS6,A5YPN17UC11Z3,"Bub Script ""Bub""",1/1,5.0,1318464000,2011-10-13 00:00:00,You won't be disappointed,"This is the toughest workout program available in DVD format.  I have done P90X, The Pit, and a variety of other difficult workout programs, but when I bought and tried Insanity I new I had arrived.  A bit of caution, however:  DO NOT USE THIS PROGRAM IF YOU ARE NOT ALREADY IN SHAPE...it's T-O-U-G-H!!!"
B002QZ1RS6,A37H7YCP4CHDPH,Mr. Kafkaesque,12/12,5.0,1318723200,2011-10-16 00:00:00,"If I could do it, anyone can","I've been reading a few pages worth of reviews here, and hopefully what I have to say isn't too repetitive. First off, when I started this program I was around 280 pounds or so (not muscle), but I was able to run an entire 5K without walking. So....beginner, but not ""first workout in 15 years"" kinda thing. I don't have a scale at home, so my progress was measured in clothing changes. I did the entire 63 days then did another month of mixing up the workouts depending on my mood; I went from a XXL men's shirt to a L, and my belt is 5 notches tighter. I'm not saying I can see ab muscles yet, but they'll pop out eventually (probably faster if I stop drinking my 6-packs).<br /><br />As for the workouts, yes they are incredibly hard, but if you're smart about it Insanity can be used by anyone that doesn't have knee problems. For the first few weeks I was gasping for air more than I was moving, but by the end of the 2nd month I was able to do the entire workout (albeit not at the pace of Shaun T and the crew). Hopefully by the time I go through another month or two I'll be just as fast. Just don't skimp on the warm-ups and stretches. Know your limits, whatever they are, and just work out at 95% of that. No matter what shape you're in you'll see results.<br /><br />So if you're sitting there lamenting the calorie count of your last meal (I found Insanity after feeling guilty that I ate an entire medium pizza on my own), or worried that you can't handle the program, then refer to the title of this review.<br /><br />P.S. Be prepared to be sore all the time"
B002QZ1RS6,A37IEQXPTPTTO6,Mo,0/3,4.0,1318723200,2011-10-16 00:00:00,Exelent,"The work out is really hard but it is worth it, you have to push your self, on the first month i have see results and just two weeks from now before i finish the two months. The only thing i dont like its the fact that if you dont live in the US or Canada you are not able to sign in in the wowy super gim or get eny product or coaching from them."
B002QZ1RS6,A24YMMRX426RU7,JR,2/3,5.0,1318809600,2011-10-17 00:00:00,Results,"I've had a gym membership for about 10 yrs.  I use the gym as a training tool.  I'm an endurance athlete.  What i mean is i go the gym to train for a marathon or a half iron man.  I don't work out for the sake of working out.  That being said, last winter i decided to purchase Insanity as a mean to staying in shape running and biking in the snow just wasn't going to happen.  I can't even begin to tell you how impressed i was.  Holy Cow!  One word ""RESULTS""!  I followed the program for the sixty days.  The instructions are easy to follow.  They were very well done.  First of all, the videos are HARD.  Really Hard in fact.  I loved it.  Finally a challenge in a box.  The program helped me stay in optimal shape through out the winter.  I found myself in better shape going into the spring that i had any other year.  The bonus.  I looked ripped.  The interval training and the plyometric workouts were intense.  So if you are looking something to give you an edge, then try Insanity.  It's worth it."
B002QZ1RS6,A1IHZR560QG7NE,Sharayah,4/5,5.0,1318982400,2011-10-19 00:00:00,Great workout!,"The workout is intense and rough, but good! I am 4 months postpartum, and I am trying to get back into my pre-pregnancy shape and weight (I am a runner so I definitely enjoy the cardio aspects of Insanity). Because of the intensity I immediately feel like I am working hard at the beginning of the workout, and it only gets better. Afterwards, it seems like my metabolism is jump-started and I feel great because of the endorphines. I was sore for a few days during the first week, and could tell a difference after two weeks of following the diet and daily workouts. It definitely helps to eat well and follow the meal plan while doing this workout - not only am I losing weight, but I also have more energy and feel healthier. Also, if you have knee or back problems, it is very important to execute the moves in the proper FORM (knees behind toes, shoulders back, straight back, tight abs etc.) to prevent injury since there are plyometrics involved. As a certified personal trainer, I encourage you to take this advise - initially it is better to do the exercises properly than quickly - after you perfect your form, then you can work on increasing your speed. Be careful if you have not been working out consistently - take it slow until you feel like you can effectively execute the moves. Listen to your body - muscle soreness is good, but sharp pain is not - if you feel like you might be on the verge of injury, take it easy until you are 100% better then start increasing the intensity as you see fit. When your fitness level increases, then you can start pushing yourself further. So far, I am loving the challenging cardio and the results that come from it - I am only a couple weeks in to the workout, so I am looking forward to the results after completing the 60 days. Definitely worth it!"
B002QZ1RS6,A1WCOSQNJ93KX9,Gala Brie,0/0,5.0,1318982400,2011-10-19 00:00:00,Painful! Worth it!,"Insanity is awesome. I usually run 2 miles 3-4 times a week and was feeling a major plateau but lacked the motivation to increase my mileage. I heard about Insanity and decided to try it out. After the first workout, not the Fit Test, I was so sore, from my bum down to my calves. I hadn't been sore like that even when I added another mile to running on some days. After having done this for only 2 weeks so far I can say I am feeling a difference in my strength. My core is getting some strength, I can jump better than I had before and I see some different definition starting to form in my arms and legs. I can't wait to see what 60 days of this does! Buy it, you won't regret it. But you gotta keep doing it, even if you're sore."
B002QZ1RS6,A15LOGTHQNKARD,"Ann Michaels ""Ann Michaels""",1/1,5.0,1319068800,2011-10-20 00:00:00,Insanity,"LOVE LOVE LOVE this workout!<br />It is rightful named as it is can be insane especially Pure Cardio so you should be in good physical condition before starting this. But after I am done, I feel like I got a really good workout. Here is how it works: there are two levels - each level is 1 month long. The first level, the workouts are between 30-40 mins and you will definitely break a sweat. One day one, there is a Fitness Test which you take again after two weeks to assess your improvement. This test is challenging but it is fun to see how much improvement is made after just two weeks. I have not got to level 2 yet.<br /><br />After doing this program for two weeks, my thighs are mostly muscle, my arms are thinner and I just feel stronger. Sean T is a great motivator. He pushes you but doesn't get in your face and get nasty like some (i.e. Jillian Michaels.) This attitude has helped me stay motivated while looking forward to the workout. Also, he does a lot of the workout with you and does not rely on his backup to do most of the workout while he gives instruction. I also love the diversity. Each day is a new program so you are not doing the same workout over and over again. Sean T has found moves that are challenging and get results quick while at the same time are not overly complicated that it takes awhile to figure out or leaves me injured. I love this program and can't wait to take it to the next level."
B002QZ1RS6,AZ0ZTDUAZ7BHO,rachf,0/5,5.0,1319068800,2011-10-20 00:00:00,awesome!,"i ordered insanity thinking it was going to be open and used because i was buying it as a used product but when it came in (arrived not even a week after i ordered!) it was still in the plastic wrap with everything included. so excited to start! havent put the dvds in yet, but as long as they work, 5 stars!"
B002QZ1RS6,A3MFBRQAQN3BK1,thomas kelley,0/6,5.0,1319241600,2011-10-22 00:00:00,it works,the workout on this are very crazy and notice results on day one. if got finsh it i would had me a six pack by now. i get back soon and do day whole in 60 day when da time comes aviaible
B002QZ1RS6,A1K157P17HGRVU,Diz,0/1,3.0,1319328000,2011-10-23 00:00:00,Insanity,"Got the product quickly and all in a nice case. Only problem was, getting it to work on my DVD player. I had to switch DVD players to get them to work. Unsure if that is because they are used/refurbished or not. I do not have any problem playing any DVD in that player, but this one.<br />Other then that, ready for the challenge."
B002QZ1RS6,A1E0OALUFA3FOJ,Brandy M. Williams,0/1,5.0,1319414400,2011-10-24 00:00:00,Fantastic,"I ordered the Insanity workout and it arrived 2 days after purchase. There were 2 DVD's that were defected, but the company sent me new ones. I was extremely happy with this purchase and will order again from this company."
B002QZ1RS6,A16SAPVTI6THX7,Linnyzee,3/3,5.0,1319760000,2011-10-28 00:00:00,Young and Still Love Insanity!,"I'm 18, almost 19 years old, and started doing this workout 3 weeks ago with my dad. I've played select fast pitch and sports my whole life, so I certainly know what a tough workout is, but this is truly the most intense, total-body, insane workout I have ever done in my life, and I absolutely love it!<br />Even after just the workout, my dad and I are already sweating, but Shaun T really does a great job at making you WANT to continue and dig deeper. Something about it just makes you want to come back day after day to continue, but you also love those recovery and break days, haha!<br />But I wanted to post this review to let people know that you're really not too young to do this. It is definitely a challenge, but no matter if you stick to it, you WILL see great results.<br />Hope this helped!<br />Happy Insanity-ing!"
B002QZ1RS6,A1Z7XA76MWZ6OL,nater,0/0,4.0,1319760000,2011-10-28 00:00:00,Insanity - It's just that,This is a great workout video.  Shawn T keeps things simple.  Very nice knowing the longest workout only takes you an hour to complete.  After each workout you feel like you have accomplished something which is great.
B002QZ1RS6,A69G6NF21VN1R,Holly,0/1,5.0,1319760000,2011-10-28 00:00:00,Extreme cardio,"When I first did insanity(and writing in a food journal), I lost 23lbs! Before insanity I was doing other workouts, denise austin, cathe, the firm, kathy smith, etc. So I was active. It took me by surprise how much more cardio this was, I could barely make it through the warm ups. It was a major challenge, but I stuck with it and finished the entire 60 days. Most of my weight loss was during the first 30 days, then it wasn't as much during the last 30 days. After trying other programs chalean extreme, turbofire. I'm back on it again, after gaining some weight back, and so far I'm not losing anything(it might be the pasta-mostly whole grains, and not writing in my food journal), I have one more week before the recovery week. Just my cardio is improving again. So I'm going to do insanity asylum(and write in a food journal) next, and see if that gets me to drop pounds and keep it off."
B002QZ1RS6,A2H3RLF73UAN9O,Andrea,0/3,5.0,1320019200,2011-10-31 00:00:00,Insanity,I ordered insanity from amazon and it was absolutely in<br />An awesome condition I am nothing but pleased with amazon . I recommend amazon to anyone<br />That is looking to buy any product
B002QZ1RS6,A1C1HYVI5CI0Q1,eShu,34/36,3.0,1320278400,2011-11-03 00:00:00,"You WILL Get Results, BUT...","Let me start off by giving a frame of reference: I'm 43 years (God that was painful to type...), 5' 10"" and 170 lbs. I'm a pretty fit guy who's engaged in regular physical activity since high school. I've done weight training, mountain biking, yoga and several martial arts. At 35 I started training in Muay Thai, so I'm no stranger to a brutal workout routine. I'm also a proud graduate of ""P90X"". Like many others, I truly loved that program and it revolutionized the way I approach fitness. It made me a Beach Body fan for life.<br /><br />A few months ago, I started training in parkour and realized how ill-equipped I was for ""The Movement"". So, I turned to Beach Body and Shawn T to help me get into shape for my new hobby. For the most part...it worked. But a few things caught my attention.<br /><br />PROS:<br />Insanity Delivered - I got the results I wanted. My Rest Heart Rate and waistline went down while my plyometric ability and conditioning have shot up. And though I may not have nearly the grace the parkour ""traceaurs"" do, at least I can clear most obstacles.<br /><br />No Additional Equipment Required - All you need for ""Insanity"" (aside from a DVD player and viewer) are some good workout clothes, your own body and some serious determination.<br /><br />Great Recipes - Although I didn't strictly follow the diet, I have toyed with some of the recipes in the meal book. They're pretty good tasting...AND good for you!<br /><br />Easy on the Eye - Each DVD features attractive, telegenic people, all of whom appear to be Fitness Professionals (trainers, dancers, runners, etc). Many even appear in other Beach Body productions<br /><br />Short Workouts- During the first month of the program, the majority of the workouts will about 40 minutes long. They get to around 60 minutes during the second month.<br /><br />CONS:<br />Not a Balanced Workout - As other reviewers have stated, this workout puts tremendous focus on cardio and lower body with hardly any on upper body or strength training. I've read reviews suggesting that one intersperse strength training (possibly P90X)with Insanity cardio. Not a bad thought...<br /><br />Extremely Hard on the Joints - Again, all the other reviews (even the five star ones) raise this point. While I didn't injure anything per se, ""Insanity"" definitely put undue strain on my knees, hips and lower back...especially during the so-called ""Recovery Week"" (more on that below). Be warned; this is a high impact set of very repetitive movements.<br /><br />Can Become Tedious - By the time you've reached the third week, you've pretty much seen it all. After that, it's merely different combinations of the same basic moves. After a while, it can become a bit of a grind to go through them over and over and OVER again.<br /><br />Not Very Inspiring - ""Insanity"" is basically a workout that nobody can do. Watching closely, I realized none of the people in the video were actually able to complete a session. Everybody, including Shawn T. himself took frequent breaks, completely lost their form or just started ""doggin' it"" (as Tony Horton would say). Okay, that's a testament to the intensity of the routine. But if even these Fitness Professionals can't get through this thing, what have I?<br /><br />Shawn T Didn't Really Click for Me - Maybe I miss Tony Horton's goofy, self effacing sense of humor, but I just couldn't get into Shawn T.'s style. I found him loud and a trifle annoying. He also didn't do a very good job explaining the logic or science behind his routines.<br /><br />""Recovery Week""??? - This workout flat out confounded me, so I welcome any insight. This so called ""Recovery Week"" consists of same workout for six straight days in a row. I fail to see the benefit of doing repetitive high stress (though low impact) movements every day without giving your muscles time to heal. By about the fourth day, my knees, hip flexors and quadriceps were so sore, I had to abandon the workout for the rest of the week.<br /><br />CONCLUSION:<br />Even at moderate intensity, it's almost impossible NOT to get some sort of positive results from ""Insanity"" since you're doing cardio in six-day blocks. Going forward, I'll probably head back to the gym on strength days and mix in the ""Insanity"" DVDs on cardio days.<br /><br />I have to say, it did help me reach my fitness goals. But not without some lingering pains in my joints."
B002QZ1RS6,A2AET40130PNSW,Lisa211,0/1,5.0,1320364800,2011-11-04 00:00:00,Awesome workout series!,This is hands down the best cardio workout I have ever done.  I've done a lot of different types of cardio over the last 30 years.  This beats them all.  Intense and insane!
B002QZ1RS6,A21JCJB1O4UKHM,heavensangel2387,1/3,4.0,1320364800,2011-11-04 00:00:00,Insanity Review,"The DVD's are very hard. Honestly. I am in pretty good shape, too. I have done other work out videos like P90x and Zumba, but this is by far the fastest results and best DVD Ive ever done. I would highly recommend this DVD series!"
B002QZ1RS6,A2RJTNTY9456PO,seriouslyWTF,7/7,5.0,1320364800,2011-11-04 00:00:00,Insanity delivers!,"I'm 29 years old and started the program in decent shape (5'10"", approx 172 lbs.). I've been into running and weightlifting since my late teens, but wasn't working out all too frequently when I started the program. I often found myself lacking motivation and giving myself the day off. I first saw the infomercial and was very impressed by Insanity's no-nonsense approach. They tell you from the start that it's intense, but if you follow the program, you'll see results.<br /><br />On day one (the fit test), I had to run to the bathroom at the end because I thought I was going to vomit (I didn't). The workouts during the first week made my legs so sore that it hurt to walk, sit down, or stand up. After that though, I found the workouts to be more manageable, relatively speaking. After the first month and the recovery week, they really ramp it up in month two. I watched some of the month two workouts a day or two beforehand, and I was terrified. However, the genius of the program is that by then you're ready for it, and if you push yourself, you can do it. Now that isn't to say that I was able to do all of the workouts perfectly all the way through. I don't know if anyone can. I'm about to start the final week of the program, and I still need to take short breaks to catch my breath periodically. However, that's to be expected in the program. The instructor Shaun T. says to take a break when you need to, and he and the other athletes in the video frequently do - the point is to push yourself to YOUR limit. If you're doing that, then you're going to get the benefits of the program.<br /><br />As for Shaun T., I have to say I'm a fan. I've never done a workout video before, and have never worked with a personal trainer, but I really like his style. He strikes the perfect balance: he's an outstanding motivator but doesn't act like an annoying drill instructor-type that takes himself too seriously. You also don't get the feeling that he's showing off by doing things he knows that you're incapable of (a complaint I've heard from friends who've taken all sorts of classes).<br /><br />As for downsides, like many reviewers my knees are taking a real beating from the program. But with the recovery workouts and the day off, they're able to recover enough to keep on with the program (and again, I'm at the homestretch here, so this is as tough as it gets). Once I'm done, I'll take a few days to rest, and maybe do the workouts every other day to maintain, and go back to weights/running in the off days.<br /><br />Finally, as to results: Insanity absolutely delivers. I've definitely toned up significantly (I didn't have too much fat to begin with). My abs look pretty good but I don't have a perfect six-pack. I didn't follow the nutrition guide religiously, but instead used it a sort of a guideline, plus I'd go out to dinner or have a beer or two during weekends. However, if you're in it for aesthetics and you want those perfect abs, I have no doubt that you'll get them if you follow the diet strictly. Personally, I'm in it purely for the conditioning, and to that end, I can state that I'm in the best shape of my life. I recently ran a 5K in excellent time all of 45 minutes after completing an hour-long, month-two workout.<br /><br />So to sum up: Insanity is a terrific program for those who want outstanding results and are willing to put in the time and the effort. If you have knee problems this might not be the program for you. Otherwise, this is a grueling but ultimately manageable program that will help you take your body to its limits and exceed them. I'm extremely pleased with this product, and would strongly recommend it for anyone with a general fitness base who really wants to take it to the next level."
B002QZ1RS6,A1VI7ER51MWAL9,CRiley10,0/1,5.0,1320451200,2011-11-05 00:00:00,Amazing and hard,Amazing work out and really tough. I love it and hate it all at the same time. If you stick to it and eat better you get really quick results. Hard but worth it fir the end results.
B002QZ1RS6,A1Z1J3H0Z9B39O,Chris,0/2,5.0,1320451200,2011-11-05 00:00:00,Really working,"I'm halfway through this program and I have to say it's the most effective thing I've done in terms of getting myself into better shape. My endurance and stamina have increased, I'm gaining muscle tone, this program is really kicking my ass into shape and I'm loving every minute of it."
B002QZ1RS6,A2C4W9PFIIBC1N,Lisa,5/5,5.0,1320537600,2011-11-06 00:00:00,"Love it, love it, love it",To begin I must say that I am an avid excerciser and have completed multiple rounds of P90X. P90X was great but I needed something new.  The insanity workouts are amazing. They are very challenging yet you perform at your own level.  Directions for exercises are clear and well explained.  I have only completed week one so far but may say I will have a difficult time having my rest day tomorrow as I love the workouts.  I have issues with my right knee and was concerned about the impact but have done very well so far (I use cushioned mats and a flexible knee brace).I try to always land softly to minimize impact.  Workouts are short- typically 30-45 minutes which fits well into my schedule.  I feel amazing at the end of week one and have already seen improvement in the endurance. I really enjoy this workout and would recommend it to anyone looking for a challenging program.
B002QZ1RS6,A2K3QW5B4GEVYN,dsrides,3/4,4.0,1320624000,2011-11-07 00:00:00,switch things up - great indoor/off season work out!,"Workouts are great, and time flies.  I like that it is a total body workout.  After 2 weeks, i am finally getting better at range of motion for the movements - ie, high knees.  The main workout (not including warm up/ cood down) is only about 20-30 min, so it is doable by most anyone - just modify to suit your needs.  The facial expressions from some of the participants - like they are dying - i could do without - Sean T keeps it real tho and doesn't make it seem too hard or too easy - it is what it is.  He offers modifications to some things and always stresses, form ahead of speed.  He always includes a very good warm up (you'll be working hard by the end of it) and stretching - which most of us never do enough of.  Be careful with your knees as there is a lot of jumping.<br />Basically, i am very glad i bought the set and plan to do the whole series through november/december (triathlon off season) - i think it has made a difference in my running already - legs are lighter/quicker.  But don't expect to loose tons of weight and get super lean on this - that's mostly genetics and nutrition.<br />i gave it 4 stars because they make it seem like you will become a super lean fitness model if you do this, and because some of the participants (ie Tonya) try to make it look really hard for them, when clearly it isn't  - and maybe because it may not be suitable with those of you that have knee or joint problems - but that is inherent in any speed/agility workout"
B002QZ1RS6,A28KJO5VWRRPXV,K-Lynn,4/6,5.0,1320710400,2011-11-08 00:00:00,hardest 63 days of my life,Let me start by saying I'm a 22 year female that just had 2 babies within a year that does a lot 2 a girls body.<br />I started working out but didn't see the results i wanted so i got this and have lost over 50lb. Its<br />No joke its freaking hard like the hardest work out i have ever done in my life<br />But it pays off i feel like I'm in the best shape of my life on day 1 i couldn't even do<br />The worm up with out taking a break its no joke but shawnT is awesome and a great trainer if your<br />Looking to lose weight and will actual stick with it i would say this is the best DVD out
B002QZ1RS6,A1HHXRBSJ3KJA3,dhannum,0/3,5.0,1320710400,2011-11-08 00:00:00,Insanity,Terrific workout program  Love the conditioning and I am already seeing terrific results.  The variety and intensity make this program fun and challenging.
B002QZ1RS6,AVFYX6CT1N1MO,megdirty,2/2,5.0,1320796800,2011-11-09 00:00:00,AWESOME,"this is the best cardio workout i have ever seen. I lost 12 pounds in 2 months, while continuing to eat whatever i wanted. This will kick your butt and youll be literally making puddles of sweat during this workout. For serious excercisers only. Be cautious. Lots of jumping."
B002QZ1RS6,A39OI8IS7I045Q,Pete185,3/3,5.0,1320969600,2011-11-11 00:00:00,Better than p90x,"I am a busy nursing student so its hard for me to get a good workout in on a regular basis. Insanity is intense and to the point. It doesn't take more than an hour for each workout but it gets the job done! I'd been working through p90x when I was introduced to Insanity. P90x is great, especially for people who are trying to build muscle and get the ""ripped"" look. Insanity is better  for me, though, because I'm into the cardio and lean muscle. It's based off of Shawn T's college Track and Field training which is AWESOME!!! Definitely worth it if you're committed and ready to jump around a lot."
B002QZ1RS6,A3LPUPJKT2U9PV,Smileygirl,1/1,4.0,1320969600,2011-11-11 00:00:00,Insanity workout: thumbs up,"I purchased the Insanity workout program about a month ago.  It is a great, fast-paced cardio workout.  It is not for people with bad knees as it involves jumping and squatting.  I also recommend buying good cross-training shoes for this workout.  Be prepared to suck wind and sweat ALOT!"
B002QZ1RS6,A2J9EB7LZHYENS,Piola,2/2,5.0,1321056000,2011-11-12 00:00:00,Shaun T is the best!!!!,"When you think you can't give more...there is this little bit of you that can be given at the last minute...The video is awesome, the exercises are challenging, and Shan T gives you the motivation you need all the way through...I simply LOVE IT!!!!,"
B002QZ1RS6,A3IVJ5X2YLE9OW,elsie,2/3,3.0,1321056000,2011-11-12 00:00:00,insanity,"This was sent in a timely manner however it was not the original Beach Body product. I believe this was some copied version and even the poster enclosed and guide had a lot of spelling errors which Beach Body would not allow to happen.  Overall not bad for price, but not the real thing."
B002QZ1RS6,A39YSVEQFUFC2X,College Boy,0/0,5.0,1321401600,2011-11-16 00:00:00,Changed my life,"Back in high school i was on the wrestling,swimming and crosscountry team, so i had my fair share of intense workout regimes, until i came across insanity. Literally on the first day, i was struggling like a baby and I even felt sore in places i didn't know that could get sore... within the first week of Insanity, people actually saw difference ( I didn't notice), and in the in the end i actually lost a total of 15lbs and am really happy with this purchase...."
B002QZ1RS6,A1M0UE5BLTT5V1,gobblegoose,3/3,5.0,1321488000,2011-11-17 00:00:00,Embrace Insanity!,"These work outs are INTENSE but that means GREAT RESULTS! I've been doing it for only a week and a half and already I see a big change in my body and mind. I love the meal guide because it keeps me eating properly to fuel myself for the next workout and promote weight loss for those who are needing that. I don't follow all the recipes, but I use them as guides for foods that I should eat and when. I really appreciate Shaun T's motivation. He's positive and can joke around but he also pushes himself and everyone working out with him. The team performing the workout with him is very well rounded. Only one or two are really built, the rest just look like they're normal (like me) but fit (like I WILL BE). This makes the results of the program feel more accessible to little old me.  What I also love is that when the workout gets intense, everyone in the video looks like they're hurting. Guess, what, I'm hurting too, in a good way :) Shaun T consistently says that if you're heart rate isn't safe, or if your form is compromised you should take a break or slow it down. He stresses the importance of the warm ups, stretching, and drinking enough water. Thank you! Because of this I'm nowhere near as sore as I was with my old workouts! That's amazing, because I""m pushing harder now than I have in ten years. I really appreciate this. I love that I can work out in my own home without any extra equipment. I actually feel more encouraged to continue to workout than I would if I were going to a gym, because I don't feel the pressure of other people seeing me in what may be a weak moment. I don't have to fear the judgement of others and I'm not competing with anyone but myself. This is so much healthier than my old gym workouts!<br /><br />What I advise,<br />-make sure you wear the right shoes, cross trainers or stability running shoes. You move in all directions and you need to be supported in all directions. Normal running shoes will only support front and back movement. Protect your ankles and your arches with the proper shoes. You need this strong foundation.<br />-if you are unable to do the exercises shown, jog in place or find a movement that works you out without as much intensity. You want to keep your heart rate safe.<br />-In the beginning, you are BUILDING muscle, so you may not be able to do some of the movements. Again, modify and keep moving. Remind yourself that you are building these muscles and you will get there. Shaun T says it, do what's right for you. Push yourself but only you know what is within your reach today.<br /><br />Good Luck!<br /><br />PS. It doesn't hurt that Shaun T is Sexxxxyyyyyyyy."
B002QZ1RS6,AFJGFW2WW3K68,"Pamela Cash ""DVD fitness addict""",8/13,3.0,1321574400,2011-11-18 00:00:00,"Abandon Hope, All Ye Who Enter Here","Perhaps in another life, Shawn T was in charge of the Spanish Inquisition. Mercy is not his specialty. Most workouts get significantly easier after a month of mastering them, but this business stays painful. I remember sweating like a garden hose and wondering if and when I was going to be able to keep up with these jocks as memories of being picked last for PE haunted my every power-jump.<br /><br />As someone who's maintained about a 70-80 pound weight loss for a number of years, fitness is a huge priority and I work out a lot. It's a part of my life, not something I binge on occasionally. Without fitness, I'd gain my weight back and be miserable. Like a lot of people who used to be obese, I dream about the day when my abs will be cut, when I'll look like a fitness model and there'll be no evidence of the fat childhood and teen years I endured.  Because of this, this series has a lot of appeal. It's extremely athletic and cardiovascular. It relies on plyometrics, proven to be effective for fat loss. The moves combine strength and cardio so that you don't lose muscle mass. It uses your own body weight as resistance, so no equipment is required. The workouts are extremely time efficient. However, its appeal is also its setback. It's designed to really get you ripped rather than to be something you do every day for the rest of your life.<br /><br />After a month, I started to dread the workouts. They still seemed hard and... not fun. They were demanding on my joints. I felt like I wasn't seeing the results I saw when I did workouts that combined strength AND cardio/plyo. And I'm a 29 year old woman who runs a 7 and a half minute mile, so I'm not exactly out of shape.<br /><br />It dawned on me that there was no way I'd be able to do this workout for months or years. I quit the strict ""program"" and now use the workouts occasionally to mix up my routine. Why? I'm a lifer, not someone who wants to get in shape for a particular event, and this ""insanity"" of intensely difficult cardio would be impossible to sustain forever.<br /><br />I have no doubt that this will absolutely work if you actually do it. But will you do it? Or do you just think you will? I hope to one day join the ranks of brave and successful people with 6-packs. But after a month of eating raw kale and power jumps, I felt a bit bummed out. Shawn T, I'll always have a place for you in my heart and in my rotation. But if you're like me and you're looking for ways to maintain your weight loss rather than get ripped for a special occasion, I recommend you mosey along."
B002QZ1RS6,A1EQ0HR7TIW9N7,cody,0/5,5.0,1321574400,2011-11-18 00:00:00,I would purchase from this vendor again,I was very happy with my purchase- everything came according to expectation. I would definately purchase from this vendor again.
B002QZ1RS6,AC0LKH2S9MBVM,Xpeaces1201,0/6,3.0,1321747200,2011-11-20 00:00:00,Pretty good (there wasn't a 2.5 rating option),"The dvds came promptly, which I really appreciated. And although I ordered the items used, it was in great condition. The only issue is that 3 of the dvds I received did not work (2 would not play chronologically and jumped around and one would just flat out did not play). ""Cardio abs"" was doubled up on another dvd workout so I could still do the workout. However, ""insane abs"" and ""max interval sports and insane abs"" skipped around and I could NOT do the workout. I believe both these workouts were supposed to come with the deluxe version of Insanity, which I did not order, but it was sent to me anyways. My major concern was that if I didn't receive them, someone else would have and been sorely disappointed to get a couple faulty dvd workouts."
B002QZ1RS6,A2C2U7TFTZWU58,stryke,0/5,3.0,1321920000,2011-11-22 00:00:00,Some DVDS are unusable,Most of the DVDs work fine but when you get to the last few ones specifically the Extreme abs one it doesnt play the whole DVD it automatically jumps you into the half way point with no way to backtrack. It almost looks like it was burned from a computer onto a DVD.
B002QZ1RS6,A2885BFCFJYFGS,"Daniel R. Volk ""mr volkano""",0/0,4.0,1322006400,2011-11-23 00:00:00,Great Workout if you can Handle it,"This is an extreme workout video for those who are in shape enough to try it. It comes with multiple DVDs for the different days on which you are supposed to use them to vary your workouts. It comes with a calendar/ schedule so you can easily keep track of which workouts are for which days. It also has an in depth dietary nutritional information guide. This guide tells you how to eat healthy and stay on track to lose weight the right way.<br />Personally, I do not follow the nutrition guide because I don't have time for that everyday. I just use the DVDs for a good, fun workout to stay in shape. Don't worry if it seems very tough at first, that's what it's supposed to do. They do get easier as you get more in shape for them. I have only done 5 videos so far but I am working my way to be where I want to be. I can't guarantee that I will look like those people on the commercials for Insanity but it definitely will help."
B002QZ1RS6,AQFH7CXXIN8U5,AlyseBelle,1/1,5.0,1322265600,2011-11-26 00:00:00,This is INSANE,"Insanity is amazing. I'm a relatively in shape person. I run a little under a 10 minute mile, I bike quite a bit, and I go to a gym  regularly using all sorts of machines and the pool. None of that compares to this program. It had me in tears the second day, and pure cardio, is pure hell. If you can manage to make it through, this is an amazing workout. Right now I am a full time student and I have not been able to consistently do the program, but this summer I want to, because I am sure that it has amazing results"
B002QZ1RS6,A3ESSF76LBCB7V,Hobbes,13/13,5.0,1322352000,2011-11-27 00:00:00,Discouraged?  Don't be.  You are probably having a typical experience.,"This is for those who have already made the decision to buy Insanity, but are now wondering if this was a bad idea.  When I started, I was in moderate shape, and lacking in cardiovascular fitness.  I ran at most a couple of miles a week and scattered a few hours of free weights in between, focusing mostly on the upper body.  Sweat was not a part of my weightlifting routine, but it soaks me during Insanity from the warm-up to the cool down.  I love Insanity despite the extreme difficulty and occasional sick feeling.<br /><br />In the beginning:<br />When I started this, the fit test was hard, the warmups were hard, and I had trouble holding the stretches because my muscles wanted to give up.  I could not make it through the warm up without taking unscheduled breaks for at least the first two workouts.  When I hit the pure cardio workout, the air turned blue from the words uttered under my breath.  I think I spent about half of the fifteen minute pure cardio workout catching my breath.  No kidding.  This program made me realize how much I had been dodging cardio workouts: for about 30 years.<br /><br />The first two workouts after the fit test made me feel like vomiting.  I worried that I would have acid reflux problems for 60 days.  Thankfully, that is not the case.  The cardio recovery was a welcome break and lifted my spirits.  Have I mentioned how sore I was for the first five days?  Walking around like I just had a double knee replacement surgery.  Even though it was grueling, I always looked forward to the next workout.  In fact, I usually felt pretty awesome a few hours after each workout.<br /><br />Second week:<br />By the beginning of the second week, I was pretty much finished with muscle soreness, at least the kind that made me walk around like I had a groin injury.  Also, I could get through the warm ups without stopping.  However, if I did the warm ups at Shaun's pace, I usually paid for it in the actual workout.  Halfway through week two, I could get through the plyometric warm up and just about half way through the actual workout without taking an unscheduled break.  There was no way I could do that during week one.  At this point, I really began to enjoy the stretching routines.  They felt like a break, though I still had sweat dribbling off my nose.  As I became more comfortable, my form improved.  Although I still feel like puking after some workouts, nothing like the heartburn I had in the beginning.  I still take lots of breaks, but I know I can get deeper and deeper in to each workout.  I feel myself improving, and rapidly.  Yet, the improvement is not the sudden appearance of six pack abs and the loss of 20 pounds.  It's visible in strength, balance, and endurance.  I know if I continue, I will also start to see it on my body too.  Be patient.<br /><br />Week three:<br />Nearing the end of week three, those thirty second breaks are enough to push through many sets now.  My sense is that by the end of the first 30 days, I will just be able to make it through one of the workouts without significant unscheduled breaks.  Right before the program becomes incredibly more demanding.  At the same time that I make these strides, I think I am approaching a plateau.  The horrendous schedule in the second half of Insanity is the logical response to that plateau, I guess.  I still fear that last month.<br /><br />The rest of the truth:<br />The glamour and novelty of the program has started to wear off, and the workouts-especially the warmups--can seem tedious over time.  The second half changeup will help keep it interesting, and I still feel great after each round of punishment.  Progress is evident as I get further and further into each workout without stopping prematurely.  Keeping the motivation is key, and part of that is sticking to the schedule every day.<br /><br />Some tips.  If you are like me, move a lot during the rest of your day during that first week of Insanity.  It will help you get through the muscle soreness.  Drink plenty of water before the workout, but do it an hour before hand so you don't wind up water logged.  I also find that waiting at least two hours after a meal reduces heartburn.  Ideally, wear shoes with good lateral support.  Running shoes don't provide all that much support for the constant side to side jumping.  Most importantly, schedule a time for the workout and commit to it.<br /><br />Good luck<br /><br />The next 30 days.  I liked the second set of workouts more than I thought I would, and the extra set was not the big deal that I made it out to be.  By the time those one-hour workouts come around, you are in mighty fine shape.  The exercises are more complex, which made the time seem to pass faster.  And the warm-up is mercifully better.  But I have a confession.  I pulled a muscle in my back/neck just as I got into that first week of really Insane.  It was that really irritating kind of strain that prevents you from moving your head from side to side.  Well, I gave up Insanity for about a week to recover from it (during the holidays of course) and I never got all the way back in.  I'm still Insanely more fit than I was, but I didn't earn the Boy Scout badge for six pack abs.  After a round of P90X, I'll try again this spring."
B002QZ1RS6,A34BQ5PK9W2TRL,Dawn Sheffield,0/1,5.0,1322352000,2011-11-27 00:00:00,insanity,Thank you for your speed in sending this great item.  My children have been enjoying it.  The gym teacher is even interested in learning more about it.
B002QZ1RS6,A32VW84B2OP0G7,M Jean,0/0,5.0,1322438400,2011-11-28 00:00:00,Insanity,"I most say, I was very impressed with the product. It was brand new and contained every thing that was in the description. The Dvds plus bonus dvds, the meal plan as well as the calendar. 5 star salesman"
B002QZ1RS6,A3FE6C1Y6OVLOO,sunbeam,0/7,2.0,1322438400,2011-11-28 00:00:00,Disappointment,"The item which was requested and received was missing the very first DVD as well as another. There was 1 duplicate DVD also. Was very dissatisfied over this, as well as not being able to get a replacement item, which wasnt available to ship and had to re-order if i wanted."
B002QZ1RS6,A2QRBKB3US5O0,Phil Weinberg,0/1,3.0,1322784000,2011-12-02 00:00:00,Insanity,I think a CD is missing as two are the same and one workout listed on the literature is not there. Everything else was fine.
B002QZ1RS6,AEU2Z84SDY4AG,"Deborah J. Gurdock ""Trinity""",4/4,5.0,1322956800,2011-12-04 00:00:00,Insanity sums it up,"OK 1st OH MY LORD!  I agree with a lot of the other reviews that if you think that you are in shape, you run, you bike, you have done p90X or other Beach Body workouts well...... this is nothing like any of them.  It is the hardest workout that I have done in such a short time period. The warm up is a workout in itself.<br />I am 40, and in very good shape.  I complete 5 & 10K runs about 15x a year, I run 4miles 2 to 5x a week in the summer, I have a Bowflex that I uses at least 2x a week and more in the winter, I have a very physical job where I move and stand and lift. I have many workout DVD's that I do as well.  Tae Bo, Turbo Jam & others.<br />I am only a few days into this program and when I am done working out I fell real good but my body is sure screaming at me. I get through the workouts and keep up, for the most part :):) One of the saving grace is that many of the super fit people in the video are also having trouble keeping up and have to rest from time to time.<br />This is a NO JOKE workout.  It is exactly as the name implies ... INSANE<br />Ill be celebrating on day 60 when I complete this :):)"
B002QZ1RS6,ANUGPFWYN38AW,George J. Eaglin,0/0,5.0,1323216000,2011-12-07 00:00:00,Insanity Review,Discs purchased from an Amazon vendor arrived quickly and in excellent condition as promised.  The workout itself is truly insane but survivable with patience and common sense.  Improvement is inevitable if one sticks with it.
B002QZ1RS6,A14KEL9HPHMIRI,Book Lady GI,1/1,5.0,1323302400,2011-12-08 00:00:00,love it,i love this workout. i haven't done the diet with it but the workout alone has resulted in improvements (lost inches).  the calendar takes the guess work out of which DVD to use in the morning. who can think coherently at 0600 hours?  thanks shaun T
B002QZ1RS6,A249GFBIXUTW5I,cpay23,0/0,5.0,1323302400,2011-12-08 00:00:00,Great Workouts,"Very intense workouts.  I was not able to do everything at first and definitely not able to keep going without extra rests.  But, as I keep going along, I am getting stronger and stronger and am finding myself able to go longer without resting and able to do some of the exercises that I wasn't able to do before.<br /><br />It's hard.  But, I can definitely see a difference!"
B002QZ1RS6,A2ZXZKKHEBNLNW,Thugh011,1/2,5.0,1323388800,2011-12-09 00:00:00,Insanity Workout Review,"The package arrived on the first estimated delivery date. The seller responded to my inquiry regarding the product's tracking number promptly and enthusiastically. Overall no problems with product or seller. I would purchase from them again. Insanity workout is intense. Takes a lot of motivation, requires no equipment, and yeilds good results. I would recommend it if you are looking for a change in your body or are bored with your workout routine. Just as a side note, it maybe be a little tough on the knees, but fish oil supplements take care or the pain."
B002QZ1RS6,A2VF3U1XNCH3BH,Robert Kruger,0/0,5.0,1323475200,2011-12-10 00:00:00,WOW!! This rocks!,"This is worth the money especially if you are looking for something that is different and needs no equipment. I have done P90X for two cycles and while it is fun, you have to have equipment. Just finished my first month and I feel and see the difference! It isn't an easy workout which is great as I want to push myself beyond my comfort level. It is a great item for anyone who has a decent level of fitness and wants to sweat and push themselves beyond their normal limits!"
B002QZ1RS6,A3JC0JAXQ9SD18,madelinew20,1/1,5.0,1323561600,2011-12-11 00:00:00,Sweaty Betty = Great Workouts,"I love this program because of the feeling you get after the workout. You'll hate Shawn T. for making you do the work during the video, but you'll love him when you're finished.<br /><br />I think I like this program so much because it reminds me of how I would feel after a soccer game or a really hard practice when I used to play. Tired but accomplished.<br /><br />The workouts go by super fast, which is awesome because there's nothing worse about a workout DVD then just wanting it to be over. With INSANITY, you are just focused on working hard, and time goes by in a flash. You feel like you just turned it on and you look up at the TV, sweaty and tired, and realize ""wow, only 7 minutes left?""<br /><br />The only problem I had with this program is the stretching. I think it's great that Shawn T. focuses so much on stretching out the body to prevent injuries, I just disagree with certain stretches he does, he tends to hold the stretch for too long, and the position is already too uncomfortable, not because it's a good stretch, but because your body just doesn't like certain positions. So I tend to do my own stretching, but other than this, the program is awesome.<br /><br />Just be careful of your joints, especially your knees, listen to Shawn and make sure your form is correct. Make an effort, and you will feel great."
B002QZ1RS6,A2Y2CNORU7NTJJ,Christy,1/8,2.0,1323648000,2011-12-12 00:00:00,"Insanity""","The Item got to my home fast, within a few days. The only issue I had was that some of the extra DVD's were scratched up and would not play. The Item was cheap pricewise so I did not bother with returning it. The important DVD's worked just fine. So over all I am pleased with my service."
B002QZ1RS6,A2P7SHJ7E9G39T,"Stizzy Stizzed ""Ashley""",12/12,5.0,1323734400,2011-12-13 00:00:00,A Must Read Review If You Are Considering Starting Insanity,"Ok, I HAD to take the time out to write a review for this program. Please keep in mind that I am ONLY four days into it. I am a mom of three, with just a little extra pudge here and there, sitting at 132 lbs 5'3 measurments 34, 28, 36, 20 (thighs). Ive always had a bigger boned framed but wanted to tone up the fluffyness I started to get no thanks to all this holiday cooking. My husband knew a guy at work who bought this program but ended up quitting after a couple weeks because it was just to ""time consuming"", I'm assuming he would of said ""insane"" but didn't want to sound like a wuss. So I ended up getting this program  simply on the fact that I was trying to play the tough girl and wanted to show him up. Little did I know how much I would fall in love with this program and start seeing results within the first four days.<br /><br />This program is awesome in the sense that you are never bored! You actually look forward to being bored in the thirty second breaks you get. You are highly motivated because you feel as if he is there with you, he keeps you focused. One of my favorite things is that the people in the video, including shaun get tired, need little breaks, and slouch like they want to quit half way through. For us competitive people, its awesome when you look at them getting tired, it makes you want to push harder.<br /><br />I can tell you that this is NOT for anyone, who has joint problems. There is a lot of jumping, getting up and down quickly, lunges, squats...it is a very high IMPACT workout, even doing the ""mild"" version of these exercises, you couldn't do it.  I had, and still have, SORE muscles, like barely walk down stairs sore. But I still do the videos, and amazingly don't hurt during them (which is weird). You will hurt after starting this program, because it is insane.<br /><br />This program to me after four days now has me looking forward to working out again (rare).  I love that there are so many different cds, I am one to easily get bored, and this program has me intrigued and has me looking forward to the next day. The way I feel, the better energy I've had in the last few days, even with this terrible cold I have, is incredible. The results I have felt and seen have me wanting more and more. This isn't a traditional weight loss program that has you drop mad lbs and inches and then hits a flat line and you go nowhere. This is high intensity interval training with muscle mix ups that won't quit on you unless you quit on it.<br /><br />As for my results in just four days, my bust still sits at 34, my waist is down to 27 1/4, my hips are down to 34 1/8!, my thighs are down to exactly 19 inches. I've lost only 1.4 lbs but a little over 3 inches overall in less than a week! My poochy 'mommy' tummy is starting to flatten out and I had the reaction of ""whoa"" when I looked at it in the mirror this morning. Feeling this good and already seeing the inches lost and the muscle definition in my legs,.arms,. amazingly a LITTLE bit in my tummy, has me hooked! I am soooo<br /> excited and cannot wait, to see what happens in the next week, let alone the next 7 weeks.<br /><br />As for my diet, I am not following his plan simply because with three young kids to feed, its not QUITE practical. However, I AM following a healthy diet, which has been no problem because I always have known and found nutrition to be one of the most important things to maintain in your life. I always eat a good carb, but lower in calorie food, so far its been a bowl of oatmeal, before my workout, and then follow my work out with a low calorie high protein food, so far its been scrambled egg whites or a lentil type salad, or whey protein drink. I think you should just stick with what works for you, just COUNT your calories! That's the MOST important thing you can do. And write .it on the fridge! Example, I was hungry before bed, but then i saw my numbers and was like no, no I'm not.<br /><br />Stick with this program...its HARD and EXHAUSTING, but you WILL see amazing results if you give it your all. You will cry, moan, and possibly throw up (i was dry heaving after one video). But no pain no gain is a phrase to be taken very seriously.<br /><br />Best of luck!"
B002QZ1RS6,A3BY8HC4PAWSZJ,Scott F. Moyes,0/0,5.0,1323734400,2011-12-13 00:00:00,Insanity,"Great product, Beachbody delivers what they promise.  I'm only a couple of weeks into it but I feel 100% better.  Shaun T is a very good motivator."
B002QZ1RS6,A15AO2NBJ8LX2W,Sherbert,1/2,3.0,1323820800,2011-12-14 00:00:00,Great for endurance training.,"This will definitely help you build up your endurance and get you in shape.  As far as strength training though, you're better off with P90X.  I've done both"
B002QZ1RS6,A1GVZEZBJDSKNO,Kyle,9/9,4.0,1323820800,2011-12-14 00:00:00,Insane Abs? Try P90X Instead,"Pros:  Everything in this workout is awesome -- I'm 20 and in pretty good shape (sports in high school, active workouts in College), but WHEW.... that's what you will say after every workout. It feels great to finish for the first time. It took me 2 weeks before I fully finished the workouts. After every workout, don't expect to feel like a million dollars. The only workout I can relate it to is the 100 degree weather football practice conditioning (frog leaps across the field, high knees, suicides, up-downs, marine push-ups, etc.), the one that made half of us puke after practice. You might feel some extreme tingling (as Arnold S. would say, 'the pump') in your head afterwards. It's weird at first, but soon you learn to embrace it and a normal workout just doesn't feel as good anymore... it becomes what you look forward to before working out every day.<br /><br />Cons: Shaun T. just isn't as motivational as Tony Horton from P90X, or as funny. I don't really blame him though, he definitely does more than Tony in the workout, and insanity is much more tiring. You can seriously hurt your knees if you don't pay attention to keeping them soft, and also hurt your back if you try to go too fast keeping up with their warmup.<br /><br />Comments: You WILL get insanely ripped in a short period of time if you're already pretty strong, but I'd still suggest doubling up the abs or throwing in one or two Ab Ripper X's per week, otherwise you might lose some abdominal definition (only if you already had it). THE FIRST THING YOU SHOULD DO AFTER THE WORKOUT IS DRINK SOME PROTEIN (I suggest GNC Amp Wheybolic Extreme because it's easy on the stomach and breaks up beautifully when mixed. Besides, this isn't really a mass gaining workout, it's endurance/toning). DO IT WITHIN 10 MINUTES OR YOU WILL H.U.R.T.<br /><br />The best advice I can give to avoid workouts is to stretch BEFORE for about 2 minutes, then start. And remember, ""Take your time, pace yourself, and take breaks!"" Good luck and I hope this all helps!"
B002QZ1RS6,A2RG9AFD20M2GW,"Ada Hansen ""hulabaloo""",1/2,5.0,1324252800,2011-12-19 00:00:00,Insanity!,"I love this work out, it definitely works to make you stronger and be fit. Definitely not for beginners, you have to be moderately active to try this otherwise it's  a very hard workout."
B002QZ1RS6,A1RZX5DCVPL6VC,shopamazon,1/1,4.0,1324512000,2011-12-22 00:00:00,Please be Careful who you Buy From!!!!!!,"I bought used from a merchant.  For $74.00, I thought it was a good deal.  When it arrived, the cardboard case appeared to be scratched and worn yet everything was in shrink wrap including the insanity box.  I found that to be strange.  I popped the dvd's in only to find out it skipped from time to time, and one of the bonus DVD's had half of the workout missing!! I bought it again except through Beach body and compared the two.  Beach Body didn't skip, it didn't miss any of the workouts.  The tops of the dvds on the fake copy were blurry and dark compared to the bright vivid photos on the dvds.  People, do your research before you purchase!!  I highly recommend you only purchase through Beach Body on here.  Too many people counterfeiting these and it is better to be on the safe side!  Google this very topic, and you will see I'm not the only one that fell for this.  Even if the person selling the product claims it is new and original, it still may be a fake.  I did some more digging and found out through beach body message boards that these scumbags will get these cheap pirated knockoffs from china then sell them to us unknowing people here.  Please, I repeat, buyer beware!!  The workout is amazing and because of this, it is in high demand and that means some people will do what they can to pull one over on unsuspecting buyers and make a quick buck.  It is illegal to sell counterfeit products so if you encounter this, report report report!!  In the meantime, if you want your order to be genuine, best bet is to stick to beachbody.com.  It may be expensive but it will be high quality and you will get what you pay for."
B002QZ1RS6,A1Z243ZYM3389Q,"Sophtware ""Michael Lange""",0/4,4.0,1324512000,2011-12-22 00:00:00,Insane Workout! But what happened to HD?,"I'm not going to go into any detail for my review, many others have said plenty. What I wanted to say about this workout is the following:<br /><br />It's 2011 and anybody shooting video does it in HD anymore. Why is this workout shot in old antiquated ""Standard Definition""?! I don't know anyone who even owns a standard definition TV anymore. It's like buying an expensive song on iTunes only to find out it was recorded in mono and a low bit rate. Ugh!<br /><br />This is the only disappointment to the workout videos. And for that, four stars."
B002QZ1RS6,A2MLX078LASTU8,Steve,6/6,5.0,1324684800,2011-12-24 00:00:00,Great workout! Helped me get the six pack I always wanted!,"After doing P90X for about 8 months I decided to do a P90X-Insanity hybrid because this workout looked awesome and intense. I was honestly scared to try it out at first, even after being in good shape from doing a couple of rounds of P90X. I was very sore afterwards in my legs and butt. It sucked walking to class and walking up stairs the next day. But the pain is good because you know there is room for improvement and that over time your body will get better.<br /><br />As for the title of the review, when doing P90X I did not get the 6 pack that I dreamed of having and I blame that on my diet. I do not follow the food guide perfectly due to the fact that I am in college and I have a small fridge, limited food shelf space, and a kitchen that I have to share. I still eat healthy for the most part. Insanity helped me burn off that little bit of fat on my stomach hiding my six pack making up for the small slack of dieting I was partaking in. I feel that the Insanity and P90X hybrid is a perfect blend to get lean and strong. If you were to be doing a healthy 3000 calorie diet to get big, Insanity would help you stay lean to keep a six pack better than the P90X cardio workouts. Still to this day I push myself hard enough to get a full shirt soaked in sweat when doing Insanity. I feel like there is so much room for improvement with the Insanity workouts. If it starts to get easy jump higher, run faster, do more reps, and push yourself harder and you'll keep seeing results.<br /><br />Is Insanity for everybody? NOPE! Shaun T says in his commercial that Insanity is not for people who come up with excuses. I love that he is honest about how difficult it is because it is so true. One disadvantage is that there isn't really much of a modification move with this program. If you have done a round of P90X then you can figure out modifications on the fly for these workouts because you've seen them done so much with different exercises.<br /><br />For those of you who do P90X, Tony Horton and Shaun T are two very different coaches. Shaun T yells a lot like it is boot camp and does not crack any jokes in the way Tony does. Sometimes it is good to have this discipline and it helps to go insane to push yourself past the barrier. I do like Tony's coaching as well but for a different reason from Shaun T. Both are great coaches.<br /><br />In conclusion I recommend this workout for anybody who wants to get into shape really quick and has the willpower to do so. What this program has over P90X is that you just need the DVDs and some floor space and you are good to go! With P90X you have to buy weights, a pull up bar, push up stands, and maybe some other stuff that I am forgetting. This can be expensive if you were to quit right into it because you would have hundreds of dollars of equipment collecting dust. Whereas Insanity only the DVDs would be collecting dust. I really wish there were an easy version of Insanity for people who are not as athletic."
B002QZ1RS6,A1Q8GPBMSA03QU,"Michael Timothy ""Author Healing Reflections f...",5/5,5.0,1324944000,2011-12-27 00:00:00,Insanity does the Job,"I was a P90X user before my wife purchased Insanity.  I was a bit apprehensive because there were no weights involved.  I thought how can you get strong without weights.<br />I was wrong.  What I liked about the Insanity system is that it gives you a couple of weeks intro into the program.  Shaun T slowly prepares your body for the more difficult stuff. I have to say though even the beginners part I was struggling.  I realized I wasn't as cardio fit as I should be.  The program centers on strengthening the muscles we don't use all the time. The core, butt, legs, calves, shoulders.  There is a lot of pushups, jumping, leg fatigue and more. Most of the workouts are 45 minutes long broken down into 3 to 5 minute intervals with 30 second rest periods. Have plenty of water and a towel cause your going to sweat.<br />It was a tough road to finish Insanity but Im glad I did.<br />I am 47 years old with 3 boys and I can still take them.  So if your looking to change your routine and get off the weights for a few weeks I highly recommend Insanity.  Its not easy.  Like anything else out there results will appear as long as you stay committed, eat right, focus and never give up.<br /><br />[[ASIN:B002QZ1RS6 INSANITY: 60-Day Total Body Conditioning Workout DVD Program]"
B002QZ1RS6,A2SDJIASRIC6RW,Sezwhom,3/3,4.0,1324944000,2011-12-27 00:00:00,Complete Insanity,"The Good:<br /><br />1)  Stay with it, you'll get in shape! I noticed results in six days.<br />2)  High energy<br />3)  Postive messages and encouragement from Shaun T.<br />4)  Cute girls!<br />5)  Workout is over in 40 minutes!  Do it, shower, and you're done within an hour.  Month 2, the workouts are 55 minutes but time flies.<br />6)  You must change your diet too!  If you go with an MMA food plan, you'll be ripped!  Nothing from a cow!<br /><br />The Tough but not really Bad:<br /><br />1)  It's HARD!  These are not easy workouts.<br />2)  I highly recommend taking Boot Camp classes beforehand so you have an idea on what to expect.<br />3)  If you're a weekend warrior or simply not in shape, this probably isn't for you.  Too tough.<br />4)  Watch the knees or if you're coming off injuries.  Lots of squats and jumping.<br />5)  Gets a little boring after a while.  This is a minor complaint but maybe a few more DVD's to spice things up a bit after four weeks.<br /><br />Notes:<br /><br />1)  When the people behind Shaun T are falling like flies, you know this isn't easy.  They're all in excellent shape but sucking gas by thirty minutes.<br />2)  There's no way you can keep up with Shaun so stopping the DVD or rewinding to catch your breath is a must.<br />3)  If you live in an apartment complex, alert your neighbors because you're jumping up and down a lot.<br />4)  The workouts go so fast, you're form will most likely be off on some excercises.  That's why I suggest taking a bootcamp class near you.  Form is everything.<br /><br />I gave Insanity four stars and not five because this is a major league workout. Month 2 is ""bananas"".  Almost pro level. If you don't already have excercise part of your life, this will bust you.  Good luck."
B002QZ1RS6,AZSXOQ1FNCI1Q,Brandi76,0/0,5.0,1324944000,2011-12-27 00:00:00,"It kicked my butt, but totally works","My husband and I started this workout and it kicks your tail, and more, the first week was hard, but by the second week, your body starts getting used to it somewhat, but you do keep pushing yourself harder and harder, but you see results, which is a huge bonus.  I definitely would recommend to anyone looking for a great workout.  Plus the bonus is, the only equipment that you need is yourself."
B002QZ1RS6,A1SELHGJ6072RH,Catwalk,3/3,5.0,1325030400,2011-12-28 00:00:00,Beginners...,I'm a beginner on this program.. in fact I got it for Christmas and this is only my forth day doing it. I'm not in good or bad shape.. I'm average weight.. a female.. and kind of lazy. The fit test was really hard but I didn't die doing it either.. you have a chance to go at your own pace and do what works for your body.. Shaun T just pushes you to dig deeper to get better results. Yesterday I did the plyometrics dvd and I had to quit with seven minutes left because my legs were like jello. My abs burn like crazy and I've never loved the feeling more. I look forward to doing it everyday.. hopefully I can see results in the next few weeks.
B002QZ1RS6,A3JXQWU49QGCIJ,Dustin,0/0,5.0,1325030400,2011-12-28 00:00:00,It's just that... INSANITY!,"The initial thought I had of exercise videos consisted of an imagined Me jumping around in front of my TV, flailing arms and legs, continually tripping over my feet during the process.<br /><br />I am pleased to say that no broken bones, sprains or even strains were received during the first round of Insanity.<br /><br />All joking aside, the program plain works. I didn't follow the suggested nutrition guide during my program - more so just watched what I ate (no fast food, limited sugar) - and watched my body transform from a 269 pound complacent tubby to a very trim, still-not-where-I-want-to-be 239 pound former version of myself.<br /><br />I will add a disclaimer: I have never been rail thin. My body type is average with better than average muscle structure. I have also had MAJOR surgery on my right knee which caused some trepedation over some of the rapid movement exercises but like Shaun T says, ""Form over speed."" The knee has held up fine and with the drop in weight, feels 100% better.<br /><br />You will want to quit. It's hard and it does require discipline to convince yourself that you want to change your lifestyle. It's natural to want to find the easier way... but for my money, there is simply no better way to tone and strengthen than this system. No gimics, no equipment. Just you and motivation stand between you and success."
B002QZ1RS6,AR675IYRJ4OT6,Blaine Sundwall,4/7,3.0,1325030400,2011-12-28 00:00:00,Check all your DVDs immediately,I came across a DVD that was bad in the middle of the program.  Because this is through Amazon there is an additional delay in getting a replacement.  Hard to do the program while you're waiting on a replacement.
B002QZ1RS6,A2JZPEW49WB9KN,"M. Nasca ""matt""",6/6,5.0,1325203200,2011-12-30 00:00:00,If you do it the results will come!,"==== The Review ====<br />The results are real. Once you start you will understand why. It is the most difficult boot camp style workout I have ever done. That said there are a lot of exercise products available. This is for people in good or decent shape looking to take their training to the next level. You will sweat for sure.  I came close to throwing up and even got light headed a few times. I think this is an ideal program for any sport. However, I think P90X is better for sports like golf or baseball. The 60 day program is broken in to 2 30 day phases. The first day has shorter workouts which total about 40 minutes. The second phase has videos that are about 60 minutes. By the time you get to phase 2 your probably going to be in the best shape of your life.<br /><br />--- THE FLOOR ---<br />I train / exercise in my basement.I did P90X on a concrete floor. After about a week of Insanity on the concrete floor I purchased <a href=""http://www.amazon.com/gp/product/B001EJI6CK"">48 Square Feet ( 12 tiles + borders) 'We Sell Mats' Charcoal Gray 2' x 2' x 3/8"" Anti-Fatigue Interlocking EVA Foam Exercise Gym Flooring</a> for about 30 bucks. Then I put a really thin piece of carpet over it (like the type in an office building for 33 bucks at Lowes)with double sided duct tape. The reason that I put the carpet over it was because it gets really slippery when you get even a little sweat or water on it.<br /><br />--- SHOES ---<br />This may not be news to you but it was to me. There is a big difference between running shoes and cross training shoes. You ABSOLUTELY need cross trainers. No question about it. They provide support for lateral movements. Attempting this program in running shoes could really damage your knees.<br /><br />--- THE ACCOMPLISHMENT ---<br />Beyond the physical rewards, this program gave me the confidence that I can do anything (with in reason) if I am discipline and make a commitment. Really an amazing feeling that I didn't expect."
B002QZ1RS6,A2J6EYDZ0VM5FN,Michele Simard,4/4,5.0,1325289600,2011-12-31 00:00:00,Even the injury prone can do this with modifications,"I'm not going to go into a lot of detail about the program because tons of reviews have already done that. I want to let people know that past injuries do not necessarily mean that you cannot do this program.<br /><br />I've been doing P90X off and on since 2008, in combination with running. Right before starting Insanity I finished a round of P90X and I have one week to go to finish Insanity and start P90X2. I have a long history of back and knee problems. I have 4 herniated discs, chronic sciatica, occasional debilitating lower back muscle spasms. I have been in PT off and on for over 20 years with multiple epidural steroid injections for my back, I'm a 44 yr old female. I also had a lot of problems with my knees and stress fractures over the years from running and overtraining. With exercise and regular stretching I have pretty much been able to keep my back under control for the past few years with no major issues but still occasional problems. I always wanted to try Insanity but I was afraid I would injure myself. Although I had great results with P90X, I needed something different.<br /><br />I am almost done with Insanity and have not had one issue. Not to say I haven't been sore but by modifying moves or doing them less intense in the beginning, I've been able to do the whole program. For someone with injuries I'd suggest doing the moves slowly the first time through to see if anything tweaks your problem areas. I was concerned about ski abs but they don't bother me. For lower back issues, it is imperative that you keep your core tight. I did have a few twinges occasionally so if you get tired, take a break. If you cannot keep good form, you risk an injury. There ended up being 2 moves that I just did not do at all but I modified them so they were similar and still hard. As with some of the P90X ab moves, I had to keep my lower back on the floor for the Insanity ab workouts. But you can definitely still feel the burn by staying in a crunch position to do the moves.<br /><br />I do disagree with the statement that you have to use cross trainers and not running shoes. I don't think that is necessarily the case. It depends on the type of running shoes you use. I used cross trainers that have worked great for P90X including Plyometrics. When I used them for Insanity, I had foot pain and switched to my running shoes. The foot pain went away with my running shoes. I wear Brooks Ariel which are motion control shoes. I think stability shoes might work too. If you have cushioning shoes or racers, then the cross trainers would probably be better. So experiment if you have problems after starting."
B002QZ1RS6,A17KNKFTFVKDIT,parth,1/2,5.0,1325289600,2011-12-31 00:00:00,IT WORKS+++++,"I am 19 years old, never played a sport in my life. I looked in the mirror and I was like its time for a change. I started it and was like its too tough. I started it again got through the first week then did the second week. Noticed the change i made in the total number of pushups and other things i was doing. and was like it works. i finished 60days and lost a lot of fat . i went to the gym for a year prior to this and didnt see changes. as soon as i completed 60days people said i looked fitter. After having completed this program, i got 10 people to start this program. and they love it. so if you wanna lose fat and look better and be healthier. i recommend insanity cause IT WORKS!!!!!!!!!!!!!!!!!."
B002QZ1RS6,A31LPL593TX675,USMCspouse25,3/3,5.0,1325462400,2012-01-02 00:00:00,LOVE Beachbody products! Mommy of 3!,"I must say that I LOVE Beachbody products. I first was introduced to Beachbody in 2005 when I had my first child. The first program that I ordered was TurboJam. I decided to go with this program because I LOVE to dance! When I started on the program I was 203...by the end of it I was at 140. Then I found out I was pregnant with my second child. At the end of this pregnancy I was 208...I started back with the TurboJam and got down to 160 because I wasn't dedicating myself as much as I did the first time. Then I found out I was pregnant with my third child and I gained a large amount of weight again, which put me at 224 my heaviest! After having my third child (July 5, 2011), just by eating clean for the first 6 weeks since I couldn't exercise I got down to 190. After my 6 week check up I was determined to get back active to lose the weight! At 190 I started using TurboFire and lost almost 30 lbs at the end. I wanted to try something with more of a challenge to help me burn even more fat so I went with Insanity to also help me gain upper body strength. I have decided to start Insanity program on Jan. 2nd so I can lose more weight. After completing one day this had me gasping for air! I was drinking water throughout and was drenched in sweat. You get out of it what you put in. I just started today so I can be on point with the schedule. My body is sore and I know I will feel it even more tomorrow. The workouts are challenging. I'm looking to lose about 40 more lbs and decided that this program would do the trick. I will update as I go! I look forward to doing this everyday!"
B002QZ1RS6,A3FS5513IPBPVV,aarcain,4/9,5.0,1325462400,2012-01-02 00:00:00,Cost Less On Company Website,"This product cost only $119.00 on the company website.www.beachbody.com/checkout/upsellcheckout.do<br />I like Amazon greatly but, sometimes thier prices are too high."
B002QZ1RS6,ASW5VYQQHBFZ6,Murphy80016,3/3,5.0,1325808000,2012-01-06 00:00:00,Man Boobs,"For myself and the unfortunate males in this world who have or have had the dreaded and embarrassing ""man boobs,"" here's a way to make them go away. This workout program works muscle group in your body including your pec muscles in ways I couldn't do at a gym. You combine that with the cardio workouts that will kick your ass in ways running or elliptical machines can't even come close to, and you'll find yourself able to actually go to the pool or the beach and not feel that embarrassment we all know about. Watch what you eat, drink a ton of water, and this program will work. Good luck!"
B002QZ1RS6,AGQNO901Q7X9E,Erica S. Fenton,8/29,1.0,1325894400,2012-01-07 00:00:00,DVD Problems,"I ordered the set.  I put the 2nd work out in and up comes the TV show Damages.  The label is correct, but the content is something else.  I try calling, but nobody picks up.  I did the chat and they just promise someone will call.  I will be returning these DVD in 48 hours if nobody calls be back.  Talk about disappointed, I was all ready to start my 60 days to be stuck with this crap.  It is too bad since they seem like a good workout."
B002QZ1RS6,A253R7OWAEYN7T,Leaf Ashley,5/5,5.0,1325980800,2012-01-08 00:00:00,Excellent winter activity!,"My husband, my 15 year old son, and I decided to do this together this winter. None of us have any weight issues, we just wanted to see if we could do it. I have bad circulation, being so skinny and all, and I usually suffer all winter cause I'm always freezing and I get depressed. Insanity has improved my circulation, my endorphin level, my appetite, and weirdly enough my sense of smell is better and I can taste food again. I've been detoxing  like crazy cause of all the sweating involved in doing these workouts!  My son has allergies and slight asthma but doing the workout everyday is really improving his endurance and stamina. He also has gained some amazing upper body strength and now can do ""windmills"" easily (he's a break dancer). My husband is really thinning down too. He's a runner, so he's extremely happy to get a good workout without having to run in the snow! I recommend this workout! It's challenging but the results are worth it."
B002QZ1RS6,A28J9NFHSF2ETC,M. Wilson,5/7,5.0,1326067200,2012-01-09 00:00:00,It works,"I am on my third week of this program, and it is excellent. I run in the summer and thought that I was in pretty good shape as far as cardio and endurance. I wanted a workout that was: effective; made the best use of my time; and would change my body rapidly. I had two kids just 20 months apart, and even though I am fairly active, my body just never got back to how lean it was before I had kids. When I was a teenager, I took karate and for at least half of our workouts, we would do similar exercises as are in Insanity, and back then, I was in the best shape of my life, so when I saw the infomercial, I decided to give these a try.<br /><br />In the first two weeks, I lost an inch and a half from my waist, an inch from my hips, and a quarter inch from my thighs. My fit test results improved significantly. I have more energy during the day. I am looking forward to completing the rest of the circuit to see what the results will be. I decided to not weigh myself until I am done with the program, as I don't want minor fluctuations to be discouraging.<br /><br />I would recommend being in fairly good physical shape to do these workouts. They are the most difficult exercise dvds I have tried, and I've tried a lot. By the time I am done, I am dripping sweat. Doing just a week of these workouts will show you that there is no way that these can't be effective. The first week, my legs were very sore, but after that, I adjusted. Just do as much as you can, and you will get better. Some other reviewers have recommended not doing these dvds if you have joint problems. I have minor shoulder, elbow, and knee problems and have managed to do the dvds, but have modified some of the jumping exercises and can see how significant joint problems would make many of the exercises impossible.<br /><br />Shaun T. is an excellent motivator, and the screen shows the time that each exercise lasts. This is great because if there is one exercise you really hate (and there will be a few), you can look at the screen and know that you only have to suffer for 10 more seconds before moving on.<br /><br />I would recommend this program to anyone who is serious about getting into shape. I look forward to my workouts every day. I'll continue to update as I continue the program."
B002QZ1RS6,A3HMDAJZHC2UQO,"Kittykatfemmebot ""Army Wife""",26/84,1.0,1326240000,2012-01-11 00:00:00,"Disappointing results, Shaun T is obnoxious.","My husband and I did this program together after hearing rave reviews about it. Within the first week we were both sick of the constant reminders to drink our results and recovery formula and buy shakeology. We wanted a work out, not a daily hour of advertisement. We went through the entire first month with minimal results. My very fit husband lost weight, which he was not happy about because he was hoping to bulk up. I am 20 pounds over weight so I figured I would see some weight loss and lose some inches. A month in I was down one singular pound and no inches. I did notice increased cardiovascular endurance, but that was it.<br /><br />We dutifully went through the recovery week and slogged through 2.5 weeks of the second month before we quit. During the finally 3.5 weeks he lost more weight and an inch off of his waist and lost NOTHING. The workouts were way too long for us to waste our evenings on no results. Some nights we were spending an hour and a half on the workouts...too long for something that is not fun and not producing results.<br /><br />Another thing I hated about these videos was Shaun T. His yelling and poor grammar (Legs is working? Please respect yourself and speak properly.) were extremely demotivating."
B002QZ1RS6,A12E4Z5FTF9WYU,Sandra,4/4,5.0,1326326400,2012-01-12 00:00:00,First time working out at home!,"So I originally ordered the fast and furious workout as I was kind of stuck and not able to go to the gym. I am/was a bit of a gym rat you could say, I went about 4 to 5 times a week and I am a full time working single mom of a 4 year old. After trying that workout I was amazed that I could not even come close to keeping up with it, so I ordered the Insanity workout as I love to be challenged.<br />I did consider myself to be in decent shape, I'm 33 and don't really need to lose more than a pound or two, but after the fast and furious workout I have realized how much better shape I could be in!<br />I've only really completed two days so this is slightly premature, but I already love it. My daughter loves watching me jump up and down too (the comment about my bottom jiggling funny was not needed!) and I think it's good for her to see mommy workout. Usually she sits in the gym daycare so this is a better option. I'm even going with the meal plan as I recently quit smoking and drinking alcohol entirely about a week ago. Why not get even healthier?<br />I will update this as time passes-I'm excited to see the results and fully committed to the program, in fact I am off to the store right now to get some new food and a decent mat to jump on!<br />And yes, you definitely sweat a lot. It's winter in Colorado, snowy outside, I have the heat off, window open and I am still dripping sweat haha!"
B002QZ1RS6,A3B426NC1LRZL6,Deno Canellos,1/1,5.0,1326326400,2012-01-12 00:00:00,Wicked Insane,"This is a solid conditioning program. I am 50 years old and have been a hard-partying, tobacco smokin'  SOB for many of those years. As a father of two young kids, my time has been consumed with anything but looking after myself. Suffice it to say, when I started this program, every muscle in my body was sore. Just getting through the warm-up and stretch routines was a butt-kicking. But ya just gotta do it and push on through, even while shouting: ""Shawn, FU...you *#$@#$# @#*#*#...you're killing me!"" I've found that with a wise diet, modification of some moves (as my knees aren't what they once were), and some supplemental strength training, you can achieve excellent results."
B002QZ1RS6,A24EC98SMBCZBU,MJQ,3/3,4.0,1326412800,2012-01-13 00:00:00,Very Intense workout..,"My husband and I have been doing this workout for 6 days now and we are really enjoying it. I have been an avid runner my whole life and my husband is a triathlete. We were getting bunt out/lazy on our regular workouts and were looking for something new. I will say that these work out's are very difficult. I have yet to finish a full one with out stopping multiple times. It's too early to see any major results but we both feel a major difference in our bodies. Our clothes fit a little looser (which I'm sure is just water weight).  I find it hard to believe that peopler do not see results after following this program. I have read a lot of reviews were people are looking for a miracle workout routine. Well, heres the bottom line, if you eat properly and exercise regularly you will see results. No matter what workout routine you do. It's not rocket science. They go hand in hand. If you don't change your eating habits or vice a versa, you are just wasting your time. I also waned to quickly add that I have knee issues from my years of running and have found that if you do the work outs properly there is no problem.  Every one is different so don't take my word for it if you have severe knee problems. I am just saying that it has yet to aggravate my knee when I do the workout the way that its supposed to be done."
B002QZ1RS6,A1U5WUTT6C3NVK,Stylingprofiling,2/2,5.0,1326412800,2012-01-13 00:00:00,Wow! This is a butt-kicker...,"I have worked out my whole life and had just finished round 2 of P90X so thought I could handle Insanity! Wow, it kicks your butt! I love it because it is constantly challenging and can be used anytime to ramp up your work out. Definitely have to plan ahead to do it as it is challenging and wears you out. I trimmed and toned well and felt stronger than ever with this workout. This is not for new exercisers as I really think you should work your way up to this or you may get discouraged and quit. Also, for those of you that have knee issues: I have a partially torn ACL and had to wear a brace and baby my knee on that side but I think with caution this work out can be done even with knee issues. Be safe and have fun!"
B002QZ1RS6,AKXW48WE368WW,EnduranceBeginner,0/0,5.0,1326412800,2012-01-13 00:00:00,Insane!,"The title of this set says it all.  It's insane!!  Be ready to sweat your butt off during these workouts.  I am super excited to start shedding those pounds off and looking and feeling good about myself.  If you want a crazy intense workout that you can do day after day, this is it!!"
B002QZ1RS6,A1W0FHRSW1UDIR,Jonathan Gillaspie,8/10,5.0,1326499200,2012-01-14 00:00:00,This is a very tough workout,"I have completed the full set of DVDs once now and I'm 2 weeks into the second time through.  It will leave you with sore burning muscles at all times if you follow the schedule.  Not that it's a bad thing, that's what it's supposed to do.<br /><br />Some of the moves in the videos are virtually impossible especially for a person who is not already in great shape.  The people in the videos are already in great shape and they can't keep up, so I don't feel too bad about it.  You have people who run marathons and are aerobics/spinning instructors in the classes following along and they fail at it all the time.<br /><br />There are a few points in the video where he says the wrong thing, but it's not a big deal after you do it a few times, you know what he means.<br /><br />It's going to be a long time before I can go from doing a pushup to jumping up from the bottom of the pushup and standing up straight all in one move.  I have a hard enough time with regular pushups, so that's pretty much what I do in those sections.<br /><br />Also, in the ""Max"" videos there is a move where you are supposed to be down on your hands and feet, kinda like a downward dog, then jump forward almost to a handstand while swinging your legs side to side.  Yeah... I can't do that.  I would like to not break my neck while working out.  I'll do some nice ""ski abs"" right there while you guys have fun.<br /><br />That's what you have to remember while doing these videos though.  He repeats over and over, do this at your own pace.  So, do it at your own pace.  If there is something you physically can't do for whatever reason, you can figure out a similar substitute exercise to do there.<br /><br />Oh, and when he talks about the ""recovery"" day like it's going to be easy... it's lies!  It's a day of slow squats and lunges that will destroy your leg muscles.  I'm always more sore after the recovery day than any other workout.<br /><br />Also, the girls in the video are hot!  Ariel is my personal favorite.  She's just beautiful and she does all the moves right.  She changes her hair color daily (blonde is the best).  And Tonya is cute.  And the girl who spits on the floor, don't remember her name right now, but she's hot.  I like her attitude (""I feel like $#!7!"").  And all of the other girls too actually.<br /><br />And if anything goes wrong, it's probably Josh's fault."
B002QZ1RS6,AQT9FY2211MVG,gary miller,3/3,5.0,1326672000,2012-01-16 00:00:00,Insanity is Insane!,"Awesome workout. Highly recommend being in some kind of shape before doing this type of workout. Not meant for starters. I am sure you can work up to it but at what price? If you are like me, it was too much at first. I was way too out of shape thinking I could handle this. I felt frustrated that I couldn't keep up - wanted to quit many times (and did few times). But keep at it. I just tried to maintain and concentrated on form. It took awhile (for me anyways - at 49). I like the workouts and the way it is set up (broken down). If you can keep up - great! If not, maintain form and it will come! Good Luck to you!"
B002QZ1RS6,AVRM1X62C4PDY,Sally Monson,2/2,5.0,1326758400,2012-01-17 00:00:00,"Shaun T, say what?!","So, I am beginning on week 2 of the max portion of Insanity (the second-half) and let me tell you: the program does NOT disappoint. Aside from feeling abs in places I didn't even realize WERE abs, my legs don't jiggle when I walk and my butt is about five inches higher than it was prior to starting Insanity. I am a 25-year old mom of 2 (my youngest is 6-months) so this program fits perfectly into my schedule--just pop in a DVD during nap time and I'm good to go! My husband joins me from time to time and loves it. Sure, Tonya is super annoying (you'll know who I am talking about when you start the program), but the workout sort of speaks (and shows) for itself, so I just deal with it. I have pretty severe back problems, but have found with correct form and tailoring to my body's needs I am able to get in an extremely effective work out. I promise, you won't be disappointed!"
B002QZ1RS6,A3J3N5IFEUD43I,Pamela Falke,0/2,5.0,1326758400,2012-01-17 00:00:00,Insane workout,Works perfectly for being used. Shrink wrapped and great condition. Challenging work out good compliment to P90x - really great cardio sessions.
B002QZ1RS6,A1OQ0D5SM9U4TT,Journeyman,2/2,5.0,1326931200,2012-01-19 00:00:00,Shaun T. - Awesome!! - Insantity - Truely Insane!!,"First off, Shaun T. is awesome. Nobody will motivate you better than this guy. Push forward, Dig deeper, You can freakin do it. All month one is doing is getting you ready for month 2. That is where it truely gets insane. Some say this is the hardest workout ever put on dvd. For me, P90x would be harder b/c I'm not the best @ lifting weights. If lifting comes naturally to you, then yes, Insanity might be the hardest workout put on dvd. Keeping in mind that I have not tried the asylum. It's cool to see how far you can push yourself each day.<br />Now, for those of you w/ joint problems, this may worsen them. I was having some problems toward the end. Anyone can argue that Insanity and P90x is just too extreme to do 6 days a week and they would be right. But it's built that way for fast results. Dig deeper and give this a try."
B002QZ1RS6,A1P34JDPZ0Q338,"AHW ""vucarre""",9/48,1.0,1327017600,2012-01-20 00:00:00,INSANITY: 60-Day Total Body Conditioning Workout DVD Program,"Thank you all for your feedback about dvds not working. I found these comments on all Beachbody Products. So, I have decided against the purchase & will look for other products. Again thanks save me $150!!!"
B002QZ1RS6,A2CI770G3LEECH,el tulio,0/0,5.0,1327104000,2012-01-21 00:00:00,Intense and great results.,"I was hesitant to buy any workout video until a came across insanity, it does give fast and incredible results. Of course, it is all about how much effort you put into it. I served 11 years in the USMC and belive me, this workout fitted right into my exercise style, I highly recommed it. El Tulio."
B002QZ1RS6,A25TWUIEX3CWT7,Epic,2/3,5.0,1328227200,2012-02-03 00:00:00,Insanity workout,"This workout is absolutely incredible!  It really kicks your butt, but you definitely feel stronger after you've done it.  The warm up seems difficult the first 2 or 3 times you do it, but you find it gets easier.  The workouts are always challenging, but I could tell by the second fit test that I was getting better."
B002QZ1RS6,A29S2RJ2VKEXGU,INSANITY10,3/3,5.0,1328486400,2012-02-06 00:00:00,Feel Energized,"One year ago I weighed 220lbs, didn't like the way I looked in the mirror, I told myself something had to change.<br />  A few weeks later I ended up meeting this girl, who is now my Fiance, and she introduced me to insanity. .<br /> I was in the marines and wanted to look and be in shape the same way I was when I was active duty. I thought well she looks great so it must work.<br /> I Started the insanity workout and I started to see and feel the results within a couple weeks.<br /> My energy level is way up and within the 2 months I lost 30lbs. There's alot of excercises that really workout your whole body.<br /> I recommend using some padded mats, beacause there are alot of jumping excercises, the mats will help prevent your knees,<br /> back, and feet from hurting. Plus you wont tear up your carpet. I purchased mine from ewonderworld. If you are<br /> looking for a workout that will give you the results you want, insanity is the one. I look and feel better than I did in the marines."
B002QZ1RS6,A31FYZK04YNOJ5,P. Sorornejad,5/5,4.0,1328659200,2012-02-08 00:00:00,"Bodybuilder, Using This During Cutting","Wow is all I really have to say at first.  I am an avid gym-goer and love spending my days with the weights.  I have been lifting weights for many years now, and love working on my body composition.  When I am trying to bulk up, I run into the same exact problem that every other person who loves bulking goes through, and that is adding some fat to my frame due to the increase in caloric intake.  Normally, I dabble in some high intensity training, or go out and do a strict dieting plan, but in both cases, I felt that I wasn't maximizing my workouts to prevent any loss of muscle during my cutting.<br /><br />A fellow gym-goer started to describe this DVD set to me, and my first guess to the name was the common 'p90x'.  Surprisingly, he told me that not only was I wrong, but that I was in store for one of the most punishing workouts of my life.  I was pumped, and couldn't wait to try it.<br /><br />The workout schedule is fantastic.  You start your regimen with a bi-weekly fit test to ensure that you are making personal gains on workouts.  Each day has its own particular kind of workout dvd that you use, each with varying target muscle groups, and exercise types, from plyometrics, to high intensity training, to full force cardio.  Each workout program can go anywhere from 30 minutes to 45 minutes, but dont let that discourage you as that includes a warmup and a very good stretching session.<br /><br />Now I particularly think of myself as in good shape, but wow, did this thing beat me up!  I admit that the first day I went into this thing with an insane sense of pride, and pushed myself to the limits ..... and i ended up paying for it with a quick run to bathroom to ""upchuck""..... and yes .... this was during the fit test!!!  But what has that taught me?  Pace yourself!  Do not get discouraged, and do NOT feel like you have to follow the same speed that the folks on the DVD are going at.  Pace yourself and make sure you keep that form nice and tight and you will surely see some results.  Don't get too proud and drain yourself of all energy within the first 5 minutes.  Remember that every-body is different, and do not feel down if you are not keeping up at the same speed ... that is far from the point of the entire program.<br /><br />I highly recommend this program.  At first I was skeptical with these 'at-home' programs and felt it was for the ""stay at home mom"" types, but again, that was me and my stubborn pride and years of thinking ""fat loss comes from the gym"".  If you are in the same boat that I was, trust me, give this a shot, you will not be disappointed.<br /><br />The only ""Con"" that I give, is that man I wish there were some good tunes to rock out to instead of the typical instrumentals that you find on these workout videos.  But hey, that's my personal preference :)"
B002QZ1RS6,A1W4VCXD02MQ7P,"Daniel Shain ""Jocelyn Shain""",9/9,5.0,1328659200,2012-02-08 00:00:00,A well thought out workout BUT it's not for everyone.,"Ok so I have to first say that I work out 4-5 times a week with pretty intense cardio. I've been working out like that for a few years now and if it hadn't been for my previous workout routine I would not have been able to do this series with as much ""ease"" as I did.<br />The biggest thing about this work out series is that he stresses the importance of stretching. Stretching is probably the most important part of keeping up with him. For all the days I was sore I never felt tight. I was always able to stretch and touch my toes or what ever. He's truly put in the work to make sure that the stretches matched the workout. For all those saying the stretches were not great than I would have to say I 100% disagree and have felt for years that the fitness industry does not encourage stretching the way they should. I teach fitness classes and can't stand why people walk out on the cool downs.<br /><br />So here's my pros and cons:<br />Pros:<br />Stretching (has to be my favorite thing about these DVDS)<br />Warmups are good and through<br />Works different sections each day<br />Each workout routine is just enough to push me beyond what I would have done on my own<br /><br />Cons:<br />This is so NOT a series for people with bad joints.<br />People with knee problems should look for something with less jumping and squats<br />I would not recommend for a beginner to start off with this series unless they are willing to do a little here and a little there and work up to a full workout<br /><br />Hope this helps! I have fully enjoyed every workout on this series, though I may not have loved every second of it while I was doing it :P As with any workout it is up to you to know what your body can handle. He does remind you about every minute or so never to loos your form or you'll hurt yourself. He's highly motivating.<br />For me I saw real results in just a couple of weeks but felt the results immediately!"
B002QZ1RS6,A4A9TE7LVP4VZ,"A. J. Lawson ""AJ""",0/1,4.0,1328832000,2012-02-10 00:00:00,insanity,Bought this for fit daughter and she loves it. Fast delivery and it was cheaper new than others used. Arrived new in box and works fine. She is a beauty but she already was. I guess it gives a choice away from gym when she cannot go out.
B002QZ1RS6,A13KMK0DBUPL3O,Asia1992,3/3,5.0,1329264000,2012-02-15 00:00:00,Insanity Works!!!,"Insanity is amazing!!! I just finished the 1st month's workout and I see incredible results. My thighs, stomach, butt, and arms have toned up so much. This is the hardest and best workout thus far. Insanity is definitely INSANE. Insanity is worth the money. I am a witness."
B002QZ1RS6,ARUD5XXFO2J9I,Smile Always,2/2,5.0,1329264000,2012-02-15 00:00:00,You have to try this!,"I am not a person to write too many reviews, but I have to for this one. I was really debating weather to get this program or not, and it's one of the best investments I have made. I am in Week 7 of this workout and lost two pant sizes, and 10 lbs and still losing. I haven't been following the diet given in the the program, I am a vegetarian, so I use portion control, and watch my intake. I am sure if you follow the Insanity diet, you can easily lose alot more. My next round, I am thinking of doing that.<br /><br />As far as joint problems, one of my knee isn't too good, but I just modify the excerises. This definatly has alot of jumping, but if you are willing to modify to your level, it works out just fine. I have been working out on and off, time to time, and with this program I have seen by far the best results. One more thing I want to say is COMMITMENT!! You have to be committed to do the exercises. It is easy to quite, but stay with it, and you will surly see results. My husband started this program with me, and he stopped at week 4, due to work/school. But like I said, it easy to quit this, and harder to keep at it."
B002QZ1RS6,A6JKCJ5NEXMM5,Nikki,5/5,5.0,1329350400,2012-02-16 00:00:00,great workout - 1 i can stick with,"I have been doing insanity for almost a month now and haven't missed a day yet. The results are amazing ans my determination to stay with it is even more amazing. I usually give up on workouts after a week but insanity keeps me motivated with the bi-weekly weigh-in and fitness test. I love it! The workout is also a challenge but there are little breaks so I push myself harder knowing I will get a 20 second break in a minute. The online support and excercise tracker is a bonus too. U recommend this to Anyone (at any fitness level, with any goal - lose weight, get fitter, faster, tougher, etc)."
B002QZ1RS6,A3BW8HCH5LFU4M,why,3/4,4.0,1329350400,2012-02-16 00:00:00,"Tough, efficient workouts with some pros and cons","Pros:<br />I like the all killer, no filler approach to this program. You will work hard in a short period of time and get a good workout. Stick with it and you will improve your core strength and cardiovascular fitness over the course of the program.<br /><br />Cons:<br />There really is no resistance training in this program, so if you are looking to build muscle this isn't the program for you. Many have combined this and P90x into a hybrid to improve cardiovascular fitness and lean muscle development. The workouts can be a bit repetitive and monotonous. Although Shaun T. is a good instructor he isn't as compelling a front man as Tony Horton from P90x. That said, with the intensity of these workouts there isn't much more he can say other than ""push...push...c'mon y'all...push...push...push..."" That gets old after a while. These workouts are tough on the knees and probably best avoided if you have knee issues."
B002QZ1RS6,ATMAPDE1POUMO,trackrunner,1/3,5.0,1329350400,2012-02-16 00:00:00,INSANITY is insane enough said,"let me start out by saying i am not your average run of the mill joe who decided to get in shape. I am a college track runner. that being said i love this work out i use it as part of my out of season program and it does work even for a person like me who was already in shape this will push you to the limit.<br /><br />the big thing is that you need to know what ur goal is and your modavation to know if this is for you. it is not easy at all but it gets results so if you want to lose a little weight or get in shape as long as you are able to go at ""your own Speed"" you can do this. by that i mean if you are 40 over weight this might not be the best for you to start with but at the same time if you want to do it and you know u will not be able to do it as fast as they do that is ok as long as your pushing your self out of your comfort zone that is what matters. even for me on some of the hardest workout I feel like i cant keep up with them. so if you choose to by it dont be descouraged because you are not going at their speed it is more about you pushing your self and if you do that through each and every workout you will get results.<br /><br />I love using it and even for me it has increased my level of being in shape, The point is if you commet to it you will get what you want even though it may be painful it is worth it to me."
B002QZ1RS6,A8STJ98WEGQIF,Kinneyman,8/8,5.0,1329350400,2012-02-16 00:00:00,39 pounds down!,"A lot of people say they really can't do this or it's too hard or p90x is better. To all them I say not so, I have knee problems so I scale some of the exercises. For example, instead of doing the high jump that are in a few of the dvds, I started out with just little hops. nothing huge. I also found that as I began to lose weight, my joints began to feel much much better. There is no question that Insanity is not an intense program but it will give you functional fitness if you stick with it. Insanity may take several weeks to even be able to keep up with one dvd as it took me when I first began, but I did find, that my endurance and athleticism improved drastically. I was reading on a Beachbody forum that a lot of users were combining an all natural product called African Mango Burn with the program saying it helps boost natural energy levels and promotes weight loss which helped with boosted their workouts results. I've been taking this supplement regularly since about two weeks into my program and i definitely feel the added energy helped me get through the workouts easier. Since starting Insanity, I've lost a total of 39 pounds and 11 inches of my waist. Insanity will make you an athlete. Put in the time, it's completely worth it."
B002QZ1RS6,A2K5BUEQAEAAQR,Miss Reality Check,11/20,5.0,1329523200,2012-02-18 00:00:00,"To be or not to be insane, that's the question!!!","Ok, I'm going to be as brutally honest as possible.  I bought Insanity 3 plus yrs ago, when I was overweight with high bp, lazy and smoked cigarettes.  Prior to that, in my 20's and earlier (soon to be 40 next month), I was very active (gym,dancing, bike riding, etc), healthy, normal blood pressure and non-smoker.  As I got older, I remembered what the younger me looked like, how I felt and what I did.  I wanted to capture my youth again and get back on the health kick. So I decided to purchase Insanity because it looked like something I would have and could have done years ago.  I decided to lose weight and get healthy.  I sat down and watched it straight through.  I even had my track athlete teenage son watch it with me.  I begged him to start it with me just for company.  Ok, this is how it went:<br /><br />First time, we did the fit test and I sat down half way through it and he did the whole thing.  After I realized I was still alive, I put it back in the box and in the corner.<br /><br />Second time, six months later, my son decided he can't train with his team and train with me (his out of shape mom) because he would be overtraining.  So he decided to write my reps down for me, as I can't write and breathe at the same time.  During the fit test, I realized that my fat butt can't drop to the floor and stand up immediately after. I'm more like a ""roll on the floor while making loud ""Awwww"" noises"" type of gal.  When it came to the high jumps, it didn't feel like my legs.  I felt like I was picking up two huge logs. So, when I couldn't complete the fit test without seeing the grim reaper sitting on the couch waiting for me, I put it back in the box and in the corner again.<br /><br />Third time, 1 yr later, I decided to do the fit test for seven days and then move on to the 60 day program. Well, so much for that plan.  I did do a few more reps than the prior two times and I was able to stay alive a little longer than before, but the grim reaper said ""Hey, Smokie, why r u killing yourself with Insanity? Come and talk to me.""  My response was ""Ok, can you put it back in the corner for me while I go find a lighter.""<br /><br />Present, 8 months later, I've been told I'm obese with high bp. The doctor told me I have to lose weight. He looked at me as he has so many times before (the why are you wasting my time, lady, look). He said, so what now? My response was, ""What do you mean what now?  I didn't quit smoking for nothing.  I'm about to go INSANE!!!!""<br /><br />So that's where I'm at now. I'm going to start Day 1 tomorrow as a non-smoker, more motivated, not quitting and determined to walk into my doctor's office 6 weeks from now singing Chris Brown's song ""LOOK AT ME NOW!"" I know that I'm going to have to ""LOSE MY MIND UP IN HERE"" to achieve my goal.  So Insanity here I come.<br /><br />I'll write updates to let you know how it's going.  ;-)"
B002QZ1RS6,AE9T2KEJG6J65,"R. Rollins ""jrollins12574""",6/6,4.0,1329609600,2012-02-19 00:00:00,It's Basketball Practice!,"Here's my simple review:<br />I've been working out hard with weights and my elliptical for over 3 months now, once a week I woud try to run 2 miles outdoors (try, because it's the middle of winter).  I'm not new to fitness, it just hasn't been a focus in my life and now I want it to be again.  I needed something different to mix my workout up a bit, my friend at work turned me on to Insanity.<br />I've completed the first week of the program and I have to say, its tough - it reminds me of high school basketball practice.  I'm not a trainer or an expert so take my review with a grain of salt and understand that this is what has worked for me (6' 3"" male, 225+ lbs, upper 30's) and with my condition (UC, J-Pouch and no large intestine).<br />There is a lot of lateral movement involved and if you have ankle, knee, or foot problems you might have issues and do what others have done and modified some of the exercises (I don't know how exactly).<br />The workout routine:<br />1. Lateral movement - side to side motion, with very explosive and quick movements; think of suicides on the basketball court.<br />2. Explosive power moves such as jumping and modified burpees, pushups, and jumping jacks.<br />3. Compound exercises, where exercises are combined intelligently to maximize the interval.<br />4. Emphasis on core strength.<br />5. 2 - 4 week Phases with a 1 week transition routine for 7 weeks.<br />6. You can do the program in your living room, no weights or equipment needed - but you might want a yoga mat or some foam mats.<br /><br />My initial observations:<br />1. The Fit Test kicked my butt, as well as the ""warm up"" that begins every routine.<br />2. It's not quite total body, but it's very very close.  Very leg and shoulder heavy.<br />3. The stretches did very little for me, my quads were tight during a lot of the work out and it seemed like I did a lot of hamstring and groin stretches with the program.  So I added additional stretches, at the end of the day's routine.<br />4. I've been supplementing some of the routines with some bicep curls with the EZ Curl bar and some time on my elliptical.<br /><br />Some recommendations:<br />1. I needed some supportive shoes!  Since there's a lot of lateral movement, you might have to buy some shoes that will offer you some support for your ankles, like I did.  Everyone's different, but I tried my running shoes (no lateral support), then my basketball shoes (too restrictive), and then I bought some cross trainers that worked (best of both worlds).<br />2. Make sure you have some cushioning, especially if you're a bigger person.  There is a lot of jumping, so the combination of the foam floor mats and my cross trainers have worked out for me.<br />3. Don't be discouraged if you can't finish or keep up.  Some of the folks in the video are dogging it, but pushing as well as they can.  You'll also notice that they are taking breaks when they need to, Shaun T will remind you to do the same (I took a lot of breaks, but jumped back in for more). Shaun T also takes breaks, when he goes around the gym to check form - he's really taking a breather.<br />4. Heart Rate Monitor - something I'm going to grab, I've been using the one that came with my elliptical.<br />5. I'm drinking protein shakes as a post workout supplement and eating bananas for potassium, as part of my diet; I've cramped up a little the day after.<br />6. I've been drinking a lot of water - before, during and after the work out.<br />7. I've been soaking up sweat with my hand towel.<br /><br />The workout is insane, but I'm going to continue to tough it out.<br />I'll try to remember to update this review with any of my results as time goes on.<br />Good luck with whatever you choose.<br /><br />UPDATE:  I've lost 25-30 lbs doing INSANITY, who knows maybe more - I'm wearing my skinny clothes from 7 years ago!  My clothes are baggy and my suits need tailoring.<br />I'm burning almost 1,000 calories doing Phase 1 routines in the Summer heat of my garage and 1600 Calories doing the Phase 2 routines in the same heat (about 80-87 degrees).  The Phase 2 workouts have caused some ankle swelling due to the movements of the exercises (e.g. doing modified burpees and push ups), but I have a pre-existing condition with bone spurs in both ankles.  I did have some knee pain as well, probably from overuse - like runners knee.  I've now modified my workouts so it's every other day with some weight training and grass mowing in between.  I'm planning on doing the Asylum this winter.  INSANITY is the real deal."
B002QZ1RS6,A1A9LY2LOZTYXG,"C. Rogers ""NoirInertia""",3/3,5.0,1329782400,2012-02-21 00:00:00,Love it!,"I would have to say I love this workout.<br /><br />I started this workout to help get me into shape for some pretty major hikes this summer (2012) in the Sierra Mountain high country. I used to be an avid runner and worked out pretty regularly so I wasn't in the worst shape of my life.<br /><br />What got me interested in this program is the difficulty level, use of cardio, and mix of DVD's. There are a fair number of people who would say this workout is boring. Personally, they're crazy. To only have one DVD at home everyday is boring. To have multiple DVD's that change as you progress is INTENSE.<br /><br />The fit test is a nice way to track your progress as you go along. They also recommend taking photo's at each fit test so you can see your progress. You won't be able to see the changes without something taken from the past to compare it to.<br /><br />It is important to do this at your own pace. I can't even go straight through the dvd without stopping at one point to catch my breath. Neither can some of the hard bodies on the video. It's hard, it's fast, and it works.<br /><br />Do. Not. Restrict. Calories. While doing this. It will only ruin all your hard work. It'll make you tired, your metabolism will work against you, and your results won't be great.<br /><br />If you have any health issues that might hinder your workout see a Doctor. Make sure your body will be able to handle this workout. I have tendonitis in my wrist and have trouble sometimes with some of the floor work. But, I do what I can, at the best pace I can do it in, with the proper form.<br /><br />Do not give up. Dig deeper. You can do it!"
B002QZ1RS6,A17V9XL4CWTQ6G,Chandler,13/15,5.0,1329955200,2012-02-23 00:00:00,What have ya done today to make you feel proud? Wicked good workout backed by science but ditch the cookbook that comes with it.,"It's obvious by the reviews that there are sellers on Amazon selling used copies that are fake or simply copied. This actually is a high quality well-produced DVD. Buy it direct from Amazon not from a seller on Amazon who may have copied an original because by the reviews it's apparent the poor qualities ones are copied DVDs or blank DVDs. Amazon doesn't sell used ones direct so don't risk it. Stay away from used DVDs on expensive DVD purchases. Plus if it's bad quality Amazon will let you return it, used sellers usually don't.<br /><br />I had heard about this on the Dr. Oz show when they talked about the extreme results and had the trainer on as a guest. I'd actually heard about it long before that but ignored it due to the cost.  I have enough workout DVDs I figured.  However, listening to him talk, it was obvious (because there is nothing I enjoy studying more than health and weight loss) that this guy knows his stuff as far as what causes weight loss and muscle building where others usually know tidbits. Plus I liked his demeanor and training style they showed...so a friend and I both wanting it, split it.<br /><br />It's the best workout DVD in my collection.<br /><br />He knows how to do it right. Old school workouts, for example, start with stretching...very bad. That's like stretching a cold rubber band. The whole point of warming up before working out is to loosen your muscles and we now know stretching before a warm up is damaging...first thing he does is warm up, then stretch. Bravo. He is up on fitness studies.<br /><br />Then he goes into the science behind it. It is true that doing the same thing every day working out your body will adapt and simply not burn nearly as many calories or develop more muscles. Hence the range of DVDs and workouts. It's true that with pliometrics (incorporating jumps) you are using more of your large muscle groups and getting your heart rate up faster so you burn more calories in less time so putting some in a workout builds muscle and results in a better workout. He does it. It is also true that your body works like a car...keep your car at the same speed, even a high speed and it will burn less gas than if you vary the speed up and down. We get more fit and use more energy bringing our heart rate up AND down.<br /><br />So here's the thing...<br /><br />Based on these results, most workouts now keep your heart rate up somewhat then do a short burst of energy. He has flipped it. In this, you keep your heart rate up high in that energy peak and vary it by giving you short REST periods to bring it down.<br /><br />This means you quadruple the results you'd have in the same amount of time in another workout.<br /><br />More importantly, you work all muscle groups and need nothing more than your own body weight to build muscle.<br /><br />Is it extreme? yes. You HAVE to fight mental blocks that tell you you should rest. But his motivational style truly are what make you push through it.<br /><br />He speaks as though he sees right through you and what you are thinking at that very moment when you want to stop...and it makes you keep going. This is excellent motivation and whereas some trainers look uncomfortable in front of the camera, this trainer is totally relaxed. That helps the viewer.<br /><br />Worth it. It's awesome. It's based on science.<br /><br />Now for the cookbook....<br /><br />Skip it.<br /><br />It's written by a nutritionist and it's good in that manner. It is nutritionally complete.  It is not written by a chef because of the tasteless and oft horrid meals and improper listing of ingredients.<br /><br />For example, if one combines a couple eggs, a scoop of whey protein powder, oatmeal, and water, one does not wind up with a pancake...One would wind up with baked eggs that taste like you added sugar and vanilla. But even if you chose to do that, there are details left out that are common in cookbooks that make the recipes confusing.  Such as saying ""one scoop of whey protein""  Scoop sizes vary greatly so one may have twice as much as another, messing up the recipe and nutritionals. It says ""oatmeal"" but does not state if it's cooked or not when it goes into the eggs. Yes, I said goes into the eggs. Cough.<br /><br />At other times the recipe may call for ""half cup whole grain cereal"" but without giving more info that will also mess up the recipe and calorie count.<br /><br />One of the worst oversights is the one that has salmon in the recipe rather than smoked salmon and says to put it on the bagel...no cooking recipe...You should not eat raw salmon, but you can eat smoked salmon.  Also it calls for one bagel but one bagel may be 500 calories or 100 calories...that should say what kind to buy even if not listing the brand name, it should say 1 200 calorie bagel, for example or the nutritionals listed can't be utilized.<br /><br />Also it will say things like ""grill, bake, or broil the salmon then top with""... rather than telling you how to cook it and how long. There are also few protein alternative meals if you don't eat the proteins they suggest.<br /><br />That's not so bad but reading over the recipes makes this food lover cringe. It's great to remove salt but there are no seasonings at all in here.  This is beyond bland. No herbs. No spices. Just things mixed together. Weight loss does not have to be painful.  And one can make fast healthy meals that taste great.<br /><br />I say this because if someone hates what they eat they will not stick to a healthy food plan and by the way the recipes are written and their lack of taste (you can simply look at the recipes and you'll see what I mean. I throw out nothing but I had to ditch the oatmeal I made from a recipe--you have to work hard at ruining oatmeal.)  These were written by a nutritionist rather than a healthy foods chef.  Obviously.  Sorry.<br /><br />For meals that follow the same protein, carb, healthy fat, whole grains etc I personally use the Flat Belly Diet books or cookbooks. (I have no connection to these but the food tastes amazing, I have the fastest losses ever on it, and it gives you alternatives if you don't like certain things like the proteins suggested)  There is one for men and for women.  I try lots of weight loss cookbooks but as a foodie, for me, those have the most flavor backed by the smartest science in losing. Don't get me wrong...these do too as far as nutrition, but if you hate what you are eating, you'll soon go back to your old ways.<br /><br />Thankfully the cookbook is free with your order so I don't consider it an issue when the workout is this good...and the workout is awesome.<br /><br />And it works."
B002QZ1RS6,ABEXNDFW8YUK4,Ryan M,5/5,5.0,1330041600,2012-02-24 00:00:00,Amazing.,"This program is exactly as it states... INSANITY.  The first couple weeks are the hardest workouts you will ever do.  Then you finally start to feel like just maybe you can really keep up with them.  Then you move on to month 2 thinking how could they possibly make these workouts any harder?!  Well after the 1st day you realize they can after you feel like you did on day 1 all over again!  I swear by this program. I'm on my 2nd time using the program, and 2 weeks into month two.  It is still just as hard as ever.  The reason is because the better you get at it, the more you can do in the allotted amount of time.  So it never gets easy!  But the results...OHHHH the results!  I've gone from a couch potato to teaching cross training to friends and preparing for a Tough Mudder!  Thank you Shaun T.!  Thank you Beach Body!<br /><br />30 lbs lost so far<br />tons of muscle I never had before<br />Best physical condition of my life"
B002QZ1RS6,A10SBJHE9RRTGS,House Mom -NY,4/5,5.0,1330041600,2012-02-24 00:00:00,20 pounds in 60 days!,"I bought this for my husband in January 2012, he followed the program to the tie ands has lost 20 pounds and has really improved his overall physical appearance.  He wasn't over weight,  mainly just needed to lose about 20-25 pounds and just build some lean muscle.  He acheived both with this program,  it isn't  for the unmotivated though, the workouts are fast paced and require dedication and self drive.  If you are self driven to workout hard and want to see fast resulta this program is for you!"
B002QZ1RS6,A2P1NUFO0U5FE2,KC,0/0,5.0,1330041600,2012-02-24 00:00:00,AWESOME,"This is by far the best workout I have ever done!  If you want to lose weight this is the way to go. Its not easy, I will tell you that. It has begun my bodies transformation and its only been 3 weeks.  Its a killer but definitley worth it!!!"
B002QZ1RS6,AW1QZ2O1UH0NN,SEN,1/2,5.0,1330128000,2012-02-25 00:00:00,Change your life. The cost is well worth it... The INSANE exercises are worth it!,The 60-Day Total Body INSANITY workouts are amazing! The results are phenomenal. Never thought I would look the way I do now after only 60 days. It's like I worked out for a year straight to look like I do and the rest of the 'Insanity Warriors' do. Check out my full review here:<br /><br />[...]<br /><br />Guaranteed to answer whether or not you should buy this product or not. Trust me. Good luck!
B002QZ1RS6,AJ8G513FGG8VE,She,0/2,3.0,1330128000,2012-02-25 00:00:00,Quick whip into shape,One of the best work out on the market.  You will see results - bottom line.  It is tough but you can go at your own pace.  Only problem was glitzes on some the CDs.
B002QZ1RS6,A2DRTKABPTLYJL,Megan Ortega,5/5,5.0,1330300800,2012-02-27 00:00:00,Properly named,"This workout definitely keeps you interested and engaged all the way through. First of all you have the warm-up that makes you think ""oh my god. I'm going to die. I just can't finish this workout."" Then you go into the stretch and you're like ""Okay I can do this it won't be that bad."" Then comes the real workout and that is definitely going to make you want to just lie on the ground and cry, but then this sweet little break comes along after each circuit and you're ready for more. Before you know it, you're done with one workout and doing some easy cool down stretches and you think ""hey that wasn't too bad I could do this everyday."" That is the definition of insanity; going through that crazy intense workout and hating Shaun T for even creating it, but loving it and wanting to come back for more all at the same time."
B002QZ1RS6,A1O8IYTCVQZEJ4,Wayne Tam,2/2,5.0,1330560000,2012-03-01 00:00:00,Super tough workout but you get results fast!!!,"First of all let me get this out first, there are many counterfeited Insanity out there being sold on eBay and here on Amazon by 3rd party sellers!  The counterfeits look just like the real ones but some of the discs don't work or skip badly and printed materials that come with the package look washed out.  I would advise buying directly from Amazon or BeachBody instead of 3rd party sellers even though you think you may be saving money.  Now that being said, let's get back to the workout.  They are tough but they bring you real results fast!  I lost 10 lbs after the first month of Insanity and I wasn't even overweight.  Comparing my before and 30 days after pictures shows I'm a lot leaner with firmer muscles.  I've now completed the 6th week of the program with 3 more weeks to go I can't wait to see how awesome I'm going to look at the end.  Yes it's a lot of hard workout but it's only 45-50 minutes per day, 6 days a week.  It is much easier to just pop a DVD into the player and start working out compare to packing your gym bag and driving to the gym.  I used to have gym membership that cost me hundreds of dollars and I don't even go there more than 10 times per year.....with Insanity I come home from work and just start the workout right away with no delay how convenient!  By the way the DVDs for the second month of Insanity is beyond crazy!  The first month was insane but the second month is insane x2!"
B002QZ1RS6,A1BIDMVA659N0L,workoutgirl,33/36,2.0,1330819200,2012-03-04 00:00:00,Got Back Injury from Insanity Workout,"I was really excited to get this exercise video.  I have been an avid fitness person for the last 25 years and have tried all kinds of workouts, so I was excited to try this one as it looked challenging.  Now I wish I had never tried this exercise video.  First week was good, very challenging, but I was getting a good sweat.  Second week of videos, I injured my back!  Yes, that's right, I sustained a bulging disc and facet joint injury from one of the jumping movements in the videos.  These videos have lots of high impact, high jumping, fast twisting movements....not very natural or safe movements looking back on it.  While doing what they call ""Suicide Jump"" I fell to the ground and could not get up for a long time.  I was in so much pain.  Several days later, I ended up going to an ortho doctor, had an MRI, and was told I have a bulging disc pressing on my nerve with facet joint injury as well!  As I said before, I have worked out continuously for 25 years and am in good shape and have NEVER had problems with my back!  From what the ortho doctor told me, even though I am in shape, it was the way I came down in a twisting motion that caused the injury.  I am now scheduled to have an oupt procedure next week where the doctor will be injecting a combination of cortisone and novacaine to hooefully reduce the inflammation around the nerve and reduce the pain.  Although I am nervous about the procedure, I am ready for some pain releif.  I have not been able to even get up without help all week.<br />So be careful with these videos.  Not to say this or any other injury will happen to everyone, but know that it could.  I have another friend who was doing the Insanity workout as well and she had to stop doing the videos because her knees were killing her.  These videos are very hard on your joints and many of the movements are very unnatural and risky for your body.  Be careful!!!!!"
B002QZ1RS6,A12IDNS1OO35N7,Just another Yooper,1/1,5.0,1330992000,2012-03-06 00:00:00,Insanity,Holy crap! This is awesome. I have recommended this training to our Fitness Coordinator at the hospital that I work at and they are just as amazed as I am with the results. Shaun is the bomb....
B002QZ1RS6,A16Q937CC8ZT9V,eshopper,2/6,3.0,1331078400,2012-03-07 00:00:00,Hurt My Knees,"I borrowed Insanity from a friend before buying and am not going to purchase the set.  Insanity is definitely for the hard core athlete.  I have been running and completed other Beachbody workout routines, so I thought I could handle Insanity.  After only 15 minutes of the Cardio Plyo DVD, my knees were damaged.  The cardio workouts consist of boring repetitive running in place, jumping jacks, butt kicks, mummy kicks, high knees, that's about all.  The abs and arms are push ups, planks, burpees, and ""c-sits"", mixed with some more jumping around.  The music is background at best.  I also don't recommend trying to do these workouts on carpet.<br /><br />I'm sure, if you can handle the workouts and don't injure yourself, you will see results.  If you are into football camp or high-school boys PE class,  you may like Insanity.  For me, life is too short to hate my workouts."
B002QZ1RS6,A1U9WYM88FHIJX,BC's Rule!,2/2,5.0,1331251200,2012-03-09 00:00:00,"Wow, almost done!","My wife and I decided to give this a shot after she watched the infomercial on tv.  I try to keep in shape but had slacked off at the start of winter.  We have one week left and I must say it is insane!  I've lost around 28 pounds, which is what I wanted to do.  I am a big guy, didn't buy this to get toned, I will never look like one of people shown, but I got through it and happy I did.  Followed workout all way through (missed a few days...opps) and ate smart (low calorie intake).  My feet were killing me at first as I was using running shoes, had to pick up a pair of cross trainers...same w/wife.  Other then that, first few days were hell, then it got better...can't do each set as long as they do in video, but they tell you to do what you can...you'll get better.  Shaun T is a cool dude and it never got old (except the music!)  You have to be in somewhat good shape or I think you would drop out right away.  Happy we made the investment!  One more week insanity and i'll be sending for my free shirt!!!"
B002QZ1RS6,A3B86RG4DCDOXQ,Mer,2/2,5.0,1331251200,2012-03-09 00:00:00,Sweat!,"I attempted Insanity last year and failed at keeping up with the program because my schedule...a year later, I'm here to hit it hard.  I would recommend  starting off with an easier program until you can work your way up  to Insanity, especially if you're not used to working out on a regular basis. I did Jillian Michaels 30 Day Shred for 6 weeks to help prepare me. Level 3 of the Thirty Day Shred is a little similar to the type of  workouts that Insanity has but not as difficult or  fast pace.<br /><br />Insanity is tough...it will kick your butt for sure but if you stick with it, you'll  see results.<br /><br />Buy it...stop making excuses for being overweight. YOU CAN DO IT! :)"
B002QZ1RS6,A2U2RU3288KXRR,J. Hunt,7/7,5.0,1331251200,2012-03-09 00:00:00,"Tough workouts, sensible nutrition program, happy with results","Short summary: great cardio, hard whole body workouts with no equipment required - very happy with results.<br /><br />I was out-of-shape starting this, having not worked out in a couple of months, and many years removed from my triathlon and adventure racing days. The first fit test (just 8 one minute exercises) left me gasping on the floor for the next 20 minutes. But I had my mind set on completing the program. I completed what I could for each interval, and every week was glad to see that I could complete more of each interval.<br /><br />The best part was the recovery week. The exercise for that week was a great mix of cardio, all-around strength, and balance. It was a hard workout, but not leaving you panting on the floor dripping sweat everywhere like the others.<br /><br />The second month was really like starting over. Workouts go from 40 to 60 minutes, and the warmup took some of the harder interval workouts from the first month. It seemed impossible, but just like the first month, you get better every week.<br /><br />In the end, I more than doubled my fit test results and was happy with the change in my build. A nice bonus was that it was easy to take workouts on the road while traveling.<br /><br />I hadn't planned on using the nutrition program, but it made a lot of sense: 5 smaller meals, whole grains, lots of protein, heavy on fruits and vegetables. So, using that and the workouts, I lost my goal of 13 pounds and an inch on my waist.<br /><br />Some pointers for those considering the program: be committed, as it takes a lot of willpower to do every day. Also be sure you have enough space (probably 8x8, plus a taller ceiling), and somewhere that you can jump without disturbing others."
B002QZ1RS6,A2SGVHOSDF88YA,Ricky16,1/1,5.0,1331424000,2012-03-11 00:00:00,The best!!,This product is the best thing out there..yes p90x is a great workout but comparing both of this products you get more for your money with insanity than p90x..and the results are incredible!!
B002QZ1RS6,A12ED90TMB7GCB,D's View,0/0,4.0,1331424000,2012-03-11 00:00:00,Great cardio work out,"Really good work out and the stronger you get, the harder you can push yourself. The DVDs allow for several breaks to recover then go back at it."
B002QZ1RS6,A2EMGYC37VE1YD,B,4/5,5.0,1331510400,2012-03-12 00:00:00,Insanity is all that the name says it is!,"I bought this product through Amazon because Beach Body was asking way to much for shipping.  I had my price point and wasn't willing to go over with shipping included.  The video came brand new with extra stuff and a nutrition guide.  The work outs are extremely hard but the benefits are huge!  I do feel stronger although when going off the meal guide I was eating way to many calories and gained 3lbs.  I wasn't so worried as I contributed some of that weight gain to muscle since I had none when I started.  You do sweat and you have to push.  I am in my 4th week and have lost inches and my legs, butt and abs are tighter for sure. Please note the ""normal"" person will not get ripped in 60 days but you will get in better shape...heck most people will not even get to MAX Insanity and might have to repeat the first 4 weeks again....no worries it is still worth it!  This will be my go to workout in the winter so 4 more weeks of this insanity than outside to run and bike....got to keep it fresh!<br /><br />Peace"
B002QZ1RS6,A3RBL8GGYVHHB,Pro Shopper,0/0,5.0,1331596800,2012-03-13 00:00:00,No joke!,"These workouts are great if you want a good workout.  It's not for someone who doesn't want to work hard.  I consider myself to be in pretty good cardiovascular shape, but my heart rate reaches my target rate in the warm up.  Good stuff!"
B002QZ1RS6,A31R2MWU0X7FQC,Chatty2012,4/4,5.0,1331683200,2012-03-14 00:00:00,Excellent!  But not for the faint of heart...,"I'm into month 2 of Insanity and I'm telling you--there is no WAY you will not lose weight unless you are not working out/eating poorly.  LOVE Shaun T--never heard of him before this but he's very motivational, funny but TOUGH.  Not one to discourage anyone but if you're a beginner or frankly a ""whiner"" or a ""quitter""--this is NOT for you--start on a much smaller scale and maybe build up to this."
B002QZ1RS6,A34JH0ISOBL8ZK,David,2/2,5.0,1331683200,2012-03-14 00:00:00,"So Far, So Good","I'm 45 years old, and I started the program two weeks ago.  I'm loving it so far .... a great start to every day.  Easy it is not ...you'll bust your butt and sweat a ton, but you'll love it and feel good.  Shaun T is a good motivator, and you'll feel like a part of the class.  It's challenging and fun to try to keep ip with the others.  I feel like the program already has paid for itself.  Go for it!"
B002QZ1RS6,AXOB5HNQSJPMU,Shemp,0/0,4.0,1331683200,2012-03-14 00:00:00,Insanity DVD series,"Received my DVD series in a very timely manner. Unfortunately one of the DVD is defective. I'm trying to resolve this problem with the seller. Because one DVD builds on the next, it's critical that all parts of the series be watchable."
B002QZ1RS6,AEYOUGV7QH047,Tim,2/2,5.0,1331856000,2012-03-16 00:00:00,Awesome workout,"This is an incredible, high-paced workout that works!  I have just completed Insanity for the second time and I have noticed incredible improvements.  Not just with my physique, but with my cardiovascular system and most noticeably my upper-body strength (I guess after performing every single, different type of push-up known to man you would get that).  Not only does the trainer, Shawn T, knows how to work your body for maximum results, but he is very motivating during the workouts which is a huge thing for me since if I have to workout i want someone who is mildly entertaining.<br /><br />The only two cons about the program are:  1) you have to be in reasonably good shape to complete the program.  Although this is true, the program encourages you to ""rest when you need too"" so if your not just take the extra breaks and always make sure your form is correct.  It does make me feel good when I see those Olympic-built athletes behind Shawn T (even Shawn T himself) taking breaks throughout the videos. And it is definitely reassuring that after you've been on the program for a while that your still going while they take their breaks.  2)  I haven't had a problem with this since I am relatively young and in good health, but it takes it tolls on your knees and lower back.  There is alot of jumping, squats, and other moves that puts much stress on your knees and back that could cause injury if you had problems with them before.  So I don't suggest you temp fate by trying this program if your prone to injury.<br /><br />Nonetheless, great program with even greater benefits."
B002QZ1RS6,A13JFMKOYXXIZL,M. Emery,4/6,3.0,1331942400,2012-03-17 00:00:00,I really want to like it but...,"I'm only on week two, and I'm going to finish it.  It fits my life style perfectly: 40 minute at home workout, that is challenging. But it is true what people say about risk of injury.  I've danced my whole, and I love to work out. Sometimes I don't even look at the screen so I don't see all the people with awful form. Also, I modify whenever he suggests something I'm not comfortable with. Few other things: 1) Beachbody tried to sell me this mat to lessen the impact with all the jumping.  I have something I use instead.  It helps a lot, but no one on the video uses one. It seems strange to me, it could be a good selling point, and I do think something like that is necessary. 2) Shaun T always says ""keep moving"" during the breaks, but all the people are lying down pretending they are dying. I keep thinking someone at home is going to do that and pass out. And it makes it obvious that the people are acting...that's annoying.  3) A number of intervals are set up so that you go to the ground for push ups/mountain climbers after you have elevated your heart rate. I got really dizzy the other day when I went so quickly from running standing up, to doing one of the ""floor"" exercises.  Now that I know the order of the exercises, I switch them up and do ""floor work"" first.<br />Bottom line:  Great program if you know fitness and you know your body, but don't be afraid to modify."
B002QZ1RS6,A3OZZ399JQ80WG,Ernie,3/3,4.0,1332028800,2012-03-18 00:00:00,great workout routine,"I am 54 years old and am relatively athletic -- lots of backpacking, hiking, recreational downhill skiing (I love the bumps), snow-shoeing, mountain biking, and lots of walking. In the past several years my work has required much more travel and long airplane rides and restaurants have taken their toll -- I've added about 15 extra pounds that I really want to shed. I just started the Insanity workout a week ago and so far I am very pleased with it. It seems to be relatively gentle on my aging knees, but is really making me work up a sweat and my heart rate goes to my max safe range for most of the workout.<br /><br />I have tried multiple workout routines (my son purchased the P90x and I have a few of the biggest loser routines). These are either to hard on my body or not challenging enough.  The P90x also requires a bit longer of a workout than I am willing to do everyday. One thing about the Insanity workout that I like is that it takes about an hour from the time I get home from work, change my clothes, and am done with the workout. This is much more manageable from a time standpoint.<br /><br />The only reason I didn't give it 5 stars is that I am only a week into this ... but I expect that in a couple of months I will try to come back to update my rating."
B002QZ1RS6,AN33K975W6742,Bluedragon,3/3,5.0,1332201600,2012-03-20 00:00:00,Buy it,"It kicked me so bad but I love it. I love challenge! After 2 weeks of working out, it gives me enough strength and energy. If you have weak knees, it might takes a little bit longer to get used to it. I love it!"
B002QZ1RS6,A1AKIQUNTJDEA0,Exercise Girl,3/3,5.0,1332201600,2012-03-20 00:00:00,Insane in the Membrane,"Got the Insanity DVD's and from the moment I put them in I felt like a million bucks--don't get me wrong...it kicked my butt-but it tightened it as well.<br />Shaun-T is very motivating and is a great instructor for these videos.<br />Love the fact that the warm-ups and stretches are the same each CD-and then the workout based on the day is different.  It never gets old. Love, love, love it-<br />I don't follow the diet plan and don't follow the workout as on the calendar and I still can tell a difference. My thighs have definitely toned and tightened, but mostly my cardio has seen a great increase.<br />Did the P90X prior to this, was great as well, however my husband needs the weights the same time I do, so it didn't work out well.  Both products are true to their word--get off the couch and get moving....."
B002QZ1RS6,A324X7RVDAV3FT,J. Au,2/2,4.0,1332201600,2012-03-20 00:00:00,Just as the title of the program...  Its what it is.,"Although I own this awhile back and been using it for almost 2 years.  Its just as the title.  Insanity is correct.  I recall the days of nauseating moments as I wasn't use to all the sudden transitions and now this is considered mild compare to the more recent ones as I've seen that they're more intense and you hardly have breaks in that.<br /><br />You'll see and feel the results.  For the first full month if you haven't done it yet, will be the most intense and you'll have moments of dizziness, feeling like throwing up.  P90X is more of a warm up to me than this.<br /><br />That's how intense, but, once you get use to it. it won't be a problem.  I wouldn't recommend it for people with back problems or people with shortness of breath.  I know that's common sense, but, seriously, this is quite intense.<br /><br />My body is toned from my back, chest, abs, legs, and buttocks.  Although not required, but, makes my hikes more easier especially the strenuous ones. This is a great way to lose weight and fine tune your body before or during the times you're bulking up to be more lean.<br /><br />Results are good but, its not for everyone.  If this isn't your own, luckily, there are many other different workout programs other than this and P90X.  Choose what is best for you."
B002QZ1RS6,A165AB9K6TLKYG,DAZ,20/20,5.0,1332201600,2012-03-20 00:00:00,Great workout to get in shape,"I first want to say that this is a great workout to get you in shape and get you to lose some of that excess weight.  I read many of the negative reviews before I bought it and it did worry me.  I should never have worried.  I am 40 and have 2 torn ligaments in my knee.  People had said this workout is no good with people with bad knees.  Well you just have to adapt.  Rather than do jump squats I just do regular squats, if an exercise hurts my knee I just do a different one.  No big deal.  People also said that they were athletes and this was too tough for them.  My wife weighs 100# and is not an athlete and she makes it through the workouts just fine.  When you are tired, you take a break, Shaun T says that, rest when you need it.  As you get further along you will find you are taking less breaks and doing more of what you are seeing on the screen.<br /><br />I have found this to be a great workout DVD.  I know one person who lost 60 pounds.  One of my good friends is a former college athlete and he lost 17 pounds in the first month and he wasn't that overweight!  People also say this doesn't build up muscle and they are disappointed.  This is to get you in shaper, rip you up, help you lose weight and make you look good. If you want to pack on muscles you supplement this workout series by going to the gym and lifting weights.  Pretty simple.<br /><br />Not sure if this review will help you at all, I just wanted to let you know my thoughts as someone else who read the negative reviews and was concerned but I never should have been"
B002QZ1RS6,A3UMJV1J3ICR35,"Luis F. Tamayo ""Luis tamayo""",1/1,5.0,1332288000,2012-03-21 00:00:00,Satisfied!,"About a year ago, I tore my ACL in my right knee, so I decided to have my ACL surgically repaired. After surgery, I was not able to walk for a month, so I was just in bed waiting to recover. While I was recovering, I ate fast food constantly. That paid a toll on my body because I had gained almost Five pounds in just one month. Eight months later after surgey I went back normal activity. I weighed myself, and the scale read 240 lbs, that was a huge shocker. I had gained 20 lbs in eight months. I saw the infomercial for insanity, but I used the same excuse over and over, that I was going to re-injure my jnee. That posibility existed even if I did not workout. I decided to go ahead and buy p90x. I did the program for about one month, and was not happy with my reults because p90x mainly focuses on building muscle. I did want to build muscle immidiatly, but I wanted to burn the fat off first. I fianlly spoke to one of my friends who was doing insanity, and he convinced me to start the program. In order to protect my knee, the docotr recomended I wear a knee sleeve. So, I began insanity, and boy did it kick my ass. At the begenning, I took multiple brakes during the warm up. I was not even able to run a mile. I am currently on my second month, and weigh 219 lbs, I lost 16 lbs in just the first month. I did lose five pounds with p90x in one month. I wish I had began insanity instead of  p90x. Everyday I just can't wait to go back at it."
B002QZ1RS6,A187CWUUOH1DZ8,glen,2/3,5.0,1332288000,2012-03-21 00:00:00,hardcore,This was kind of funny. I watched the first DVD the day before making fun of the people cause they were acting like the were dying. So the next day I started and I was laying on the floor sweating like crazy feeling like I was going to throw up. Its is a lot harder then I thought and I'm in good shape. This is a gray workout keeps you want to move and keep doing it even though you are dripping . If I were you get this and just follow the program and you will feel and see results. Next time I will try the p90x and see if it is as good as this. And them maybe to the two together. This will definitely give you all the cardio you need. I think if you are feel about getting into better shape get this product sooner rather then later.
B002QZ1RS6,ATBS23G3SV5GB,dstargg,2/2,5.0,1332374400,2012-03-22 00:00:00,One of my favorite workouts!,"I have been going to the gym for a long time but lately have been suffering from the plateau effect. I just keep doing the same workouts and it was not pushing me hard enough. I am a fit guy but needed an extra push to get nicer abs. Well insanity has kicked my butt and given me results in just a few weeks that i have not been able to achieve in the last few months of hitting a gym. One of my good friends was actually in the infomercial for ""Hip Hop Abs"" and they are always raving about Shaun T because they worked with him on the shoot. Well that motivated me to try Insanity because it looked a lot more challenging than Hip Hop Abs which looked a little more aimed at women. Well after a few weeks I will say that this is not a program I would recommend for someone who does not already exercise. I am drenched and sore every day after this workout. I still have not been able to make it through a day without taking a break or collapsing on the floor in a puddle of sweat. I have to say Shaun T is very motivating and I never thought I would get into a DVD workout in my own home. Not anymore. I can see using this after my sixty days is up to continue to kick my butt. As Shaun T says in the workout ""Why do I do this to myself? OH YEA, to look good!"". This is a must have for people that are already active to push them over the edge. I really believe at the end of sixty days I will have the abs I have been wanting. Im almost to day 30 now and starting to see them more and more. Thank you Shaun T for changing my routine. You are truly deserving of your success."
B002QZ1RS6,AS3FBX0YV5ACW,Kat Dain,2/2,5.0,1332460800,2012-03-23 00:00:00,Butt kicking workout for those who want to be challenged!,"I have done this workout many times through, and it never gets ""easy"" - best program I have ever done.  I love the fact that I get a great workout in an hour or less and be  dripping in sweat.  Having completed P90x & Asylum, I always seem to go back to Insanity.  The core work is present in so many of the moves that it makes it easy to tighten up the middle.  A hybrid of Insanity + running is a great balance."
B002QZ1RS6,A12U96R4S2R4QJ,Laura,2/2,5.0,1332547200,2012-03-24 00:00:00,Really is Insane!,"If you're looking for a challenging workout that will take your cardio to the next level this workout will do the trick.  I already consider myself in pretty good shape, but I am on my second week and I still need to take breaks during the workout.  The package comes with a description of the program, a calendar to track your progress and all the CDs.  This workout uses no weights and the workouts are under an hour."
B002QZ1RS6,A189BCLUUMSM7E,awakeneddragon,5/11,3.0,1332633600,2012-03-25 00:00:00,By brother bought in and asked me to check it out,"Why did my brother want my opinion? I'm a fitness professional from the clinical side of things (working with people coming out of heart surgury or with osteoperosis, etc), but I've also worked with the military and private gyms. I've seen plenty of fitness fads. Insanity has some interesting differences, and is a good fad to add to the fitness library.<br /><br />First, people are self-paced and perform an exercise within a certain time limit. After a series of exercises is completed, the series is repeated. I rather like that, especially as someone that leads exercises as it helps to simplify things. Not so fit? Well, you'll have fewer reps. More fit? You might over do it, and that perhaps might be the danger so if you're leading this kind of exercise, then make sure to stress form and such to keep THOSE people safe, too. This aspect of the timing is NOT, however, stressed in the program. In fact, typically (and especially in the more advanced workouts), everyone must ""keep up"". I think an opportunity was missed here, but Insanity it targetting ""hard core"" people, or people that want to be, or even people that think they are.<br /><br />Second, having seen plenty of DVD sets for exercises, I think the progression of these is quite good. You get a lot of disks and a lot of workouts, so that might make a difference. Still, I do NOT see a complete beginner who has lived as a couch potato reaching the most advanced disks any time soon. The workout doesn't promice that, and I think if you take each level at the 60 days, then you're well on your way to doing the body good. Basically, this workout has something for all levels. This is actually one of the best reasons to own the set, though I raise my eyebrows at the price tag, especially since most people that get this set will NOT be able to perform more than half of it.<br /><br />Still, I do have some problems with Insanity.<br /><br />First, terminology: I see plyometric being bandied about a lot when talking about this workout. While some of the more advanced routines DO have some more strictly plyometric-type movements, plyometrics is not something that CAN really be applied to a AEROBIC workout. That's not their purpose. What's actually happening here is ballistics, which I find fascinating as I STILL run into people that complain about jumping jacks (and in the same conversation clamour for THIS workout).<br /><br />Second is just my usual nitpicking about exercise fad videos, really. Our host has lots of energy, but suffers what most new exercise leaders do in their first DVDs--their encouraging remarks and pseudo-science talks are really quite horrid (I'd say that nearly every fitness release has this). It's nothing horribly painful, but as a fitness professional I catch it, and wince, and discover wonder again as no one LATCHES onto the misinformation and sues the fitness person. But the disclaimer saves all, I suppose.<br /><br />As I say, however, Insanity is a decent set to own. I give it 3 stars, relegating it to a nice change of pace to a video exercise library. It DOES include a lot of high impact (literally, now) ballistic exercises, which I like (I find myself laughing when people seem to attribute the INVENTION of these exercises to our host, but he has put them together in a slick package). I might have given this 4 stars, but the talk is a real killer for me and I've SEEN all of this before--I blame the day job.<br /><br />Ultimately, I'd buy this for my professional library to meet popular demand, but not my personal one. Get this if you train people that are ALREADY very fit because it does have nice variety. Watch this and take notes if you are a fitness professional becuase there ARE some nifty things going on here, namely the arrangement of the exercise routines and the use of time. Everyone else? I recommend borrowing your friend's first.<br /><br />My exact words to my brother: ""It's ok. I like the timing."" He and his fiance were devistated, but I applauded the purchase as apart of their over-all desire to get/stay in shape. I wouldn't be doing my job if I turned people OFF of exercise!"
B002QZ1RS6,A25UD5NC0QE8R3,lina,0/4,5.0,1332633600,2012-03-25 00:00:00,Love it,I love the insanity workout you won't see results in 60 days I think you got to give it time before you can see results
B002QZ1RS6,A1A9EUSPWA3XTW,Michmonkey,3/3,4.0,1332892800,2012-03-28 00:00:00,Avoid like the plague if you have bad knees,"This is a fabulous workout. I want to participate so badly but holy catfish - it KILLS my knees. I saw the infomercial and knew darn well it would hurt but I had no idea there were no modifications offered, jumping/plyo is a huge part of every workout including the warmups, and he flies so quickly you don't have time to think about what else you could be doing. For the first week I just ended up doing mini squats and lightly jogging in place for most of the knee killing moves and my HR monitor still says I'm burning close to 350 calories. I have an exercise degree and am capable of modifying these myself from here forward but beware, they aren't kidding when they say you shouldn't do Insanity if you have joint problems."
B002QZ1RS6,AJ22KCCXCYVLZ,Joe,2/2,5.0,1332979200,2012-03-29 00:00:00,"A Great Get in, Get fit, Get out workout for anyone",Is an intense cardio workout that keeps your mind so focused on jumping form exercise to exercise that you don't have time to realize how hard you are working. The first months dvds range from 40-45 mins that with new workouts add with a time of about  1 hour by the second month All the exercises are explained very well and the panning camera offers tons of visual examples. Comes with a neat little diet book with tons of great recipes and info as well as some good fitness tracking sheets. Defiantly the best shape I have been after my ACL surgery.
B002QZ1RS6,A8HAIHX67IE5I,GDV,3/3,5.0,1333065600,2012-03-30 00:00:00,Sooo much better than a gym membership,"I am currently in the 3rd week of Insanity. My husband and I bought this DVD to work out together since we have such different work schedules that finding time to go to the gym together was impossible (our gym is a 30 minute drive away, too, so you need two hours just to get in a one-hour workout there). However, we can easily find 40 minutes in a day to work out in our living room. I wasn't overweight before I started the program--I was on the lower end of my BMI. However, since I was only getting in about one short run and two pilates workouts a week, I wasn't super toned or really in killer shape either. I would rate my fitness before Insanity as 6.5-6.75/10.00. In only 3 weeks of Insanity, I think I can rate myself as a 7.5/10. That's a pretty big difference for only 3 weeks!<br /><br />What I love most about these workouts, besides getting such a good workout in only 40 minutes, is that you use your own body weight for resistance. No extra weights or kettle bells necessary. As a petite female, huge muscles aren't really my goal. I want to be toned and be able to do a fair amount of pushups, but I'm not going to lift 100 pound weights to get there. I have not experienced any injuries thus far or actually much soreness at all. (I think it's because you work out 6 days a week, so your muscles don't have time to really get tight; a good thing, in my opinion). But I do recommend getting some good shoes, since a lot of the moves are hard on your ankles and knees. I've done several at-home workout programs before, but this is the first time I can remember having to lie on the floor after the workout because I'm soooo tired! I also love that the workouts are so different and have lots of variety. Much better than running on a treadmill. In short, I recommend this program if you're on a tight schedule and have trouble making it to the gym during the week. (I actually canceled my gym membership after just the 2nd day of Insanity.) It's also a great way to kickstart getting back in shape after slacking for awhile. Definitely worth the money."
B002QZ1RS6,A3HSYLXBQWCGBE,"Donald R. Harris ""Profound""",0/6,3.0,1333152000,2012-03-31 00:00:00,Followup to Insanity Videos,"I have no problem with the product, the initial product I received was defective.  I returned the defective product, and was given a replacement.  I was not happy with the lenght of time it took to get the replacement."
B002QZ1RS6,A3K95Y859UD3A6,Jlynn,1/1,5.0,1333238400,2012-04-01 00:00:00,It is insane!,Love this workout!  It really is insane but a good insane. My husband and I love working out with it together. You will see results after just a few days. We have both lost weight and toned up areas.  It's a great workout and we would highly recommend it to all! Good luck!
B002QZ1RS6,A2ROFFPV82GXCG,Roghan,0/0,5.0,1333238400,2012-04-01 00:00:00,"Amazing, but really hard!","I received this item on time. It's a really hard workout! I only did it for two weeks because I'm a full-time student and I didn't have enough time to rest and study. See your doctor before doing this workout, it's extremely hard!"
B002QZ1RS6,A20MEUG10VYOZZ,momof 2,6/6,5.0,1333411200,2012-04-03 00:00:00,momof2,"Like most mom's I am struggling with losing the last 15 lbs of pregnancy weight and have fought to lose this for the last 2 years (my youngest is turning 2 in a week).  I love swimming but couldn't fit it in my schedule with working full time and 2 active young kids. Tried P90X but had trouble following all the workouts and didn't really like Tony Horton's comedy embedded in the workout. Then I turned to my home gym (elliptical, bench, free weights, and stationary bike) but saw myself losing interest in creating my own routine(s) and was not seeing the results I wanted in those pregnancy areas (legs, butt and stomach - I should say that I have had 2 c-sections).<br /><br />I broke down and decided to try something new where I did not have to think about what routine to do as well as something that fit into my time crunched day.  The Insanity workouts have been great for me.  I am a week in and am following all the nutritional aspects in addition to working out.  I never thought I would say this nor would I believe it but I am ALREADY starting to see results.  I do have bad knees but have not had any problems as Shawn T is very good at telling you how to make sure your form is correct.  His directions are clear and concise.  He is also motivating and makes you want to push through it.<br /><br />One thing I would recommend is doing this on a surface that has some give. You will be doing a lot of jumping and lateral movements.  I initially started doing it on a concrete surface but have since purchased gym quality tiles from Amazon to create the space and comfort I need.<br /><br />I will update as I make it through the Insanity experience.<br /><br />UPDATE:<br />All most done with the first month of the Insanity workout and I did not take a day off or deviate from the scheduled work out plan.  The results are astonishing to say the least.  My thighs are getting thinner and am losing the tummy weight from my last pregnancy and c-section.  I can actually see my upper abdominals and am getting the definition from my obliques. The best part is how strong my body feels.  Every workout is a new way to push myself to ""dig deeper"" and I feel like Shawn T is my own personal trainer - not some condesending trainer making jokes like Tony Horton.  I can't wait to do the recovery week and then move on to the Max workouts - honestly I am a little nervous about that.<br /><br />I workout at 5:00 in the morning and would recommend warming up for 10 minutes prior to doing the warm up in the dvd."
B002QZ1RS6,AEIQE4BQMK119,"march pisces ""lovin' life""",0/0,5.0,1333584000,2012-04-05 00:00:00,looove this program!!!,"i absolutely love this program!!! i started with p90x (love that too), but was getting a little bored and wanted something with more cardio. i hit the jackpot with insanity. i've only had it a couple days and i'm in love. my first day was a little rough b/c the warm up takes you from 0 to 60 in no time flat and being a person who deals with asthma that's a bit much. i fixed that problem by doing my own little warm up to get my lungs ready and heart rate up before i start insanity. that one change worked like a charm and yesterday's workout was smooth sailing. i'm excited again about my workouts!!!"
B002QZ1RS6,A2DDV1L5TTN6SX,The Real McCoy,0/3,4.0,1333584000,2012-04-05 00:00:00,Tracking my Journy,"I'm a relatively small guy about 5'6 120pounds and I thought this would be a good way to start to define some body muscle. I have no intentions of following the diet plan as I do not wish to lose any wight, but I do want to develop muscles and increase endurance. Today was my first day trying the insanity work out. On the first day you just do a fitness test, but even that is a real rough work out. Honestly this thing is pretty tough. I mean I was exhausted after the first day and threw-up, but I'm really excited to see if it lives up to all the hype. I'll make updates every week until I finish the full 60 days."
B002QZ1RS6,A90USJ7VHSSF8,"E. Hester ""TheEman""",2/3,5.0,1333843200,2012-04-08 00:00:00,Best Workout I've had in years,"I am in very good shape, but felt it had been a while since I had my tail kicked by a workout so I looked into insanity. I purchased through amazon which is always a first class experience. Week one of the workout had me sweating and working harder than I had in a long time. I feel it paid for itself after one week , because it did what I needed it to do (Kick my A**). I am in Week 2 of month 2 now and the workouts are longer and more difficult, but month 1 prepares you well for it. My favorite exercise so far is the Squat Push Up. Least favorite is a warm up move called Mummy Kicks. Insanity will push you to the brink, but if you hang in there and dig deep, you will be rewarded with great results. This is not for beginners you should be in adequate shape at least to take this workout on. Only complaint I have is I wish they stretch the upper body some in warm ups, because you will be doing some push ups and other moves that work on the shoulders and triceps. Other than that 5 Stars! Highly Recommended!"
B002QZ1RS6,A2H4CFI36PFT82,gibby,1/1,5.0,1334016000,2012-04-10 00:00:00,insane,"this program is awesome, painful but awesome! very well put together and it works. Thanks so much Shawn for doing this for all of us."
B002QZ1RS6,ARJUJ6YRQRJJL,BookKitten,13/14,5.0,1334016000,2012-04-10 00:00:00,You can do it- even if you are overweight and out of shape.,"I wanted to write a review to comment on the difficulty of the Insanity DVDs.  A lot of people have said it's too high-impact, you won't be able to do this if you aren't in great shape, you'll get an injury, etc etc etc.  I'm going into my 2nd month, injury free and pain free.  I was out of shape and overweight when I started Insanity, and still am (but I'm improving).  I actually hadn't truly exercised for MONTHS before jumping into this program.  The key to doing these videos if you are struggling with your fitness level or injuries is modification.  I modify the heck out of some of these moves.  I rarely do any of the jumps, but modify them to teeny tiny jumps, squats, jogging in place (for jumping jacks), etc.  I have issues with both knee and back pain so I didn't want to risk injury, but still wanted an awesome work out.  And when I modify these DVDs, I get just that.  I am covered in sweat at the end but not in pain.<br /><br />If you know how to modify exercises to your fitness level, you'll be able to do this.  Each time I work out I get better and better at the moves and keeping up.  Some day I might even be able to do the jumps, but that is probably quite a ways in my future.  If you're overweight, out of shape, and worried about injury and DO NOT know how to modify things to still get a good workout, then this might not be for you.  But if you know what your body can handle, you should be able to tailor it to suit your needs."
B002QZ1RS6,AVT1JUAH8S2AU,Tommie Girl,2/2,5.0,1334102400,2012-04-11 00:00:00,Amazing!,A friend had my husband and me to try his fit test DVD and after that we were hooked.  We just knew we had to have it.  Never before would I have ever thought I would try a program so extreme. But its something about Insanity that is so addicting. Its tough but I can't help but be excited about the next workout. Nothing compares to it. I took a starting photo and then another at my 10 day mark.  I couldn't believe the difference in that little bit of time.  So this program delivers what it promises as long as you put in the hard work and eat right.  I can't imagine what my result will be at the end of the 60 days. I'm sure Insanity will be a part of our workouts for years to come.
B002QZ1RS6,A2GOP3SXMB376M,woodrush,1/1,5.0,1334102400,2012-04-11 00:00:00,insanity,this is a great way to loose weight and gain a ripped bod! my sons love it and just start out slow and build up to the level that they are working at. AAAAAAAAAAAAAAAa++++++++++++++++++
B002QZ1RS6,AXYERZ05ALX58,Amie,2/2,5.0,1334275200,2012-04-13 00:00:00,Wow!,"I ordered this for my fiance and let me tell you, I have watched parts of this DVD and watched him do it and this is definitely insane! He is a young and fairly in shape guy (works out daily) and he almost falls over after every work out! He is a week into the program and loves it. We did order from beachbody through amazon and had no issues with packaging or DVD's not working. Good luck to everyone who tries this workout! It is crazy!"
B002QZ1RS6,A377LIKT4NGLJR,313FoLife,3/3,5.0,1334361600,2012-04-14 00:00:00,Insane,"If you looking for a workout that will get you fit, if you stick with it than this is the one. You definately have to stay hydrated but trust doing this workout you gonna drink water unforced.<br />  Gonna tell the truth if you don't already workout starting cold turkey like me is gonna give you problems. Especially being 42 with a former knee injury. But once I adjusted I'm doing much better still getting a true hardcore workout but at my pace. When I finish the 60 days I'm gonna start it again since I should be a lil bit more advance and ready for what shocked me in the beginning.<br />  And for you fitness nuts that think no weights no gain. I have lost weight and built muscle in the 3 weeks I'm into the program already so it works if you have the drive."
B002QZ1RS6,A2VWJ3AMZGAJPD,ElleMarie,0/0,5.0,1334361600,2012-04-14 00:00:00,Amazing Product,"I highly recommend this product for anyone wanting to get in amazing shape. Fun working outs, easy to follow, and highly motivating. Seller shipped fast and was great to work with!"
B002QZ1RS6,A32B5GKA44XQ1C,ABS,6/6,4.0,1334448000,2012-04-15 00:00:00,Pros/Cons,"Since there are so many excellent, in-depth reviews out there, I figured I'd just provide a list of pros and cons to aid those who are considering insanity.<br /><br />Pros:<br /><br />1. Drastically improves cardio performance. The package includes a fit test through which you regularly track your progress. But even without the formal tracking sheet, you'll quickly recognize improvements day-to-day, and if you use a heart rate monitor, you'll find that your heart rate will stay lower and come down faster than it did in the early days.<br />2. No extra equipment.<br />3. Great lower body workout--you will build muscle (which, as I'm sure other reviewers have noted, shouldn't scare women away).<br />4. Shaun T. He seems like a genuinely friendly guy, and he provides solid advice throughout the workouts.<br /><br />And here's why I only gave 4 stars instead of 5.<br /><br />Cons:<br /><br />1. Harsh on your joints. I'm only 28, and I sometimes found myself needing to ice my ankles/knees (I've never had issues with these joints before). I bought inserts for my tennis shoes, and that seemed to help, but this is NOT a workout for someone with preexisting problems.<br />2. Music. It's horrendous. Recognizing this, the creators have thankfully included a handy ""no music"" option. Also, if you have the music on, it's difficult to hear the tips Shaun T provides. They should have used the P90x people.<br />3. Short-changes biceps/back. This is really a function of how difficult it is to involve the pulling muscles without any additional equipment. That said, the stability exercises are enough to make sure you shouldn't lose any muscle from these areas.<br />4. Shaun T's grammar. With a workout this intense, you don't want any distractions, and constant errors in subject-verb agreement (""hips is down""; ""legs is back"") make it tough to stay focused.<br /><br />Overall, I ""like"" P90x better than Insanity, but part of that is the fact that Insanity is much, much harder. But since you only get better by challenging yourself, it's probably good for P90x aficionados to shake things up from time to time."
B002QZ1RS6,A382BL1X4J5GXL,Wolfmn,3/3,4.0,1334448000,2012-04-15 00:00:00,Great progran but prerequisites apply,"I just completed the Insanity program today. I lost 6lbs and went from 18 percent body fat to 15. I previously completed P90x and had lost 15lbs from that program.<br /><br />Though I had better results with P90x, I had more to lose. I also plateaued on that program and felt that Insanity helped me break the barrier to get me to the next level.<br /><br />I recommend Insanity but would encourage doing a different program first in order to prepare yourself for the intensity of it. This has been mentioned in other reviews mainly to avoid bad form and to prevent injury. I agree with that but would also add to prevent the risk of giving up.<br /><br />These programs can improve self confidence, but can also decrease it if you don't finish the program. To me, that is as important as learning good form.<br /><br />A good analogy to this would be like taking an advanced college course. You wouldn't take a calculus course without first taking algebra, geometry, etc. If you did, you'd become lost and overwhelmed, with the end result of dropping out of the course. The same thing would apply here. That's why it's important to build up to Insanity by taking a ""prerequisite"" program first such as P90x, Supreme 90, or equivalent.<br /><br />Doing this would greatly increase your chances of completing this program, which will not only improve your over all health, but your self-worth as well."
B002QZ1RS6,A2XCEBGT9IW6MJ,Tori2717,1/1,4.0,1334448000,2012-04-15 00:00:00,Work out!,"Be prepared to sweat, have s sore back and gain some serious muscle with this workout series.  I dare say the reason why I haven't lost that much weight is because I'm gaining so much muscle tone. But it's been worth it so far - I'm on week 4."
B002QZ1RS6,A2LKJZV6X3WRXB,Loren,3/15,1.0,1334448000,2012-04-15 00:00:00,Missing a disc,The package received looked like a bootleg version of the real program. And was missing one dvd which was replaced by a duplicate of another. Just terrible. Obviously paid $120 to support some illegal operation. Pay the extra 30 bucks and get the real one.
B002QZ1RS6,A1UEQAXMYCMBA,ChrisM,8/8,5.0,1334534400,2012-04-16 00:00:00,Wasn't sure but took a chance...boy am I glad,"I am in my third week of insanity.  First let me say I am a 45 year old woman who works full time and is in school getting my masters.  I used to go to the gym but school has gotten in the way so over the past year I have gained 10 lbs and now had 20 extra lbs on my 5'2"" frame.  I needed a work-out program that I could do at home, so I bought this set.  I love it, I am so hooked that I now get up at 5am to get my workouts in.  This program is well designed, you can't do it all, even after 3 weeks I am still taking breaks to let my heart rate get back into target zone.  I can tell you I am building stamina and strength.  It feels like Shaun-T is in the room with you explaining what you need to do and encouraging you through it all.  I love the count-down timer so you know how much longer the set will last, this helps me give it my all when I want to quit but there are just 30 seconds left.  In the 3 weeks I have lost 5 lbs and an inch off my hips and 2 inches off my waist.  My core is stronger and I now can do 35 push-ups (I started with 7).<br />If you have bad knees or weak ankles this is not the program for you, there is lots of jumping.  If you want to burn calories, increase cardiovascular fitness, build core strength and tone forgotten muscles then this is the program for you."
B002QZ1RS6,AJO22U2YXCHH4,Ricardo Gonzalez Gonzalez,0/0,5.0,1334620800,2012-04-17 00:00:00,excellent,"excellent product, if the exercise is done correctly the results are almost immediate. Arrive fast and on time. Good experience."
B002QZ1RS6,A1OQF9I8M9VA4L,Timberbosco,12/25,1.0,1334620800,2012-04-17 00:00:00,Defective DVDs,The workouts on several disks from my first order jumped around in time (40 minutes remaining then BAM 22 minutes remaining then BAM 35 minutes remaining)  I was hoping the defective DVDs the first time I ordered this were just a fluke.  Apparently they weren't since the second set of disks had the same kind of issue.  Just go and order it straight from the team beachbody website.
B002QZ1RS6,A4X2B16BNLQL3,Warren Tom,3/4,5.0,1334707200,2012-04-18 00:00:00,It works.,"I just completed the sixty days and am very pleased with the results.  I have had two angioplasties and was getting overweight by about 15 pounds.  My first round was at about 30-40% of what they were doing on the dvd, I hope my second round will be at 40-50%. I should be in very trim shape in 4 more months. One reason I bought the dvds was that the exercises are relatively simple and do not require any equipment."
B002QZ1RS6,AGWFAMJS0R9TQ,JTY,6/6,5.0,1334793600,2012-04-19 00:00:00,Insanity  v P90x,"I have always been somewhat active but not in as fit as I would like to be I wanted to share some comments on Insanity having also done P90x.  I have found with Insanity the cardio emphasis has been helping me get the weight loss going much faster.  It's really about getting lean,strong and flexible whereas P90x involves more weight training with resistance bands, chinup bar and other tools. For me its much easier not to have to use all the equipment and just my body as the ""weight"". Depending on your goal both are excellent but  I find I'm still building muscle but am much leaner with Insanity.  I highly recommend Insanity if your goal is weight loss and overall cardio endurance and flexibility."
B002QZ1RS6,A37PELID3ZT4TW,A. Schnappup,8/8,5.0,1334793600,2012-04-19 00:00:00,Fantastic program but NOT for the undetermined,"I believe that losing weight is most peoples goal, but this program requires rigorous determination and discipline because it is downright hard. Its hard work and while I believe you will see results with just following the workout schedule, it wont do much good if you are continuing to eat trash, so you have to be committed to the program AND eating healthier.  Results will always vary, but the workouts are SO intense that I thought I could get away with just watching what I ate, around 1500-1700 calories most of the time, following as much of the recipes I could follow but not leaving my chocolate cravings behind. In 60 days, without skipping one workout or shutting the dvd off early, I only lost 5 pounds. But I lost inches in places I needed too, my thighs, waist and love handles and I started the dvd's at the point where I needed to lose my last 15 pounds, so it's stubborn stubborn weight (in my case). I have had 4 kids, had only run 2 miles at a time at a mediocre pace, quit P90X early, done a bit of Turbo Jam and Chalean Extreme in the year leading up to starting Insanity. So I basically started with only a little cardio endurance, very little muscle and little motivation. I was sore for the first 3 workouts, and the dvds got tougher but it was easier to turn on the program, I set out a time each day (the first 30 days was in the AM before my kids woke up, the last 30 days had to be at night since the dvd's get longer) and found I was mentally committed even when I was sore or lazy. I have 4 kids, I had guilt free pregnancies, and did not try to lose all the weight gained in between each, and my last child turned 1 when I started. I believe anyone with a healthy body can do this, complete it and be proud. I highly suggest purchasing Asylum as soon as you start month 2, I found once I finished Insanity, I continued the workouts but at my own combinations, I was not as motivated because I got bored, I knew what the expect. Asylum took it to another level, so if youre looking to thin out, and then get lean muscle, that's the route to go. I am starting the Insanity Asylum hybrid next week and I couldn't be more excited about my results... am I at my goal weight yet? No, but Im getting there, Im eating WAY better, less on the snacking, less on the sweets and my results are WAY better than when I was just doing Insanity. I DO NOT like working out, but I DO like fitting in clothes I fit in before I had any kids, I do like having some upper arm definition, I do like having abs, and not feeling self conscious in skinny jeans, I am proud to say I am an Insanity graduate. Its worth it, and its even more worth it if you make the lifestyle change nutritionally with it."
B002QZ1RS6,AKEMTPN24ML8Z,Dex,1/1,4.0,1334880000,2012-04-20 00:00:00,solid program,Great workouts - works on all areas of the body.  Im a runner and had heard so much about this that I thought I would try it.  In less than 2 weeks I started to see changes in my body.  Some of what they want you to do is very physically taxing - high impact and hard on knees or back if your form is not perfect.  Other than that if you are looking for a program - its good.
B002QZ1RS6,A13ETFT7KN1EV1,Christina,3/3,5.0,1334966400,2012-04-21 00:00:00,Kick Butt Work-out!,"This is an awesome work-out!  I'm a runner and usually don't get much out of exercise videos, but Shaun T will kick your ass!  You will sweat to death and feel like you've worked out the next day.  This is definitely a kick-butt workout and I burn almost as many calories doing these videos as I do running. My heart rate generally stays in the 150s and the 160s.  The first month's workouts are great--absolutely no complaints. However, I didn't like the second month's workouts when I first began them and it took me some time to like them. Max Interval Circuit is an excellent, kick-butt workout and Max Interval Plyo is a good workout as well.  I still don't particularly care for Max Cardio Conditioning. A lot of the exercises in this video in particular are boring and done for too long--for example, he does Power Knee for one minute on each side, which I find to be boring and entirely too long for that particular exercise. There are several other exercises that he does for one minute that are too easy and way too boring to be doing for one minute.  I end up substituting moves from the first month during those exercises.  A lot of his moves in the second month would be better served by doing them for 30 seconds rather than one minute. I do not like the Recovery and Max Recovery videos--all they are is boring stretching. I generally run on those days. I would also like to add that it takes a few weeks to actually get the moves down and do them correctly.  Some of the moves are pretty hard to figure out how to do correctly with proper form and I find that I need a mirror to make sure I'm maintaining proper form. There are still some moves that I can't figure out how to do properly and that I can't do all that well.  If you don't perform the moves correctly, you won't feel as worked out and you won't see maximum results.  Some of his moves are just straight crazy (I guess that's why he calls it Insanity!)  :), but once you learn how to do the moves correctly, you will definitely feel the burn.  Overall, though, this is a really good workout, it will you allow you to push yourself physically, and you will definitely see more tone and definition. I would highly recommend it!"
B002QZ1RS6,A2PT3ROA2W39YQ,Jay,0/2,2.0,1335225600,2012-04-24 00:00:00,Great workout - awful DVD quality,"The workout is terrific! The problem is that the DVD's themselves will only play on one DVD player I own, and even then, the freeze frequently. This is incredibly frustrating!"
B002QZ1RS6,AM4BQDBHATBH1,vsebestyen,0/0,5.0,1335312000,2012-04-25 00:00:00,"LOVE,.","This program works. Truly. I JUST hit recovery week, i've never missed a day, and I really have a bad binge eating problem.. some how still losing weight with this program, and it's motivated me to stop my binging for the second month, to heighten my results. ALL my clothes are looser on me and I feel and look great."
B002QZ1RS6,A2GNGBAOZ36DQ9,veamcher,1/2,5.0,1335312000,2012-04-25 00:00:00,Great workout DVDs,"I was a little hesitant to buy Insanity because I have bad knees, but am so glad I DID buy it. I do modify some of the exercises that are hard on the knees. Even with the modifications, it's a great workout and I have firmed up so much and I've only been doing it for 3 ½ weeks."
B002QZ1RS6,A1ZHGJXTOT19U6,Shaoquan Bu,0/0,5.0,1335657600,2012-04-29 00:00:00,You get out what you put in,"firstly, im 16 turning 17 and i've always had a pretty high metabolism; i could eat anything and as much as i wanted and not gain a single pound. This was over a period of years. but you know what they say, all good things must come to an end. recently i've been getting soft around the edges and have been incessently tired. once i took notice to this harsh reality, i told myself that i had to change. i heard of Insanity from a friend that shared the same problem as me and was very confident in the product. i decided to do it.<br /><br />  One word: WOW! this thing is not at all easy! the warm ups are harder than some of the primary workouts you'll find in other workout programs. but those results are ohh soo gratifying! in the first 10 days i lost 6 pounds! my cardiovascular health has gained a ton of endurance and i feel happier about myself. one more thing, im getting an awesome 6-pack! ive never had that in my entire life!<br /><br />Today (04/29/2012) is day 16 for me. a word of advice to those that plan on starting Insanity in the future. DO NOT GIVE UP!! Yes its hard, but you have to hang in there. As time passes, it'll get a LITTLE easier, emphisis on a LITTLE.<br />Next, i didn't do the diet plan but i did began to read the nutritional facts and i did eat healthier. chicken, turkey, and fish. i rarely ate beef and never ate any type of fried food. oh and no juices. you'll think that they are o.k. but they have a ton of sugar so i stuck to water and soy milk.<br /><br />  I also learned a thing or to upon doing this program. There is no natural way to lose weight or get the perfect body in a short time.  hate the gimmicks that are like "" Take X amount of Y pills and lose 10 pounds and get a 6-pack"" or the customized weird machines that claim to give you a beachbody, pun intended ;) I hate to break it to ya but..THEY DON'T WORK!!<br /><br />Yeah so this an awesome product, if you have the finances to buy it than do it, now. You won't regret it."
B002QZ1RS6,A1WA5ET8RN2XL3,Stephanie,0/2,5.0,1335657600,2012-04-29 00:00:00,Love INSANITY!,"I completed INSANITY 2 weeks ago!  LOVE, LOVE, LOVE Shaun T!  I lost 21 lbs and went from a size 12 to a size 4 in 60 days!!  The price isn't so hot on Amazon though! And you don't get your free BB coach if you buy it on Amazon.<br />beachbodycoach.com/STEPHR326<br /><br />[...]"
B002QZ1RS6,AH4RXFCI8IEI9,irma,1/19,2.0,1335657600,2012-04-29 00:00:00,hip injury,"i have hip replacement and ankle broken so i think this is not for me i,m afraid i might get hurt so i think its hard for me"
B002QZ1RS6,A17CYCMBSEEAOP,Jim Miller,1/1,5.0,1335744000,2012-04-30 00:00:00,It works!,"I am a 42 year old, 5'9"" white guy that started this program weighing in at a hefty 216 pounds.  I had not done anything seriously as far as exercise is concerned for probably nearly a decade.  Two months later, after finishing the Insanity program, I now weigh 193 pounds!  In conjunction with watching my calorie intake on myfitnesspal.com, I was able to lose 23 pounds in two months with Insanity.  I am thrilled, and my mental health as well as physical health has improved drastically.  If I can do it, so can you.  Worth every penny spent."
B002QZ1RS6,A1X8S3PIPVO0AH,SB,0/0,5.0,1335744000,2012-04-30 00:00:00,2nd chance,"I bought this workout DVD over a year ago. My husband an I had gained extra pounds after I had our first child, and wated to get back into shape. We started doing the work out, and I thought I was going to die every time. It was way more than what I expected, but after the first week my energy level was improving and I was in a better mood everyday unfortunately we only made it threw the first month. Our work schedules changed and we gave up. Now a year later we are starting it again and I couldn't be more happy and excited. This program is tough and you will start to have a love/hate realashonship with Shaun T."
B002QZ1RS6,A2A4A2UYTXEGPU,lionboy23,10/10,5.0,1335744000,2012-04-30 00:00:00,Fantastic....If you are dedicated.,"I have just completed the entire 63 day program.  I am a 41 year old male, 5'9"" and 238 when I started on February 29 of this year.  I lost 26 lbs overall.  I am now 212, and in about 2 weeks (after a vacation) I am going to start the program again.  My goal is to get somewhere in the neighborhood of 185.  I have a somewhat larger, wider frame so I think this would be about the ideal weight for me.<br /><br />I didn't follow the meal plan to an exact.  I ate very well though.  I didn't eat any fast food, except for twice having pizza.  I didn't drink any pop.  I had maybe 10 beers in the 63 days.  I made my meals smaller, healthy, and more frequent.<br /><br />I thought the workouts were sensational.  They are extremely challenging.  I think if someone finds them to be easy, then they aren't pushing themselves to do each exercise as thoroughly as they should be.  For example, in ""high knees"" I'm sure almost everyone could lift their knees a bit higher when they are doing the exercise.<br /><br />Shaun T is a good motivator.  He is in fantastic shape and pushes you hard through every workout.  After doing each of the routines a few times and knowing each move, I found I rarely had to watch the TV.  I did my exercises in a large mirror to watch my form and I could just follow along to the audio.<br /><br />I find it amusing that he almost always refers to himself in third person as Shaun T.  I believe, in the Insane Abs routine during the bicycles without hands where he says ""even I have to take a break during this one"" is the only time he says ""I"" and not ""Shaun T"".<br /><br />If you have back problems, shoulder, knee, hip or foot injuries, then you should probably avoid this DVD until those issues have been resolved.  There is a LOT of jumping, running in place, push-ups and overall body exercises.  This isn't a low impact routine.<br /><br />The toughest part of the program, though, is this:  It is 63 days.  You get one day off per week.  You have to tell yourself those other 6 days that you HAVE to exercise each day.  I have Mondays and Tuesdays off, so I chose one of my days off to be my free day.<br /><br />There were days I didn't want to exercise.  I had to make myself go down to my basement and do it.  I was so glad when I was done each day, though.  It made me feel really good about myself to be dedicated to something and to follow it through to the end.  I was drenched with sweat and my heart rate monitor (which I bought from Amazon during week 2) gave me a read out of how many calories I'd burned and what my heart maximums and averages were, which were a good gauge of how hard I was pushing myself.<br /><br />I look forward to my second round of Insanity starting May 17.  I am in better shape now than I've been in years, and I am sure that I will be in even better condition in mid July, and look like a very healthy 42 year old.<br /><br />Please buy Insanity if you want to make a change in how you look and feel.  Just make the decision that you have the mental toughness to dedicate 9 weeks to working hard."
B002QZ1RS6,AZ9Q1Q21GH7YV,BHoffman,0/0,4.0,1335830400,2012-05-01 00:00:00,Insane workout,Insanity is a great cardio workout. I like that I do not need any weights with it. What I don't like about it is that it gets very repetitive with the moves in the workout.
B002QZ1RS6,A2U873EIWDMU0K,The Goat,16/16,5.0,1335916800,2012-05-02 00:00:00,"Wow...it hurts so good!  Very tough, but will make you very happy!","I am going to start off sounding like a lot of other reviewers -- I keep myself in good physical condition, with a thoughtful mix of cardio and weight training, working out 4-5 times a week.  And I like to work out hard...um, rather I used to think I worked out hard until I did Insanity.<br /><br />This is a very, very powerful set of workout DVDs.  The whole program is well structured, with a balanced mix of plyo (get ready to do TONS of pushups and jumps, and I mean TONS and TONS), intense cardio (the most intense I have ever done, just crazy intense), and deep muscle-building exercises.  What I like a lot about Insanity as well is that each workout DVD remains varied enough that you never get bored putting it into the DVD player.  The pace is fast, the water breaks are short (30 seconds each after 3 minutes of pushing the hardest you can, and then all over again), and it is all intense enough to keep you fully engaged throughout.<br /><br />The ad I saw on TV said ""on day one, you will be humbled"".  Hah, that is so absolutely true -- day one, I took the fit test, which left me gasping and crying and realizing that there is a LOT of work to be done, and I was already in better shape than all of my friends!  However, even thought the beginning is tough, this program ensures that you will progress, and that you will progress FAST.  It is very hard, no doubt about it; it is sometimes outright brutal (that Max Cardio Conditioning DVD is the hardest thing I've ever done), but it always feel very positive throughout, and it genuinely feels like you are working hard to get tangible results.<br /><br />One thing that I think makes Insanity exceptional is Shaun T.  He is a wonderful motivator, and always strikes the perfect balance between pushing you hard and making sure that you listen to your body take enough breaks for your own well-being.  Like he says in one of the DVDs: ""I don't care if you take ten breaks during this exercise, as long as you keep coming back.""  Also, he can absolutely do all of this stuff, which in itself is very impressive and gives him total credibility.  The crew he has working out with him seems close-knit and have clearly earned their stripes with him, and you can sense their deep respect for his instruction and guidance, along with a sense of ease and fun that permeates the group.  You can also see the positive reinforcement he gives his guys throughout the workout.  So just watching the people working out on the DVD behind Shaun T is already a very positive experience.<br /><br />I am in my final week of Insanity, and as for results, all I can say is wow.  For me, it went as follows:<br />- Weeks 1 and 2 were just trying to get acclimated to these crazy workouts, and pushing through as best I could, and praying that one day I would be able to keep up with the pace and actually complete a workout without needing to collapse in a puddle of sweat halfway through.<br />- Weeks 3 and 4, I could feel my body gain a lot of power and agility already, and my stamina was up dramatically.  I could actually do some of the workouts to the end.  I felt really good about myself.<br />- Week 5 (recovery week):  felt so good to work on stretching and building muscle.  I felt ready for the rest, and eager to go.  My body and mind both felt strong, refreshed, and in shape.<br />- Week 6-7: totally kicked my backside all over again.  The workouts go from being 40-45 minutes long to 55 minutes.  Not only that, but all the exercises are a lot harder.  The warm-ups alone were just demolishing me.  However, that is when I really started noticing that I had lost a lot of fat around my midsection.  That is also when a lot of the fighting spirit (the ""dig deeper"" attitude) really kicks in.  And it feels awfully good when it does.<br />- Week 8: and again, things start to feel a little better.  These nightmarish switch-kicks are coming fast and fluid now.  I think I can do it.  Gaining confidence, abs starting to show :)<br />- Week 9 so far: OMG completely getting trashed again.  This final week is just beyond anything. Everything hurts.  But everything also feels transformed.  When I compare to week 1, I feel like an entirely different person.  And I look different, people are commenting on it a lot.  As for stairs, or running to catch a train, or lifting my kids and horsing around with them?  Never felt easier or more fluid and natural.  Insanity is simply improving my quality of life, plain and simple.<br /><br />Highly recommended -- however, as Shaun T says in one of his ads, this is not for people who make excuses, this is not for people who are lazy.  Stick to it, grit your teeth, push through, dig deeper, it is very much worthwhile :)"
B002QZ1RS6,AVUF9GRLQO3LJ,ck13,1/1,5.0,1336003200,2012-05-03 00:00:00,"Insanity is insane, but rewarding!","Where do I begin with the Insanity product...<br />I began this program on January 21st and am currently on my second cyle.  When I completed the 60-day challenge the first time, I lost 5"" in my waist and 12 pounds overall.  Now nearing the end of my second run-through, I am still seeing the results.  Though challenging, keep it up...this program is amazing!!  I would definitely (and already have) recommend this program to anyone who is SERIOUS about creating a better body for themselves.  It's terrific!"
B002QZ1RS6,A1T31UCEZKDNLO,Nick Thompson,0/0,5.0,1336003200,2012-05-03 00:00:00,Feels great to be insane!!!,Product was exactly what I needed to get back in-shape. It damn sure wasn't easy but it was worth it. Shipping was fast and the product was packaged perfectly and in mint condition
B002QZ1RS6,A25RPS4VGFXJJA,YeahYeah,5/6,5.0,1336089600,2012-05-04 00:00:00,Review by someone Completely out of Shape,"This is program works but it is hard and it hurts.<br /><br />I am 5'4 and 180 pounds. I wear a large shirt and size 14 pants. I wasn't always like this, I was an avid hiker even worked at Yosemite for a spell. Then a drunk driver hit me and I couldn't work out for almost a year. Now I am in no shape to do the things I love, like hiking and canoeing which make me very unhappy. So time to get my big booty off this couch and work out. Ok, This is my second attempt with Insanity. During my first attempt, after one month I was down one shirt and pants size. But then I lost my dad unexpectedly and for anyone who has lost a loved one knows, depression kicked in and all my hard work went out the window. So let's try this again and maybe writing this review will keep me on it. (FYI My husband was doing it with me and he was only maybe 20 pounds over his ideal body weight. After 2 months he had KILLER abs. and AMAZING ARMS).<br /><br />Day 3:<br />It hurts and if you are out of shape like me, impossible to keep up with. But I have a new rule, do at least one of every exercise, no matter how much it hurts or how hard it is. Do at least 1. My shoulder was seriously injured in the accident, but I am forcing myself to do at least one of every style of push-up. It hurts, and I shake but I am doing it. My thighs hate me right now but I feel good. Proud of myself for actually sticking with it for 3 days. For those that are fit, you won't understand that statement, but for us who are out of shape and ashamed it is such an accomplishment to finish 1 workout much less three. I don't feel sluggish, and my spirits are up. The workout is HARD! Very, very hard. You will sweat, you will be gasping for breathe and if you push yourself may feel like you are going to puke. But, if I push myself like I did the first time, I know I will see results fast. My endurance will go up, I can do the things I love, I will be able to fit into my cute clothes, and my confidence will skyrocket.<br /><br />Day 20:<br />Wow, has it really been 20 days? Ok, so there were a few days I was just too sore to do the workout. I mean hurt to walk sore. And even though I promised to try every exercise, sometimes I just couldn't finish the video. I have been pushing myself, and pushing myself. When I say I couldn't finish a video it was because I was on the floor, drenched in sweat, and gasping for air. Has it been worth it? YES! Just the other day, my husband out of the blue tells me I look happier and full of energy. And I do feel like I have tons of energy on the days I workout. If I skip a workout, I feel cruddy. Now what y'all really want to know, weight? Well, I decided not to weigh myself for this workout because I would be gaining muscle so instead I have been relying on my clothes to do the talking. All my fat clothes fit properly and some are loose. Prior to this workout, some of my fat clothes were so tight I thought I was going to have to go up a size. Don't have to worry about that now. :) I could be down more but like I said there were some days I just couldn't do it. Well, one goal is down, my confidence is starting to go up.<br /><br />Day 40:<br />Well...I had to stop using Insanity, because I found out I am pregnant. So following doctor's advise I have to downgrade to a low impact workout. But, I was getting results so I do recommend the this workout. Remember that those on the video's are in crazy good shape. Modify exercises you can't do or just jog in place. Never stop moving and you will get results no matter what shape you are in. Good Luck!! FYI, it may take longer than you think to really start getting ""amazing"" results. Just stick with it."
B002QZ1RS6,AAHOL35692RX2,A. Nichols,1/1,5.0,1336089600,2012-05-04 00:00:00,perfect!,"I've been training for three weeks now and have seen amazing results. This is EXTREMELY DIFFICULT AND REQUIRES A HIGHLY MOTIVATED MIND SET!!!! I have a full time job, am a full time student, have a very active 5 year old, and a house and husband to take care of. You have no excuses! Buy this now! If you're are not determined you will quit. Just like the p90x slogan, I hate it but love it! Dig deeper!"
B002QZ1RS6,A269NM9FJCHNX1,Sonny,0/0,5.0,1336089600,2012-05-04 00:00:00,Excellent shipment.,"-Got the product right on time. Fast shipping and everything inside the box, perfect condition.<br />-I was hesitant that I wouldn't either receive it on time or that it would be damaged, but no mishaps here.<br />-I'm just glad I got it on time, because I heard Insanity is an excellent workout program (if your up for a challenge), so only time will tell now. WISH ME LUCK!! xD"
B002QZ1RS6,A2546ZJ9X4EL0H,"M. Stein ""book keeper""",0/0,5.0,1336089600,2012-05-04 00:00:00,INSANITY: 60-Day Total Body Conditioning Wolkout,"Insanity is the perfect name. I needed to get in shape and this product is a wonderful choice. It is a really, really hard workout, but it really, really works!!"
B002QZ1RS6,A20N52ZELBG1GA,Yvettah,1/1,5.0,1336176000,2012-05-05 00:00:00,"Definitely insane, definitely works","Im one month in and have burned off my love handles wichita have been there for years, no matter how good I dieted and no matter how much I excersised. The program has been tuff but it's already paying off! So glad I purchased it."
B002QZ1RS6,A2ZKL1JDYVTIMS,Sam63,0/0,3.0,1336176000,2012-05-05 00:00:00,Insanity workout DVDs,One DVD is defective. Took 4 weeks after I ordered the second time to receive DVDs.<br />I really like the workouts so far though.
B002QZ1RS6,A2WDCXBVQ7TS33,A. Fu,6/15,1.0,1336176000,2012-05-05 00:00:00,Don't buy it - DVDs may not work,"Got this set brand new, and some of the DVDs do not work - pain in the ass to get them replaced. Searched online and apparently many people have this problem with Insanity. If you give it as a gift, you have to make sure people know all your info so they can get the replacement DVDs if they'll even give them. I guess you have to just buy them yourself if you want them - and definitely don't buy through a 3rd party!"
B002QZ1RS6,A2LEVF78CJ4Q8Y,abitab,2/2,4.0,1336262400,2012-05-06 00:00:00,"So far, it is what it says it is.","Great product.  Believe the infomercial, believe the hype, believe you're gonna sweat.<br /><br />You should decide if a program and format like this is right for you and that you have the time for it before investing.  It is worth the money.  I'm just slightly dissapointed with the lengthy warmup.  I feel like I should be going hard for a full 60 minutes.  But this workout is tough and I do look forward to it finishing up. (Meaning, it's rough and I want it to be over.)  But the sense of accomplishment after each workout is completely & undeniably worth it and the results are unprecedent.<br /><br />Thanks!<br /><br />If you think you might be ready, you're ready.  You deserve this."
B002QZ1RS6,A18FGX77TIDV22,salahs,1/1,5.0,1336262400,2012-05-06 00:00:00,"Awesome home workout, the best actually!","the best workout i have ever done! its not easy! you really need to have motivation and determination to finish it off. and don't get deceived with month 1 because it is only a warm-up for the hell of month two, but trust me, it's worth it. i lost 25 pounds in the two months and am really seeing body definition i have never had. a must buy if you have enough space at home and an hour to spare a day. you will not regret it if you stick to it and to a decent diet! a healthy diet is crucial to a successful workout."
B002QZ1RS6,ATVTCRR1OWGDK,Jerry M. Welch,0/0,5.0,1336262400,2012-05-06 00:00:00,insanity video work out,"arrived on time, was in good shape and just what i wanted and as advertised. the insanity work out video was great and a good thing to have."
B002QZ1RS6,A1LXW3VD2F9RIU,just me,2/2,5.0,1336348800,2012-05-07 00:00:00,Insanity is fantastic,"Best workout DVDs I have ever purchased. I am so thrilled with the product that I recommened it to my coworkers. I let them take the workout home with them to try before they purchased. They both brought the dvds back and purchased the set within a week. I am 45 years old (female), my coworkers are 24 (male) and mid 30's (female). All three of us are doing the workouts with other family members. The recommemded nutrition plan is easy to follow and reconfigure to what everyone will eat. I call it a nutrition plan not a diet because I am eating all the time. After the first week I could see and feel a difference. Energy level was so much higher. I am seeing changes in the mirror but not on the numbers on the scale. I have increased my calorie intake by at least 800 calories a day and have stayed the same weight. Many reviews say the weight changes the second month.It is not an easy workout but you do get the results. The workout is very easy to modify to any level. I can not do all the exercises on the tape so I modify or jog in place during that part. You take a break when you need it and jump back in when you can. I recommend these dvds to anyone and everyone."
B002QZ1RS6,A2491EBVYJTU4P,studley,0/0,5.0,1336348800,2012-05-07 00:00:00,Awesome,"The hardest workout I have ever seen or done. Its awesome.  I want to do the workouts everyday, and I am really excited about it."
B002QZ1RS6,A2R7UVDOTZ6UWZ,Salyer,0/1,4.0,1336348800,2012-05-07 00:00:00,Blank DVD,"One of the DVD's has nothing on it.  Can we get another DVD?  Its for Day 3.<br /><br />So far, this has been a very good work out, we have enjoyed it.  However, without the one day we had to skip and move on and we are not sure that was the best thing for us to do.<br /><br />Thank you!"
B002QZ1RS6,A10V9J4F2DV0CY,gnahra,5/5,5.0,1336521600,2012-05-09 00:00:00,SHAUN T is the BEST. RESULTS ARE QUICK TO SEE TOO!,When I first started Insanity I was wondering what did I get myself into? Well this workout is addicting. I love it. I am on month two and only have a few weeks left. I started seeing results after only a few weeks. I am also watching what I eat too through myfitnesspal.com app. I am down 15 lbs and am to my weight I wanted! I am toned now too. I am 37 yrs old and I have had 4 kids and knew if I didn't change how I ate and didn't try this Insanity workout I was gonna keep gaining weight and that was not what I wanted.<br />I will tell you in the beginning you will have complete muscle fatigue from the beginning...but do not give up! You will feel as if you can't do this but you can! Shaun T is a great motivater too. At first I couldn't keep up with EVERY exercise in Insanity but you improvise and you just do what you can until you work yourself up to their(the fitness people) level in the video. By the end of the first month I was doing most all the exercises and could keep up. The only one I can't keep up with is the push ups..I can do them but not as many. I still push through and do what I can. When I started the second month of Insanity the MAX workouts..boy oh boy..I was so sore all over again..but it is a great soreness knowing I am getting stronger and healthier. I can't wait to finish this and get that t-shirt and I think I am going to try the P90X next. I recommend purchasing a heart rate monitor too. I love mine and now I know how many calories I am burning every time.
B002QZ1RS6,A3JU51L57IEIIZ,sarah,0/0,5.0,1336867200,2012-05-13 00:00:00,INSANE,"Insanity is ridiculous and awesome! I've only done 1 week of it and already feel amazing. I'm hoping to actually see results within the next week but I just feel incredible. The DVDs arrived very quickly as well, before I was actually expecting it. LOVE IT"
B002QZ1RS6,A2VB6C6NJUER3S,Zuleyca,1/1,5.0,1337126400,2012-05-16 00:00:00,I love my insanity workout,"This work out video is for you if you love to sweat. Dedication is a must. I like to go for runs and the gym, but I do not sweat as much as I do with the Insanity. I definitely give it 2 thumbs up."
B002QZ1RS6,AULDDIOHU5I60,Army mommy,6/18,2.0,1337126400,2012-05-16 00:00:00,No need for this kind of workout,"After my 3rd day of doing the Insanity workout, my opinion is ready to be shared. First of all, may I just say ""good for me"" because I can actually keep up pretty well with the crazies in the video well into the 3rd set. However, Ive decided that there is no reason why anyone (save an avid bball player, marathon enthusiast, or triathlete) needs to push the human body that much. Its the kind of workout my 5'8'' 115 lb former self would have LOVED for the mere fact that it is the perfect punishment for someone so chubby (I was warped in the brain). PS...Im currently weighing in at 135ish lbs, and thats just fine with me. While there are some really great super moves to be remembered and incorporated into a daily routine, there is just. no. reason to hurt the body the way Shaun T apparently thinks you should. Even the people who are in the video (and clearly in waaaaaaay better shape than I need to be) are literally screaming in pain to push themselves to the end. Why?!?! It's also kind of boring, to be honest. Its the same 5 or 6 moves over and over and over and over, and very little resistance training. Maybe when the zombie apocolypse happens I'll wish Id gone through Insanity as it was meant to be, but until then I'll stick with doing my favorite Insanity moves on a much more normal human level, P90-x, Jillian Michaels, yoga, jogging, and my friendly little eliptical."
B002QZ1RS6,A332SVUNHNT1TX,allie,5/24,1.0,1337212800,2012-05-17 00:00:00,horrible product,The ONLY good thing about this product was the nutrition guide which is definitely not worth the 157$ I paid for this. I am pretty fit and healthy already but I really wanted abs like the ones they advertise you get by doing this program. First they ask for waay too much money then the workout is not insane its ridiculous You are much better off paying 20$ a month for a gym membership and getting fit with regular excersize and the right nutrition best of luck with your goals :)
B002QZ1RS6,A22TX7KM2SHESX,Jane,5/5,3.0,1337299200,2012-05-18 00:00:00,Be careful,"I have been doing this for 3 weeks now, it's a love/hate thing but it works.  I feel so awesome when I am done - I am 45 years old and I modify and will never go at the speed that they do, but that is ok.  I am not in a competition with them, they just motivate me.  I see changes in my body that years of treadmill/elliptical never changed.  My daughter just started as well 4 days ago and she is noticing changes already.  It's expensive so be sure that you understand what the program is like - buy a few Jillian DVD's for $8 and try them to get you conditioned.  For me personally, it has been worth every penny.<br /><br />Update:  Reached Month 2, week 1 and blew my back out.  Didn't feel it while I was doing the work out but as the days went on was in more and more agony.  2 visits to the doctor, have missed 3 full days of work plus worked partial days the other 2 and had a MRI on Friday.<br /><br />Please be very very careful, I'll be honest, at this point I would just be happy to be painfree and be able to go for a walk never mind be able to do this workout.<br /><br />I was loving it while I was doing it but it would not take much to cause serious injury.  My MRI showed some bulging of disc and some disc disease.  Luckily I didn't completely blow out a disc but I am in such severe pain I have had to lay flat for days now and popping pain pills every few hours.<br /><br />Although it is an intense program and certainly brings on change, it can cause serious injury as well... modify ..modify ... modify...and when you get tired and you have lost all form, STOP."
B002QZ1RS6,A2LTQYW2HBLXV7,workoutguy,0/0,5.0,1337299200,2012-05-18 00:00:00,"quick delivery, product as advertised.","the delivery time was prompt as offered, and product was just as it was stated. good timing and product! recommended purchase if looking to get a great workout"
B002QZ1RS6,A2WFTL6YQO6430,Eric,4/4,5.0,1337385600,2012-05-19 00:00:00,60 Days - Minus 18 lbs,"Being very overweight, I was concerned I wouldn't be able to do Insanity. After the first 3 days, that feeling got stronger =). I kept with it for two weeks and started feeling more comfortable. The workout is great and the food guide is awesome. I've consistently lost 2 lbs a week, even when it was hard to to stay on plan (I travel a lot for work). Be sure to go at your own pace and not to push yourself too much. Some of these moves are high impact, so if you get sloppy from being tired you'll get hurt. I few of the moves I had to modify to make them lower impact because I didn't want to aggravate my knees or my neighbors below me (that means you diamond jumps). The second month definitely kicks it up a notch. Make sure you can dedicate some serious time to Insanity. The workouts are not short. Stick with it for the whole 60 days and you will not be sorry!"
B002QZ1RS6,AYRXJINTAZFHF,DKG,2/2,5.0,1337385600,2012-05-19 00:00:00,Preparing for Insanity & Calories,"I don't need to repeat the many reviews explaining how terrific Insanity is (they are right).  But I thought I'd add a couple of pieces of advice:<br /><br />1.  Preparing for Insanity<br />These workout DVDs helped me get into good enough shape that Insanity was doable (NOT easy, but doable without puking):  Amy Dixon's <a href=""http://www.amazon.com/gp/product/B004ZB92G8"">Breathless Body: The Ultimate Calorie Burn</a>; Paul Katami's <a href=""http://www.amazon.com/gp/product/B0041SPGDI"">A.S.A.P. Hollywood Bootcamp 4x4</a>; <a href=""http://www.amazon.com/gp/product/B003ULW77K"">Bob Harper: Cardio Conditioning</a>; and <a href=""http://www.amazon.com/gp/product/B002G4ZZZ8"">Jari Love: Get Extremely Ripped! 1000</a>.<br />In case you wanted a DVD to help you prepare, I'd pick one or two of these.<br /><br />2.  Calories<br />The Beachbody website will give you a calorie recommendation.  I found that for me--a very short woman--Beachbody's calorie recommendation was way too high.  I recommend calculating your calorie needs for a non-workout day by using the BMR/Harris Benedict equation.  Ideally, get a heart rate monitor to calculate how many calories you burn doing insanity (I found a big difference between month one and month two).  Add the two numbers, subtract 500, and use that.  The result was much lower than what Beachbody's website suggested.  Using this lower number, I was not hungry and I lost 15 pounds.<br /><br />Good luck.  Insanity really is a terrific program."
B002QZ1RS6,A2VNNFURJ55S4G,Hello,3/3,5.0,1337472000,2012-05-20 00:00:00,Absolutely Outstanding!!!,"My wife and I are both in pretty decent shape and this workout had us both sweating like crazy and our heart rates at incredible levels.  This workout is super well balanced.  Shaun T. times the length, type and arrangement of exercises perfectly to keep your heart rate up high while keeping mulitiple muscles working and never letting your core relax.  This is some of the best money I have ever spent and it is a super bonding experience with my wife.  I would highly recommend this to anyone looking for a challenging workout.  It is self-paced, which means you can adjust your intensity during the workout to whatever your fitness level is.  It also means that no matter how fit you get, you will always get a challenging workout from the Insanity program.  On a side note, I think that his workout assistants are robots, because I don't know how these people can keep going without slowing down throughout the entire workout!"
B002QZ1RS6,A3OTRB3G8WZAQ4,wildebeast,0/0,4.0,1337472000,2012-05-20 00:00:00,Ridiculous workout,"I thought i had an idea about the difficulty of insanity. The first day I was somewhat confident but 5 minutes into the workout, sweat was dripping off me. when the warm up was over i was standing in a puddle of sweat. The best thing about this program is that if you give all that you have you will see amazing results. It's the hardest workout you will ever do but if you have enough courage to try it you will get an amazing body."
B002QZ1RS6,ADSODVDYCQO96,nick,0/5,5.0,1337472000,2012-05-20 00:00:00,good,good i dont know what else to say about it was a fine product thats about all i have to say
B002QZ1RS6,A1MN0LBESVCSB7,happy customer,1/2,5.0,1337731200,2012-05-23 00:00:00,perfect!,A new product was shipped free of charge when no used products were available. I am very pleased and will look for this company in the future.
B002QZ1RS6,A12PBR7L8BWZFK,Pacer,1/2,5.0,1337731200,2012-05-23 00:00:00,Day by Day,"I am on Day 10 of Insanity and am 50 lbs overweight.  What I love about this program so far is that it will never get old in regards of applying the exercises/exersion to your fitness level at that given time.  So, I can get through the program at my level (which is poor right now) by modifying the exercises or just doing the exercise at a slower pace.  So, they may be doing 2 reps for my 1 at times.  And that's OK.  Shaunt T stresses constantly to do this at your own pace.  It even states that on the screen while you are working out.  You need to know the limits of your body and DO NOT go past them otherwise you will be injuring yourself and be completely sore.  Take it slow if you have to.  Noone runs a marathon with one day's training."
B002QZ1RS6,A3OAOW04RUITDV,matt,0/0,4.0,1337817600,2012-05-24 00:00:00,"The program is great, but only if all the DVDs work!","I am very happy with the working dvds, but several do not work and even after contacting amazon there is no choice but to send back the whole set. I started the program but now must wait for this to be delt with, next time just order from the commercials."
B002QZ1RS6,A1HYNFH2YB6N62,DixieVicki,0/1,4.0,1337817600,2012-05-24 00:00:00,Insanity workout,"The music function isn't working properly, when I choose the music, no music plays, and when you choose no music, Sean cuts in and out.  It's annoying.  But I workout with it everyday."
B002QZ1RS6,ADQ917V5X5GQE,dunbjos,2/3,5.0,1337904000,2012-05-25 00:00:00,Makes you addicted to working out.,I just want to keep going and going.  I have changed my lifesytle because of it.  It really makes you want to succeed.
B002QZ1RS6,A2CWRCTWLLEP8T,GSarge,2/3,4.0,1337904000,2012-05-25 00:00:00,Great Program... but not for everyone!!,"I bought Insanity a few months ago..I love love love this workout program.. The workouts are intense to say the least... I was losing 2.2 pounds a week.. At the end of the third week.. my knees flared up and the pain was unreal.. I could barely walk at times..I have NEVER had knee problems either.. I am 51, so that doesn't help!!.. Insanity is not for everyone, especially older folks. SO I took two weeks off.. I tried again very slow and easy.. two weeks later.. the other knee, same exact thing... I love this program. it is wonderful. but it can cause injures.. as someone forward me about.. I am doing my own exercise workout plan.. Shaun T is wonderful!! I really miss doing Insanity!!((..DO I think it works.. YES I do!!! If your body can take the punisnment!!"
B002QZ1RS6,AB35Y1RF2US4K,J. Camacho,1/3,5.0,1337904000,2012-05-25 00:00:00,Love it!,"This video is extremely well done and professional.  Shawn T. the instructor is a fabulous presenter with a lot of personality and a great teacher in keeping you motivated to exercise.  You feel as though he is in the room with you.  The videos are flawlessly timed and the variety of moves in each of the workouts keeps you from getting bored.  This is not for the causal exerciser though, get ready to sweat!"
B002QZ1RS6,AHBNU9LT5VFGP,"blkrean ""blkrean""",0/1,5.0,1337990400,2012-05-26 00:00:00,100% Insane!!!!!!!!,"The workouts on this is CRAZY!!! I was done by the end of the warm-ups. Im about 3 weeks into it and i can barely get through the warm ups without stoping. Guess i did improve tho, i couldnt do half when i first started. 100% recommend.......Get IT!!!!!"
B002QZ1RS6,A3OKCDN6W7J5VW,Dana,0/2,5.0,1337990400,2012-05-26 00:00:00,total insanity,Into the fourth week of this workout and it is awesome.  My boss has already done it and says phase two is even more insane and difficult.  Looking forward to the challenge.
B002QZ1RS6,A1RSDIUGRP2CF3,Jenright27,0/0,5.0,1338163200,2012-05-28 00:00:00,Insanity Workout,"This is an incredible workout that produces results. It's challenging and takes your full commitment, but the results speak for themselves. You will get results that are a result of the effort you put into this workout."
B002QZ1RS6,A287UOMI01PL3B,"Performance Solutions ""TGJ""",0/0,5.0,1338163200,2012-05-28 00:00:00,tjamison,"WOW! This DVD really is INSANE!  I love the workout, it is great.  You will have to be somewhat physically fit to endure the intense workout, but I really love the high intensity of the program. I haven't made it totally through the 60-day workout regime yet, but highly recommend it."
B002QZ1RS6,A2B4AX7HXUJ125,Joe,0/0,5.0,1338249600,2012-05-29 00:00:00,Great total body conditioning workout with no equipment,"I did several rounds of p90x which got me into awesome shape but I was not impressed with the cardio portion of p90x so I decided to ""dig deep"" with this program. Let me tell you this, the first time I did insanity I was dying on the warm-up. This is a serious cardio workout program that will skyrocket your heart rate and get your endurance level up. Now I hybrid both p90x and insanity with my workouts. P90x for the resistance and Insanity for the cardio. Awesome workout and Shaun T is very motivating in the videos and not annoying like Tony Horton and his dumb jokes."
B002QZ1RS6,A1NXPQY5JMB5IS,aussieb,2/2,5.0,1338336000,2012-05-30 00:00:00,Great Workout Program,I'm loving this workout even though it is kicking my butt!<br /><br />So to start I'm a 44 year old woman who has had 5 knee surgeries over the years - tore both my ACLs playing basketball when I was young and then meniscus tears over the years oh and I'm old! So I do modify some of the moves but it doesn't mean I'm not getting a great burn.  If you do have bad knees and aren't in shape I would recommend working on your quad and hamstring strength before jumping into this. The will help to protect your knees with all the plyo activity which can pound them a bit.<br /><br />I've finished the first month and saw great improvement in my cardio/fitness levels and am much more toned - haven't seen results on the scale yet. However I will totally admit I'm not being strict about my diet so not surprised about this - hey it is summer patio weather!<br /><br />As a person who played extensive sports all my life I love the Insanity style of workout. I get so bored just running on machines or biking - I need to be constantly changing things up so boredom doesn't set in. This does that and I find the time just flies by and I don't have time to think about how much I'm not enjoying it. I feel great when done - sopping wet after a hard workout always feels awesome and boy does Insanity delivers on that.<br /><br />So I'm actually excited about starting what seems to be called the hell month. These workouts will definitely be put into regular rotation even after the 60 days are done.
B002QZ1RS6,A3S1UUA838BIFB,Getfit!,0/0,5.0,1338336000,2012-05-30 00:00:00,"So far so good, WHY is t listedfor more on Amazin though??","Got it on the day i expected. Packaged nicly. No problems. I did the first day, which is just the FITNESS test and im already feeling it. I can definitely tell every penny will be worth it as long as i stick with it. I took my before pictures and i absolutely cant wait to see the results after 60 days! NOTTTT sure why were paying $15 more through Amazon when its listed for $119.85 on the beachbdy website. Kind of feel like im being taken advantage of. Anyway, i definitely feel like im on a ""runner's high"" i wouldnt reccommend doing this at night :)"
B002QZ1RS6,A2WNNVF4AAUMT2,W. Liou,0/0,4.0,1338422400,2012-05-31 00:00:00,A great workout program,"This is the first time I use a commercial workout program. I did a healthy checkup after just two weeks. My family doctor told me that my cadio diagram is excellent. He is amazing what I have done lately. Insanity is a good and complete workout plan with clear instructions. The manual for diet plan is also great. However, the important thing is to execute the plan consistantly and stay healthy."
B002QZ1RS6,A1DOV05PEXAQHJ,NikeHeadJX,1/1,5.0,1338508800,2012-06-01 00:00:00,Insane Insane Insane Kick your butt Workout!!!,"This is simple, If you work your ass off you will see results, it really really works...worth every penny!!<br />This program will help you now and for the rest of yourlife...Good Health has no price!!"
B002QZ1RS6,A1HKTXS00GRLNJ,Steiner,0/0,3.0,1338768000,2012-06-04 00:00:00,Crap bonus DVD,"Regular DVDs are perfect, however the ""bonus""  DVDs r homemade cut and copy clips that don't run together. The regulars DVDs are great though and the work out itself is intense!"
B002QZ1RS6,A3I0XMOMOY8XC2,"Sara J. Stricherz ""SaraInSeattle""",9/10,5.0,1339113600,2012-06-08 00:00:00,A Healthy Young Woman's Review of Insanity,"The staff at my work began doing this every morning.  I've been a runner for years, supplementing with weights, yoga and zumba, but honestly was starting to feel bored of it all.  Another day, another 5 miles kind of thing.<br />I am now pretty much obsessed with these videos and Shaun T.  P90X?  Tony's nothing compared to Shaun T.  (Tony makes corny jokes and acts as if things are harder than they actually are.)<br />MAIN POINTS:<br />1) I usually hate exercise videos.  I prefer the gym or the outdoors, and my other DVDs just sit there collecting dust.  Insanity is the FIRST thing I've done that's been worth it to ""just press play"" - you get a BETTER workout than going to the gym, it's compressed into a smaller amount of time, and it's not too easy.  Even the warmup is challenging and worth the minutes.  (I've been known to turn off videos during the warmup because I was so bored and unchallenged.)<br />2) Insanity makes you a better athlete all around.  It makes everything else seem easier (running, stairmaster, etc).  You're working all of your muscles and getting a great cardiovascular workout.<br />3) Ladies?  Want stronger, leaner, toned arms?  Do Insanity.  It's crazy how much they've changed for me in 8 weeks.  Yes, you're going to do pushups--but Shaun does all sorts of different varieties, so you're not just doing 30 regular push-ups.  He makes them fun.  (For example I like the one where your body is up in a ""V"" and your hands point toward each other; you do small bends.)<br />4) Because of Insanity, I've gotten into the habit of working out in the morning (you can run after Insanity if you eat a little something beforehand!), then drinking a protein shake for breakfast (I use vanilla Whey protein, frozen berries and water/ice in a Magic Bullet).  I feel so much better, have more energy during the day, eat healthier.  It's awesome.<br />5) Lastly: I've reaped the rewards from Insanity, and I've only been doing it 3-4 times per week!!  Yes, that's right.. most weeks 4, once or twice 5, but I've never done the full 6 days (it's hard for me to get up that early sometimes with my staff).  I also run a few times each week, but haven't stepped foot in a gym or touched weights.  I was already ""in shape"", and I've seen my body change.<br />I am stronger, leaner, feel better, and look forward to seeing Shaun T's face every morning.  He doesn't say anything unnecessary in the videos, and the order of exercises is interesting and fun.<br /><br />Buy it today, you will not regret it."
B002QZ1RS6,A2KXS18Y2WVQGV,Tiff,2/2,5.0,1339113600,2012-06-08 00:00:00,Incredible,I hate the workouts right before I start and  the first half of them but then I get excited and push through and every day I feel like I have conquered something amazing! The food plan is easy and healthy and probably something I could stick to pretty much forever. We are one month in and I have lost 10 pounds and several inches. I will be wearing a two piece bathing suit this summer for the first time since my honeymoon!<br />Insanity works!
B002QZ1RS6,A1EBH50CKMM3HJ,Carolynm650,1/1,5.0,1339200000,2012-06-09 00:00:00,Best Workout You'll Ever Have,"I am beginning my fourth week of Insanity and I am loving every minute of it! There is no doubt in my mind that this is the hardest and most effective workout video available. I was not in that great of shape when I started, but I already see a difference. If you do purchase this, don't be discouraged if you can't complete the workouts. Take breaks, but try your best and you will see results!"
B002QZ1RS6,A5QB354LKUXU,SamanthaL,0/0,5.0,1339200000,2012-06-09 00:00:00,Dig Deeper!,"I thought I wasn't going to be able to handle INSANITY but it turns out to be one of my favorite beachbody programs,for any of those considering BUY IT. You will love it, 30 pounds down and still losing. Dig deeper everybody!"
B002QZ1RS6,A1OH8JEI2MHHO8,Van R. Sikorsky,25/45,1.0,1339200000,2012-06-09 00:00:00,Unsustainable workout protocol,"This workout can and will get you in shape if you follow it.  With that being said the results achieved will most probably be very short-lived.  It reminded me much of basic training - yes you got in shape, but for how long?  There are many fat ex-soldiers, marines, etc, who were once in phenomenal  shape.  In order for a program to get more than measly star from me it must be sustainable in the long-term.  I would be hard-pressed to find the individual who maintains fitness on this program for long.  It is too challenging, and not for the average to above average fitness enthusiast as far as sustainability.  It can definitely get you in shape in the short-term.  However, you will have to look elsewhere for more enduring exercise protocols if you wish to maintain your level of fitness.  I am a member of the Armed Forces, and as I said it is much like Basic - gets you there, but the rest is up to a more enduring philosophy.  If you want to get in shape, and then fall out of it fast - follow this methodology.  If you want long-term fitness which will endure year after year then best look elsewhere.  Potentially, you could get in shape with this program, and then follow another program for the long-haul - but that frankly is doubtful.  Reminds me of the tortoise and the hare analogy.  Not saying turtles are fit, but you get the point.  BTW I did it for six weeks just for the heck of it - and can assure you it is not a long-term fix.  Good luck in your fitness endeavors."
B002QZ1RS6,A2M47SJ7WQL4Q9,Tina,3/3,5.0,1339286400,2012-06-10 00:00:00,"Strength, energy, confidence, motivation","I bought insanity almost 3 months ago from beachbody. The first week was challenging and very new to me, so i had more fun than i had in the second week since in the second week i knew what im going to expect and it scared me off. I sometimes wanted to cry right during the first 20 seconds. The second  month was very insane, longer and more effective but makeable since the first month trains you well. I finished the work out after 2 months and half because i had finals so i didn't do it for 5 days(second month) and also missed few other days(first month), but to be honest, for the first time i lost the inches around my waist that i had never lost doing any other gym work out. My thighs got toned too but still needs work. I didn't lose all my body fat BUT i absolutely feel strong and determined, both mentally and physcially. I started jogging for the first time in my life (I'm 20 years old). I had tried jogging and running before, never could go longer than 20 seconds and i had to stop and take a breathe. This time i could make it...all the way... it felt amazing. Mentally, I am more detetmined  now than before. I'm starting new thing that ive been always scared of doing ( new job, new classes [kickboxing, hip hop dancing], starting a better relationship, making new friends). This program makes you believe in yourself and the power that you can have. I'm 100% honest. I am not regreting my money. I will always remember the moment i saw Shawn T came on T.V said something quiet like this: ""this is a challenge and not everybody can do it, but if you think you can, then be ready for the challlenge."". that moment i told myself i have to show him that i can do this lol. AND I DID! YEESSS!! right now I am going to recover my body for 10 days and gonna start over the program. Hope this is helpful.. Thanks"
B002QZ1RS6,A2Z55IAJQ3EBB1,Insanityforlife,2/2,5.0,1339286400,2012-06-10 00:00:00,Life Changing,"Were to start!? As of today I'm on day 46 and have NEVER been so in shape. I have so much energy it's literally ""Insane"". When I first started Insanity I could barley do 15 push-ups. Today I did 45! And for the first time in my life my abs are showing. My endurance is through the roof. I would recommend this product to anyone looking to get fit. It's not at all easy though. You must be dedicated. You have to ""dig deep"" and find an inner strength. It's painful but so worth it!! And the results are AMAZING!!!!!!!!!!!!!!!!"
B002QZ1RS6,AMH1LQ494YZOU,Elena DeWeese,0/4,5.0,1339372800,2012-06-11 00:00:00,Awesome Service!,This product has a very speedy delivery and it was in excellent shape. The selling condition listed was exactly that in the product I purchased. I am very pleased with my purchase and will use this service if I need to in the future!<br /><br />Thanks so much!
B002QZ1RS6,A16167MQE7HBBQ,Bellasinger777,0/4,5.0,1339372800,2012-06-11 00:00:00,Like new,When I got the insanity workout package it really look new. Everything was in there that they said would be and it didn't even look used! It was packaged properly so my stuff would get damaged too!
B002QZ1RS6,A10L4KDS71ORER,Sweet Hot Mama,4/4,5.0,1339459200,2012-06-12 00:00:00,giving me the body I have always wanted,"So, I'm in the 2nd to last week of my Insanity workout and wanted to share my experience so far. I am a 43 year old female who has never been in shape, pretty unathletic although not very overweight - soft in the middle though, I've never had ab muscles and giving birth to two kids didn't help.<br /><br />I started working out in January with the Tracy Anderson Mat Routine, which I did for about two months. I started off using only 1 lb weights and worked my way up to 2 lb weights. Then in March I switched to Jillian Michaels No More Trouble Zones and did that for about a month, moving up to 3lb weights. Then I saw an ad for Insanity and decided I needed to do that. I am REALLY glad I started with the other videos!<br /><br />I have always hated JUMPING (i'm a ""need two sports bras"" kind of gal) and would skip the jumping jacks on the Jillian Michaels video, plus having virtually no core muscles of any kind is pretty prohibitive to jumping successfully, so that part of the workout has been challenging. However, now in the 8th week I am FINALLY starting to be able to do some comfortably even. I STILL don't have much in the way of core muscles, but it feels like that is also finally starting to change.<br /><br />At the end of week 4, I blew out my right knee, which had been heading that way for about a week. Fortunately I am trained in a therapeutic method called ""sound balancing"" that uses tuning forks to do energetic adjustments, and I was actually able to fix myself up enough to get through that. After the recovery week, though, I really needed a whole week off, for a few different reasons, so when I hit the 2nd part of the workout, I was pretty fresh.<br /><br />This section is really hard. I can't keep up. I still do girl pushups pretty much exclusively in any of the pushup exercises - that said, though, my shoulders are still pretty cut. Some days I just don't have it in me but I make sure I go through it anyway, even if it is kind of half-a*#ed - better to do something than nothing.<br /><br />I'm happy to say that the day I finish the workout series I will be headed to the beach for a week and for the first time in my life, I will be wearing a bikini! proudly! and I have Insanity to thank for that!"
B002QZ1RS6,A2501PRCPKJGJB,blondee264,1/1,5.0,1339459200,2012-06-12 00:00:00,Great workout!,awesome workout!  it really pushes you but you definitely feel the results.  easy to follow the program.  I love it!
B002QZ1RS6,A1224FEGXEK0D3,James K,2/2,5.0,1339545600,2012-06-13 00:00:00,An amazing workout that does not get old! 5 STARS!,"I love this workout.<br />I work from 6am until 8pm 7 days a week so this workout fits in my time slot and is very easy to grasp.<br />I am 6'2 and was 255lbs but not in bad shape since I move around quite a bit but this kicked my A$$ the first time.<br />I did the first month and then came down with the flu that lasted for 3 weeks and I found this helpful in the fact I started over and feel much better about my progress and think if your out of shape its a great way to go, and I also stretch during the days off for about 30min which helps.<br />I found the areas that need the most work like my lower back and I work those areas out after the workout a bit more to build them up.<br />I CAN'T SAY THIS ENOUGH... WATER WATER WATER DRINK A TON OF IT.<br />The correct diet in this program helps out a TON!<br />My personal feeling is I LOVE THIS PROGRAM but its not for everyone so don't waste your money if your going to half ass it.<br /><br />You will feel much better in week two and you will notice your looking forward to the workout.<br />The energy during the day is amazing as well (even though I work 11 hours a day) I can power through this.<br /><br />Lastly I can't complete the video at the pace they go and neither can they so if you have to take more breaks don't worry you will be able to go farther each week.<br /><br />AGAIN if you feel its too much do the first month and then do it again before you move on to the next set of workouts.<br />It worked the best for me!!"
B002QZ1RS6,ATDWCR3TKB6U,rebeccas,1/1,5.0,1339545600,2012-06-13 00:00:00,Insanity,Excellent product - lives up to its name!  Can't wait to see what the end result is as I'm in week 5 and seeing results already.
B002QZ1RS6,AJQ9H9R4CN0D4,poly,2/3,5.0,1339632000,2012-06-14 00:00:00,not for beginners,"This workout is not for beginners and it is very hard on the knees. I was very sore during the first 2 weeks, but I continued to push through until it passed. Be careful! I am 5'7 and weigh 155lbs. I have pushed myself do this and I have 2 weeks left and I still weigh the same, no change. After the daily workouts, I would get very exhausted and take long naps. Kinda disappointed, I will however repeat it again for another 60 days to see if I can get any results. Good luck>>>"
B002QZ1RS6,API2RCINKYOTK,Stephanie,0/1,5.0,1339632000,2012-06-14 00:00:00,Insanity order,"I received the product more than a week than expected and am very happy with it. It was in good condition but did make a weird noise in my television, so I tried another and it still rattled a bit. Overall happy."
B002QZ1RS6,A2EEJX6TJTJXZV,Jamie,0/1,5.0,1339632000,2012-06-14 00:00:00,Insanity,we received the video's extremely quick and to our surprise they were not even open. Very happy with the service we were given
B002QZ1RS6,AICJPIJ9WKP5T,Tony Tone,0/0,5.0,1339718400,2012-06-15 00:00:00,insanity,Best workout DVD I haver ever bought. This will wear you out and make you feel better at the same time. You know you have done something by the end.
B002QZ1RS6,A1NIDO6DOJC7TS,jazzr,0/0,5.0,1339718400,2012-06-15 00:00:00,Very pleased.,"Arrived much sooner than we expected!  Although the DVDs were purchased as a gift for one member of the family, there are three of them using these workout videos.  They like the challenge and the variety of exercises available."
B002QZ1RS6,A7H2XX8ISKBRV,TerrySanders,0/3,5.0,1339718400,2012-06-15 00:00:00,Insanity,Just got my DVD set in and everything is in perfect condition. It looks brand new and works great. So ready to get started and get some results!
B002QZ1RS6,A2K07M5CANSURG,Stella,3/3,5.0,1339804800,2012-06-16 00:00:00,"Good so far, but hoping to see more","I'm at the end of my week 3 and the process has been great. I'm always sweating when we're stretching right after the WARM UP. I never finish the workouts feeling hopeless, Shaun T is great at motivating and positively reinforcing your efforts. I'm at that point where I feel like I haven't lost as much as I should have, BUT I know it's only been three weeks. I FEEL more energized and fit, so I'm sure the physical results will soon show. I'm committed to trusting Shaun T to know what he's talking about and I'm gonna push through until the last day of the Fit Test.<br /><br />For those in question about the nutrition plan, it becomes easier to keep after about 2 weeks in my opinion. The first week, it's hectic because you have to go out buy some of the foods because you need to eat all fresh foods. The second, you realize how much you're eating and need to go out again to buy more (for me, I ran through eggs so quickly). This week, the cooking and eating feels much more natural.<br /><br />I am not currently taking the Results and Recovery formula nor Shakeology. I'm considering getting Shakeology for month 2 and see the difference. I'll put up results at the beginning of month 2 as well as the end result.<br /><br />--UPDATE--<br />I'm almost at the end of my recovery week and start on my month two. Just as a side note, but I always measure before I work out, about an hour after I eat so it's the most consistent measurements since your body fluctuates throughout the day. So far... my results have been: day 1/day 32/<br />chest: 35""/34""<br />waist: 33""/31""<br />gut: 38""/36""<br />hip: 37""/35""<br />legs: 24""/22""<br />arm: 12""/12""<br />weight: 155lb/145lb<br /><br />according to the US Navy Body Fat Calculator,<br />body fat: 31%/27%<br />fat mass: 48lb/39lb<br />lean mass: 107lb/106lb<br /><br />I'm so nervous for Month 2 but so excited at the same time! And to note, my stomach hasn't gotten leaner per-se, but I have noticed that it has become less dense (in other words, flabbier). My sister, who also lost about 20 pounds a few years back, noted that it's a good sign because you'll never get rid of hard fat so it's good it's breaking down and that it'll be gone soon if I keep working out. Anxious to post my last update at the end of round 1!! :D<br /><br />LAST UPDATE:<br />It's been a good month since I finished my first round. My results as of now (after one month of not doing the workouts everyday and a healthy diet but not as stringent):<br />chest: 35""/34""/33.5""<br />waist: 33""/31""/29""<br />gut: 38""/36""/35""<br />hip: 37""/35""/34""<br />legs: 24""/22""/21""<br />arm: 12""/12""/11.5""<br />weight: 155lb/145lb/135lb<br /><br />according to the US Navy Body Fat Calculator,<br />body fat: 31%/27%/24%<br />fat mass: 48lb/39lb/32lb<br />lean mass: 107lb/106lb/103lb<br /><br />went from ""obese"" to ""fit"" pretty happy with my results!! Still hoping to lose 10 more lbs though (or get flat ass abs; whichever comes first) so we'll see if I have another round in me. I know it'll be way harder to go from 135->125 than 155->135 so we'll see :)"
B002QZ1RS6,A1LIJM64G8FN9V,Vi1223,1/1,3.0,1339977600,2012-06-18 00:00:00,Not for people with Knee problems,"Insanity is a very intense and very good work out. However it is not good for people who have knee problems. I am very young, only 18, but i am a dancer and former long and triple jumper and naturally i have had some knee injuries in the past. While you can try to do the workouts and skip the ones that are high impact on your knees they, you would basically be skipping 15 mins of the entire 45 minute workout. No good. I recommend this to anyonw eho is physically capable because it really works. It's just not for me."
B002QZ1RS6,ASL79CTONYM7G,L. Smith,0/0,5.0,1339977600,2012-06-18 00:00:00,Awesome!,"Let me just say that I'm a runner and have been for approximately 20 years.  I've always been my same turtle speed no matter how hard I try.  That is 10-10:30/mile, generally anywhere between 3-10 miles 5-6x weekly.<br /><br />One month into Insanity and I'm clocking most miles under 9:30, several at 9, and many in the 8s!  My best yet was 8:17 during mile 2 of a 5 mile run (utter shock and disbelief - even got me choked up with tears).  I can't say I was 'struggling' at that pace, either.  My legs did it naturally and my brain had to catch up.<br /><br />Haven't lost weight but my clothes are much looser.  I was in decent shape to begin with but now my body is much more tone.  Love this program!"
B002QZ1RS6,A3K8H6DRXFY4P4,amazing work out !!!!!!,0/0,5.0,1339977600,2012-06-18 00:00:00,great workout,item was just as describe great purchased thank you so much .im in my first month and i notice my body changing specially my stomach and legs just what i was looking for .
B002QZ1RS6,A13EEFNC8X52EB,cityofapes,2/2,5.0,1340064000,2012-06-19 00:00:00,"My body has never hurt so much, in a good way","Please keep in mind that I never write reviews, but I have to write one for this.<br />Also note that I am a female in her early 20's, to help those out. I stand 5'7, and weighed 125lb when I started. I have never worked out in my life, never played sports. I ran occasionally but couldn't even finish a mile.<br /><br />I did my second fit test today, and I feel and look great. The first two to three days hurt my body so much that I could not even get up in the morning to go to work. But I also started drinking the P90X formula and everything started to get better. The first few days, I thought to myself, ""Wow, are you seriously doing this right now because even the people in this DVD look like they're going to give up"" Well I pushed myself. Two weeks in, my upper abs is toned and now my sides are getting toned as well. I have lost four pounds, and about an inch and a half off my waist. My shoulders look toned (they were kind of out of shape before), and I can even do a push up! I had no upperbody strength for the last 22 years of my life, but now, I can do pushups without getting on my knees.<br /><br />Shaun T really pushes you, and you often feel like he's your best friend encouraging you to, it may sound cheesy but, ""dig deeper"". As soon as I started Insanity, I started to watch what I eat, and it definitely shows on the days I do not eat well. I do not feel that same energy after each workout, and it just encourages me to eat better and keep up the good work.<br /><br />I will be updating this review upon my next fit test, but people, you can do it. I never thought I could get out of my size 4 jeans but now I can button a size 2. I feel great, I am starting to look great, and there is nothing wrong about it."
B002QZ1RS6,A302N9JL3MOPZT,Pete,1/1,5.0,1340064000,2012-06-19 00:00:00,Simply amazing! Great results!,This is my 7th day on insanity and I already have lost 2 pounds. Insanity is great I feel better and I am looking forward to more results. Shaun T pushes you all the way and is great motivation. The nutrition guide is nice and easy to follow. This is really well worth the money.
B002QZ1RS6,A2GFZ685Q61CHW,Melissa,4/5,2.0,1340150400,2012-06-20 00:00:00,Depends on your goals,"I started this work out thinking I could loose 15 maybe 20 pounds in the 63 days.I did Hip Hop Abs a few years ago and lost 40 pounds.I am on my 7th week of Insainity and to date have lost 3 pounds.I really busted my hump with this program and up till now thought it would pay off.Im 5 foot 3 and a half inches, start weight was 158,throughout the first month of the program I stayed at 160 so there was a 2 pound weight gain.I made sure to eat right and cut out everything that taste good ,today is my third day of week 7 and my current weight is 155,but that too fluctuates some days are 157.I really poured my heart and soul into this program and cant really believe that as much as I worked I still look the same.I Was so worried that I wouldnt loose what I need to that I added turbofire after the third week of begining insainity.So here I am doing 1 and a half to 2 hours of hard intense workout everyday,I will have to stop the program in 9 days for a vacation to flordia,so im sure there is not much time to loose much more.I took before and after pictures every 2 weeks and see no diffrence.Im not saying dont buy this program,I just want other Ladies to know that you may not get what you hope for with this one."
B002QZ1RS6,A1FSLS87IW4YGI,"Michelle8 ""Michelle""",1/1,5.0,1340150400,2012-06-20 00:00:00,Insane is right!!!,"I LOVE this program! It really made me a faster runner for my marathons, running longer and faster has become much more easier for me. Now I finally found something that beats running that I used to consider my lung burner.<br />Now running is my recovery exercise and Insanity is my lung burner<br />I was ready to take it to the next level or I should say comfort zone because I was thirsty for a challenge! This is really what I was looking for.<br />FORM is Extremly and insanely important! Everyone MUST keep in mind there is no professional next to you to let you know your form is improper and to tell you to take a break. You really need to listen to your body because you are on your own.... My form starts going out of whack when I reached ovber my limit, so I take my water break. He does say thru out the exercise not to compromise form, take your break when you need it because I do believe he knows this can be dangerous if your not careful.<br />I wouldnt recommend this particular program to anyone with back or knee issues until it is healthy again.<br />Thumbs up if your looking to step up. I especially HIGHLY recommend this to any runners who wants to get better time with their marathons!"
B002QZ1RS6,A30M80VUZWEG09,LauraMT,5/5,2.0,1340236800,2012-06-21 00:00:00,Not my choice,"I'm a 5'11"", 139# female who works out at the gym 5 days a week running, eliptical and weights.  I wanted this program as a break<br />from the gym and a way to build up my push up capability, etc.  The program is intense and had me sweating, no doubt.  However, I<br />started to bulk up in a major way in my upper back, arms, thighs, etc.  Rather than strengthening and keeping me sleek and tight..<br />I started to get bigger....not my goal!  Works well if you want a muscle-bound look but I'll stick with the gym!"
B002QZ1RS6,A1F8S84KX7PMF9,Eviebarbi,2/2,5.0,1340236800,2012-06-21 00:00:00,LOVE IT!! I RECOMMEND YOU TRY IT,When I first heard about Insanity and how hard it is. I never thought 5 mos. later I was doing it. It was a hard 1st month & I could not commit more than 3 days out of the 6 per week. I got so exhausted because I was out of shape. But 3 weeks ago I committed daily along with Atkins diet. My first week I lost 4 lbs. I will weigh again in a week (every month). The second week I lost 3 sizes from an 11 to an 8. I was happy to finally wear the cargo pants I bought new a few years ago that I could never wear (I thought someday and it's here now). I will post again after I complete the 90 days. I already have the Insanity Asylum waiting for me next! Then the combination of both Insanity and Asylum and P90x. I love Shaun T and how he pushes you. I love hearing his voice - such a motivator. I was glad to get a message from him today on how much he appreciates me & other people using his program here overseas on military duty.
B002QZ1RS6,A2YA3AHVVIIMXK,JazzyT.,2/2,5.0,1340236800,2012-06-21 00:00:00,Insanity,"So it's been a month since I purchased this video... And the result have been incredible for just a month... I have a month to go but must likely ill continue to use it... I've lost about 9lbs so far... Initially, I just wanted to lose 15lbs but I may try to go for the 20... My advice to anyone that does purchase this video is to be dictated in what your trying to do.. If you have to get yourself on a serious diet then do so... The results will be worth it... I'm 24 and this is the first video I ever purchase to try to get in shape... It's cardio 6days a week... It's worth every single cent!! Get this video if your really serious in trying to lose weight and get ripped!! :))"
B002QZ1RS6,A28H7QNXW1TG5L,Adam S.,1/1,5.0,1340236800,2012-06-21 00:00:00,The easiest way to work this hard.,"Here's the deal. Whatever your exercise regimen, it doesn't even come close to the insanity workout. I would dare say that THERE IS NO way to shed more sweat and burn more calories in as little time as plyometric activity, and that's essentially what Insanity is. I'm 20, and average activity level, (I did work out plenty before), and I thought I was in shape... I didn't even know what in shape was.<br /><br />Insanity is all about moving fast, and light, and controlling your body ever step of the way. While p90x has an emphasis on bulking up (I've done both), insanity is straight, dog-tired, cardio six times a week. The moves in this program incorporate many muscle groups at once, the result is COMPLETE BODY-DRAINING exhaustion.<br /><br />It is not a short cut. it is not easy. And it may be the hardest workout you've ever done, but it will also make you feel the best you've ever felt.<br /><br />I can't guarantee a complete body transformation in 60 days, but it's a set of a routines you can do for the rest of your life. It will keep you strong, and healthy.<br /><br />The only thing I can say against it is that the stretching isn't enough, not for the amount you work during this program. So do a few extra minutes of stretching (particularly after) and you'll thank yourself the next day.<br /><br />It works because it's about making YOU work your a$$ off virtually ever day. If you're lazy, this isn't for you. If you want to change your body, this has got to be one of the ""easiest"" ways to do it."
B002QZ1RS6,A2I9G283KMWV6U,Josette,0/0,4.0,1340236800,2012-06-21 00:00:00,insanity 60 day total body conditioning program,It's a good program it works if you stick to the program.  Even if you use it 4 days a week you still get results of course with a healthy diet.  I'm content with this product.
B002QZ1RS6,A21G7D4LHUO8HO,"David M. Schwartz ""the Doctor""",0/0,5.0,1340236800,2012-06-21 00:00:00,killer work out,"I'll tell you what. You'd better be ready to WORK YOUR *SS off. This will humble you if you're not ready. I've been throwing steel around for quite some time and decided it was really time to improve my over-all cardio system. After a month off from vacationing, I cautiously started out with the fit test. All I can say is, ""BE READY !!!"" YOU SET THE PACE. This work out is a killer. I love it !!! I'm 62 years old so I''ve backed off a touch but IT ROCKS !!!"
B002QZ1RS6,A3DSURBP7GVU5L,csullivan,0/3,2.0,1340236800,2012-06-21 00:00:00,Insanity,I'm highly disappointed because two of the extra DVDs don't work.  I was under the impression that like new meant all the DVDs would work.
B002QZ1RS6,A224PWBKLCMPR1,Steph,0/1,5.0,1340323200,2012-06-22 00:00:00,What a quick delivery and response to our request!,The product has been great when we received it in the mail it was still in the original packaging and almost like new. All the parts were still in the container and the delivery was almost two weeks early!
B002QZ1RS6,A2HCHD9O05QSTA,"B. Greenhouses ""Anonymiester""",1/9,2.0,1340323200,2012-06-22 00:00:00,"In home, but not mine.","I'm sure it is a great program.  I live in a rural area with no gyms nearby.  My home is the  only option; however, I live in a small farm house with only 8 foot ceilings.  Unfortunately, this is totally useless for me because of the jumping involved.  I'll be returning it and getting some band aids for my knuckles."
B002QZ1RS6,A21D2V7MA81WFU,Frick39,0/1,5.0,1340409600,2012-06-23 00:00:00,"Received as Described, Happy Customer","I ordered the product on Sunday morning, and received conformation that the product had been delivered to USPS by Sunday evening. The product arrived in a very short amount of time (by Wednesday morning), and I was able to begin using the workout DVDs that same day. Overall, I am very happy with this purchase, and would happily purchase from this seller again. The DVDs are just as challenging to complete as they are described to be, and I am looking forward to completing the 60 day challenge!"
B002QZ1RS6,A2ABYWU4Z1R4M5,A. Austin,2/2,5.0,1340496000,2012-06-24 00:00:00,Best. Workout. Ever,"Insanity is one of those workouts that I have a love-hate relationship with - hate it while I'm doing it, but loving the results. I was only able to complete 6 or 7 weeks the first time I did it (mainly because I was moving & I got out of my routine), but the results from just that time frame were awesome. I lost 21.5 inches throughout my body (3 inches from my waist, 4"" from the hips, 3"" from the chest, 8"" from the thighs, 1.5"" from the calves, and 2"" from the arms). I didn't see a huge difference on the scale, but my clothes were fitting so much better. I also felt more fit - I couldn't believe how far I had come since the first fit test.<br /><br />To give you some background: I have been overweight for most of my life. In college I lost a substantial amount of weight (around 70#) just from walking to classes. After graduating, I moved across country, took a desk job, and, you guessed it, gained a bunch of weight back. Prior to trying Insanity, I wasn't doing much fitness-wise - just walking and doing some workout DVDs (Turbo Jam) when I felt the urge, but nothing consistent. I'm proof that if you aren't already in good shape before starting Insanity, it can still be done. The most important advice I can give you is to go at your own pace and keep good form - don't be sloppy (you don't want any injuries!). Also, don't get too frustrated if you can't do all of the moves the first time around - you'll get there! Definitely keep track of your progress - for me the results along the way were just the motivation I needed to push play each morning."
B002QZ1RS6,A1FDHO88U315H6,ddd,2/2,4.0,1340582400,2012-06-25 00:00:00,TritonDave delivers!  Insanity is just that...,"To TritonDave (vendor),<br /><br />The order shipped quickly and on time - quick turnaround, love it.<br /><br />Got the DVD - yes, it's insane alright.  I am a little older than the crowd you see on Shawn T's DVD's, so I knew it wasn't going to be easy.  I've been through the FItness Test, Day-1 and Day-2 DVD's.  The fitness test kick my butt - no surprise, I am really out of shape (and old).  On the Day-1 DVD I got about 20 minutes in to it before getting dizzy and sick - but was able to finish watching what I was supposed to finish had I not got ill.  The Day-2 DVD destroyed my upper thigh muscles (I think the professional people call'em quads).  I am a little sore and walk with a slight limp now, but I am determined to make it through the first 30 days (and I will - at a slightly slower pace than Shawn T desires).<br /><br />They're not kidding when the spokes-people talk about sweating - you ARE going to sweat.  The 10 minute warm-up alone is going to make you shed weight.  I haven't sweat this much since my 16 weeks of Army basic training in Ft.Benning, GA.  I am not joking when I tell you that I am going to need a carpet cleaner at the end of this because of all the sweat I've been slinging on the carpet.<br /><br />Not sure how this particular DVD is selling for you, but you could do some up-sell on towels, water bottles, fans, giant work-out mats, carpet shampoo, wet vac's and salt tablets ;)<br /><br />All the materials showed up as advertised.  I really appreciate how quickly you delivered.<br /><br />Thanks<br />Ddd"
B002QZ1RS6,A7JH2BD8D7W3E,Chinkypanda73,1/1,5.0,1340582400,2012-06-25 00:00:00,Insane! But amazing!,"I tried multiple DVDs, workouts, and even personal trainers, with little to no results.  I bought insanity, and within the first two weeks, I have achieved results that would normally take 6 months! I am extremely happy with this program. As long as you give it your 100%, you will get 100% results!"
B002QZ1RS6,A15B63OETSEGM,ang05,1/1,5.0,1340668800,2012-06-26 00:00:00,excellent,insanity is such an awesome work out once you get commited and stick to your diet you will definetely see results. It is definetely painful but you will be sure that when you feel this you are getting a great work out and you will be in the best shape ever !!! I am one satisfied customer.
B002QZ1RS6,A3HNNNG65V34QP,Rick S,0/0,5.0,1340668800,2012-06-26 00:00:00,Fantastic!,"I love Insanity! I train anyway but find this really challenging! I look forward to getting home just so I can do it! It is not easy! You will work hard! You will feel like dropping and you will definatly sweat! But its well worth it! my partner noticed a difference in the first week! I feel better, I have more energy, and I am now getting in better shape! It is easy to follow and understand, and nothing in the programme is to complicated! if you just dig in and keep going I cant see how insanity can not help you achieve your goals! Its the best fitness programme I have done! I would recommend it to anyone!"
B002QZ1RS6,AKIQ16GUD2MTP,Aburbank,0/1,5.0,1340668800,2012-06-26 00:00:00,Just what I asked for,Showed up on time (and quick!) was able to start right when I recieved it. Great product in great shape!
B002QZ1RS6,A2DTAYMDZ1N37M,"S. Apell ""Quality guru""",1/3,3.0,1340668800,2012-06-26 00:00:00,Get Real,"I feel bad for those who are getting injured, it is  rather unfortunate ; but  you do realize that even swimming which is considered safest of all aerobic exercises will mess up your shoulder .. Or think about all  the potential of exchange of germs.  Weights make you stiff, running messes your knees, while cycling could get hit by a car and it works your legs only ... I mean you can find fault with any exercise program if you like. Just chose what works for you. This program is ok and does get you fit . I have lost nearly fifteen lbs after only three weeks. As one who has done cross fit, weights, running and boxing... I will let all those with one star rating complaining about injury that no matter what sport, exercise program you do, you will get injured even something as innocuous as golf.<br />The DVD sets come with warning to consult your physician before doing insanity. We all have different bodies and capabilities so I am not surprised that this does not work for everyone. Even those who say they did not lose weight ... I am sure they may have cheated on diet or if not maybe your body type just not go with  this diet plan...Dieting is a complex thing and to believe that one diet works for all of us is unrealistic . That is why I never go with diet plans I have my own plan (eat less, eat healthy, exercise more).<br />In conclusion, the reason I did not give it five stars and my advice is;<br />1. Exercises are too long... you can get better results for less time. However Shaun T does repeatedly ask you to rest and go at your pace ... don't try to keep to do evryth repetition ; i believe you can stil get results with a slower pace and less intensity. It is like weights if you went to the gym and saw everyone benching 300 lbs you would be foolish to try and keep up if you have never lifted above 100 lbs!! Exercise within your limits! Take it slow, dont be foolish follow the program but exercise wisdom and moderation.<br />2. Very little variety for stomach exercises: I think you will have to supplement with your own crunches.  Insanity does mostly planks<br />3.  Lots of jumping in insanity ... so get soft ground to jump on... avoid hard floors> leaping up and down on hard floors is asking for knee and back problems: be wise we are all built differently. OR just substitute jumping for something else like squats. Getting injured while jumping means that you knees cannot take you weight or your muscles are not strong enough .. so get into the rythm slowly dont be rush you may need more time.<br />4. Bottom LINE: Insanity is sixty day program... don't think it is long term. It's a good to have at home to change your routine. However have a long term plan after insanity. It's not for beginners CONSULT YOUR DOCTOR PEOPLE , before you begin. Devise your own diet plan"
B002QZ1RS6,AL18MV3HEGJJ3,Iknowmystuff,2/2,5.0,1340755200,2012-06-27 00:00:00,DEATH IN A BOX,"I will start this off by saying you must be insane to insanity. I worked out everyday, and I never get pain like I do when I push the play button insanity. Don't get me wrong, it awesome but please beware your joints and ligaments. Get ready to take a bath in WD-40 after you start this ;-) Did I mention it's AWESOME!!!!!!!!!!!!!"
B002QZ1RS6,A372814ZDZOX6J,M. Apodaca,1/1,5.0,1340755200,2012-06-27 00:00:00,Totally Addicted.,"My husband and I have done the entire program 2x and I am down 10 lbs and a full pant size and my husband has lost 30lbs in total. We are in good shape, excercise every day, so this was a great workout to get to take it to the next level and now we can't get enough of it. Now that we are done with the program we use Insanity 3-4 times a week to keep up our cardio endurance and we alternate with weight training on the other days. We are still getting great results and I love the videos.  Shawn T is motivating and when you are done with an Insane workout you feel so amazing. I recommend this workout system to everyone that is in decent shape and who is diciplined enough to stick to it but I wouldn't reccomend it to anyone who is totally out of shape or has knee problems. There is a TON of jumping and I think that a begginer would get frustrated and quit so it would be a waste of money.  I love it and give it 5 stars. THE best workout program I have ever done. If you buy it and do it, it is impossible for you to not see changes in your body."
B002QZ1RS6,A3TXIBKJBNPKX4,Sabrina,0/0,5.0,1340755200,2012-06-27 00:00:00,Awesome,This is an awesome program! I highly recommend it for anyone who Wants to do cardio and not have to buy all the extra weights or equipment it takes to use other programs.
B002QZ1RS6,A1MIKEQCQQPYVT,Jamie,2/2,5.0,1340841600,2012-06-28 00:00:00,love this (crazy insane) workout,"I am 26 and in great shape. I've been doing Tae Bo 5-6x/wk for the last 6 months and I would say that that workout (don't get me wrong, it's not easy either) was a great warm up for Insanity. I really don't know how someone who is not in shape at all could start out with this workout. It's very advanced and I would think it would be borderline unsafe for someone who isn't already pretty fit. It's ALL cardio, and very fast moves. But, for someone who is in shape, this is a great way to get in even better shape! I am currently on week 2 of the 60 day program. I couldn't walk for the first two days but now I feel great. I love having the workout calendar which tells you what dvd to do everyday, so I don't get bored doing the same one over and over. I like that you don't need any equipment to do it, and that it's only 30 minutes but it's still a GREAT workout. Bottom line: Insanity is just that; insane. It's fun though and I can tell it will work and burn fat fast. Be very careful when doing this workout, take breaks when you need to, and drink lots of water because you will sweat your butt off!!"
B002QZ1RS6,A1P4M070G1VDU0,shree dove,6/6,5.0,1340928000,2012-06-29 00:00:00,Know Your Limitations,"I've been seeing the TV ads for the product for some time now. I am a personal trainer and rarely am I intrigued by fitness products I come across in infomercials. I decided to purchase this product after another trainer told me that he found it both challenging and addictive. When it arrived I was convinced that I had just thrown away $150.00. I could not have been more wrong. This workout is truly insane. If you are honest and push yourself, there is no way you won't see results. Not only will you look good, but your body will preform better. In just two weeks my running has improved in almost every aspect. I am faster, more fluid and lighter on my feet. Shawn T is great and seems to love what he is doing. With that said, I do have a bit of bad news: THIS ROUTINE IS NOT FOR EVERYBODY.<br />A base level of cardio fitness is needed before one should even consider this workout. If you are not currently exercising with at least a moderate amount of intensity, you will not last long with insanity. If you have bad knees or a weak back you should not buy this workout. You must be able to do rapid jumping, drop downs and explosive lateral movements. You must also have an honest understanding of your own personal limitations and be willing to take breaks if your heart rate pushes into the red.<br />To summarize, this is an amazing set of DVD's for those who are ready to take it to the next level. If you are in pretty good shape and ready to get into great shape, then Insanity is for you. But remember, it is not easy and you must be willing to dig deep."
B002QZ1RS6,AYXV3TYKXQZ7Z,"Lisette Richter ""L2Design""",1/1,5.0,1340928000,2012-06-29 00:00:00,Day 11 Getting STRONG,"Keep a calendar on your wall and JUST DO IT. It does work. And dont get on the scale because the first 2 weeks your body will be making muscles and those muscles will burn off that fliggin fat. GREAT VIDEOS! Dont look at the time, dont think just do it."
B002QZ1RS6,AJTKCXGN220OP,Adam Montoya,0/0,5.0,1340928000,2012-06-29 00:00:00,AWESOME!!!,"This thing is definitely INSANE. I would recommend doing this if you are really wanting to make a change. I'm almost done with the first go around of this program and I have definitely noticed a difference. I've gained some muscle and lost some body fat. Now, I'm not exactly where I want to be, but that's due to some hiccups in my diet.<br /><br />I am very satisfied with this program. Dig Deeper!!!"
B002QZ1RS6,A1LBVHMZMNKCUQ,Dego-Dego,0/0,5.0,1340928000,2012-06-29 00:00:00,Insanity is Insane,Shipping Was fast and great. Insanity is intense and its no joke. You must give in deeper to get results. Am very satisfied with my product.
B002QZ1RS6,A16E8BQLG16N3F,advance,0/4,2.0,1341100800,2012-07-01 00:00:00,insanity,The product was suppose to be like new and several of the disc will not play well; movement hangs and moves at 1/2 speed. Not super satisfied. Also note that work out is great for the young but not for anyone that has hip or knee pain; too much jumping. Easy to modify at lower level but would not pay price if one has joint pain.
B002QZ1RS6,A335A8KPS9NBLH,Desi Dude,4/4,5.0,1341187200,2012-07-02 00:00:00,workout like crazy,"Finished a cycle of insanity. Tough workouts but enough variety to keep interest.I heard from some friends about it and was looking for something to pep up my workouts. I'm heavyset (yeah ok, fat) and in my yearly checkup my doctor asked me to get cracking or get ready for health issues as I get older. I'm in my 40's (early) and have been working out regularly- running, biking and yoga; however due to a health issue its very difficult for me to lose weight.<br /><br />My review of insanity: excellent set of workouts. Very intense, but working out many more muscles than run or biking. The max workouts are awesome- the max plyo being my toughest and favorite. I did not have any issues due to impact -even though i'm heavy. I loved the recovery workouts- really active stretching.<br /><br />My results, I only lost few pounds, but have really toned up overall. My chest is broader and my belly is smaller. My arms and legs got muscular and I feel great. I really enjoyed the workouts and plan to do them regularly- I now have 9 additional workouts to mix things up.<br /><br />Would I recommend this for you.? Absolutely. Intense fun workout that you can do in your living room or wherever - what more do you want?<br /><br />Tips: Find your pace and work within it. If you try to keep up with shaun t and the machines you will tire out fast and drag thru the workout. Get really good crosstrainers. Follow Shauns instuctions- its ok if you do a slow set while watching and learning first. Modify the workout if you need to. Enjoy the recovery - without complaining that working out is not recovery. Get a massage on saturdays after the workout during the second month and you will complain less. And push play every day..thats the hardest part."
B002QZ1RS6,A3USJE99FX23N2,Nobel4Lit,4/4,5.0,1341273600,2012-07-03 00:00:00,Puts all my other workouts to shame,"I'm almost done with the Insanity program (Day 58 of 63), and I am happy with my results.  I probably didn't have a lot of weight to lose, so I did stay the same throughout, but my abs are visibly flatter.  My abs, arms, shoulders, and legs all have more definition, and I am leaner overall.  So don't get too caught up in the scale -- if you do the workouts and not blow your diet, you will see results.  I didn't follow the diet plan but overall eat a pretty healthy diet and counted my calories and still saw results.<br /><br />The first month's workouts are around 40 minutes, which break down into a 10-minute warm-up, 5 min stretch, 20 minutes of the real workout, and 5 min cool-down stretch.  While that might sound like a lot of stretching, you'll be grateful for it -- trust me.  Most of the discs involve 3-4 minutes of intense activity, with 30 seconds of rest in between sets.  You get a recovery week in which you do the same workout six times and then start up the second phase.  Those workouts are about 55 minutes and are longer with combination moves.  It will feel draining at first, but you do get used to it.  A lot of the second phase is mental, so just keep pushing through.  The program is only 2 months...<br /><br />A couple of the discs run straight through with no break after the stretch, but don't worry -- not all the exercises are busters.  Just go at your own pace in the beginning and watch your form.  I managed to do this in an apartment and didn't cause the building to shake -- this comes by watching how you land.  Obviously, if you have chronic mechanical issues, you may want to consider modifying or not using this program altogether.<br /><br />I am definitely a convert when I thought I would quit from boredom, the required dedication, or difficulty.  I have run over 10 marathons and twice as many half-marathons, so although I thought I was in shape, this really pushed me to a new level.  I look forward to starting another round in a few months and in the meantime I will step up my old workouts because they are not gonna be the same anymore!"
B002QZ1RS6,A56IYPAYLQL24,"Charles Richer ""NewYorkdawg""",4/12,3.0,1341273600,2012-07-03 00:00:00,"BUY IT HERE, NOT AT BEACHBODY","I just spent a few hours of my morning trying to understand the billing process at Beachbody. I have always wanted to try the workout. I have P90X and felt a bit bored with the repetition exercise, and decided it would be a good idea to do the Insanity for a change.<br /><br />Like most of you, I came to Amazon first (God Bless Amazon) and found it on PRIME. Unfortunately, I hate to admit, my student budget didn't allow me to buy it this month, so I place it on my wish list and moved on. Burden by curiosity, I decided to log on to my computer again and visit the beachbody site, offering an easy 3 payments for the workout. Now that could workout.<br /><br />I proceeded slowly and inputted all my information, including my credit card number. At the check out, I saw a total of 76.85! That's right, they catch you on the shipping and handling for 24.95. Then the 11.85 tax didn't add up (even when I figured it out it was based on the total amount, including shipping and handling). I decided to wait. So I closed the browser before agreeing to the total amount--it would be much better to buy it at Amazon. Only, at the end of the day, i received an email Thanking Me for my order. It turned out, the moment you put in your billing information, you agree to buy the product, even if you do not click on the purchase button.  You also agree to TRY the workout for 30 days before you can cancel it. Shipping is not refundable and you will pay for shipping the dvd's back yourself!<br /><br />So my easy 3 payments stand thus: 1st= 76.85 (39.95 + 24.95SH + 11.95TAX) + 2nd= 39,95 = 3rd+= 39.95 for a Grand total of 156.75. SO this is the price for the workout in the end. Even Amazon, offering free shipping, does not escape the grand total amount in the end. Call it what you want, but the price is what the price is in THE END.<br /><br />Anyway, I made peace with that. It is not unusual for companies such as Beachbody to do this. I am just informing you that if you choose to do so in buying the workout, do it at AMAZON. At least you'll have the satisfaction to know they had to share profit with Amazon and returning items is very easy. I have never had a problem with Amazon, and I even began buying food here too. I just feel that it would be nice if they told you exactly what the price was instead of lying about it. If the workout is indeed worth the price, people will buy it. Now that I see the gimmicks, I am leaning towards this being a big SCAM than an actual workout. Shame.<br /><br />I just hope the workout is worth the money.<br /><br />UPDATE: NOW FOR A REVIEW ON THE VIDEOS<br /><br />When reviewing this product, two things come to mind: It Works, and it is NOT MAGIC.<br /><br />The exercises are intense and you must keep up with it if you want some results. Keeping up with it will inevitably give you results. However, the secret isn't in the exercise, but the diet. If you perform all the exercises, but do not follow the diet recommendations, this program will not work for you. The dietary recommendations are spot on, but following the diet alone, and going for a two hour intense bike riding (or running) will help you loose the same amount of weight and pop those abs out like a charm.<br /><br />There's some resistance in the workout videos but it is NOTHING compared to its cousin, P90X. If you're looking to loose weight, and can't stand biking, running, or swimming, and a few crunches every other day, this is the exercise for you IF YOU FOLLOW THE DIETARY INSTRUCTIONS. Do INSANITY in the morning and have a few beers with your buddies at night and you'll grow as large and as ""healthy"" as a killer whale. I have been doing the exercise with two friends and one did just that. I lost 5 lbs in one week (34 yr); Second friend lost 7lbs (26yr); Third friend gain 10 lbs (29yr). Anyone can do some Googling and understand why he gained that weight--it is not mystery.<br /><br />If you want to Loose weight and have definition, Insanity + DIET is your game, but you HAVE TO BE COMMITTED. If you want to bulk up some muscle NOW, P90X + DIET is your baby. I'm adding two more stars to my review, only because it is a good guide for those who can't bother with creating their own schedule and exercise routine and want results (again, providing they commit to doing ALL the work). I must admit the videos get boring, really fast. Second week I was blasting my IPOD to motivate me.  P90X wins for me because I can use the IPHONE APP, listen to my own groove, workout out at the gym, and when I finish each workout the pump is immediate, visible, and the exhaustion you feel is filled with wonderful accomplishment. It hurts, but you do love it. Jumping up and down in my living room in rapid succession isn't my game."
B002QZ1RS6,A1DJQ6CPY3U91A,Mattc,0/0,5.0,1341360000,2012-07-04 00:00:00,Exactly what I wanted,I wanted a workout program where I could do it from home on my own time without equipment. Insanity gave me exactly that and more. Very intense workout program but if you buckle down and commit to it I promise you won't be disappointed with the results.
B002QZ1RS6,A2B8DCY0MF2CQE,emerald,0/0,5.0,1341360000,2012-07-04 00:00:00,Awesome workout,Just started Insanity a week ago.  It is an unbelievable workout!  Cannot wait to see my results after 60 days!
B002QZ1RS6,A2B48GN9BJJYCD,Dooley11,0/0,5.0,1341446400,2012-07-05 00:00:00,Great workout,Product came in 3 days. A hard workout but if you push yourself it will be worth it. I recommend this to anybody that wants to get in to shape.
B002QZ1RS6,A1EQ7LXSHY48M0,famcoo,4/4,5.0,1341532800,2012-07-06 00:00:00,"INSANITY works for the skinny guy & baby ""pouch"" wife.","I was always the skinny guy who could eat anything and not gain weight/muscle. Contrary to popular belief this was not appealing to me growing up or now. To always be called names like toothpick, birdcage chest, stick arms/legs, etc is never fun. I tried what people suggested over the years like weightlifing, aerobics, specialty diets, etc and nothing worked. I eventually accepted my skinny fate and went on with my life. 7 years after my wife had our 2nd child she hadn't lost her ""pouch"" (fat around belly) and I actually developed a little one too! After looking in the mirror one day I thought to myself, ""Great, I look like a spaghetti noodle that swallowed a pumpkin!"" I wanted a change for me and my wife.<br />  I saw the infomercials for the INSANITY: 60-Day Total Body Conditioning Workout DVD Program and thought it looked interesting. After extensive research on it vs. all the other workout dvd's out there I decided to get it since the instructor, Shaun T, seemed very encouraging and because I wouldn't have to buy any ""extras"" like weights, bands, bars or any other special equipment or product. I got INSANITY from Amazon in less than a week of ordering and in perfect condition. Impressive indeed!<br />  My wife and I, at the time of writing this review, are on day 26 of Insanity. As the kids say, ""OMG!"" My wife's ""pouch"" has melted to more than half it's original size (let's say from pumpkin to cantelope) and her arms and legs have never been so thight, muscular and powerful. She is thrilled! As for me again I say, ""OMG!"" I have biceps, triceps, a chest that I can now flex, powerful thight legs and to top it all off I have ABS! Let me say again, I have ABS! I have never had anything like this in my life and to think it's only been 26 days! I can only imagine what we'll look like after 60 days. After seeing our results thus far our teenage daughter now does the program with us. Even our 7 year old gets in on the act and does some of the routines. It makes great family time! Oh, before I forget, there's a weight training dvd that came with our set. We're on a strict family budget so quess what we used for weights? 1 gallon water and milk jugs filled with water and cans (with the veggies still in of course)! Who needs a weight bench when a towel on the floor to lay on will do the same trick! We did buy 2 waist trimmer belts from Wal-Mart for $5 each so we still got results without breaking the bank.<br />  Well obviously we love INSANITY. I warn you it is a hard program to do but nothing worth while in life is ever easy to obtain. If you are like me, my wife or if you're trying to lose weight and don't have any extreme medical conditions or lazy conditions, I highly recommend INSANITY!<br />  P.S. I might do another review after 60 days to give you a full report! Thanks and God bless you!"
B002QZ1RS6,A1MTZ0XU97WNUU,Zack,0/0,5.0,1341532800,2012-07-06 00:00:00,Easy transaction!,I'm very excited to use this exercise guide! I've heard great things about it and cannot wait to start. I'm also glad how quick the delivery was and how the product was actually new for a great price.
B002QZ1RS6,A1DL2X3G1KDKLN,M.M,0/0,5.0,1341619200,2012-07-07 00:00:00,LIFE CHANGING,I was more than happy to try this workout. It's so motivating. WORTH IT! NO REGRETS you really need to try this work out!
B002QZ1RS6,A1YR77BFD6MF8E,Angie,0/0,5.0,1341619200,2012-07-07 00:00:00,THE BEST,I ordered Insanity and thought it would be mailed to me. Much to my surprise the links were emailed to me and I got them within hours. Super easy to down load with no trouble. Best product I've ever purchased!
B002QZ1RS6,A2VQSR4X6X12RH,Fit4Life26,3/3,5.0,1341705600,2012-07-08 00:00:00,Isanity,This workout routine is as advertised. Results may very. Easy to follow. Tip: After finishing one workout put the next days DVD in. Then all you have to do is press play. I'm in my 4th week and noticing some results. It's a total body workout. No gimmicks.
B002QZ1RS6,AKKOWZT01AQVK,me,0/0,5.0,1341705600,2012-07-08 00:00:00,insanity videos,These insanity videos were lots of fun and made me sweat the first few minutes into every vidoe.  Very hard in the beginning..  lots of fun.
B002QZ1RS6,A28DSZZDZX5L8R,Hani M.,2/2,5.0,1341792000,2012-07-09 00:00:00,An Insane Journey,"I have spent a lot of time trying to think of a better name for this workout, something other than Insanity, but no success.  I think one word that best describes this routine is ""INSANE"", and I have found myself screaming that to the TV and Shaun T.  As most people would say, I have a love/hate relationship with this workout and with the trainer.<br /><br />The Insanity workout is definitely challenging and most definitely not for the weak of heart.  In short simple terms - I love the routine and I love the workout, this was exactly what I needed.  I started my Insanity journey on June 25th, 2012 and have now successfully completed 2 full weeks and I LOVE IT.  I will try to post an update every two weeks and keep everyone posted with my status/progress.  Hopefully it will help someone to get started, since these reviews were a big deciding factor for me, specially from STORYLOVER.<br /><br />END OF WEEK 2:  I started off at about 242 lbs on day one and at the end of week 2 I did not see a huge weight loss but still saw some.  At my most recent weigh in I weighed 239, which i know is not a lot but still is enough for motivation.  I have not been as careful with my diet as I would like to be but I have been trying a lot.  The first couple of days were hell on earth for me, I could barely get through 30% of the warm-up, and could not gather enough energy to complete the last 8-10 minutes but I kept trying.  By the end of week 1, I was doing about 90% of the warm-up and completing the workout to the very end, well almost to the very end.  The last couple of days I have gained more strength, stamina, and energy to go through the workout and I feel myself getting better at it. Like I said before the weight loss was not huge in the firs two weeks but it was enough.  The pants I normally wear seem to fit a little more comfortably than usual and I feel a lot better.  My goal for the next two weeks are to try to do better with my nutrition plan and to push myself a little bit more everyday during the workouts.  My tips/advice to anyone starting off is that don't get demotivated in the first few days because you are not able to keep up.  Keep pushing yourself and you will see yourself getting better every day.  Don't follow the trainers speed, instead go at your own pace, keep your heart rate up, and take breaks as you need them.  I am really looking forward to the next two weeks of this workout and will update again."
B002QZ1RS6,A3M5AYP3NVL9E8,Ryan Bontrager,0/0,5.0,1341792000,2012-07-09 00:00:00,great,"Just like it was described, very good and and easy transaction. All discs were in great shape and have not had any problems with this product since i have received it. Shipping was great and received my order before it was stated the earliest it would show up so shipping was nice and fast."
B002QZ1RS6,A3AGGA5KQWDE7Y,Mapper,3/3,4.0,1341878400,2012-07-10 00:00:00,Insanity Worked for Toning but not for Losing Weight,"I am a 5'7"" 30 year-old woman with an athletic build.  I played sports throughout my childhood and adolescence, religiously lifted weights throughout college, and ate just as much as men because I burned so many calories being active.  When I started working a full-time job, I only worked out sporadically, sometimes taking a couple months to get back into a workout routine, and kept up my bad eating habits.  So in about 10 years, I gained about 40 extra pounds, weighing a total of 170 pounds.  I have been dying to try and stick with an exercise program that could melt off the extra weight so that I could get back to my college weight of 130 pounds.  So when I saw the Insanity workout on an infomercial a few months ago, I jumped on it right away and stuck with the full 60-day workout program.  I weighed myself each week as one way of tracking my progress.  I was disappointed every time I looked at the scale.  My weight kept flucuating between gaining a few pounds and going back to my weight when I started the program.  At the end of the 60 days, I hadn't lost a single pound... I was the same exact weight as when I started.<br /><br />Although it was extremely disappointing that I had not lost any weight from an intense workout program and eating a lot less than I used to, I did notice a difference in muscle tone in my calves and arms particularly.  I look a lot slimmer in photos, which is great.  I also feel like I have a lot more energy throughout the day.<br /><br />I think that a reason why I was not able to lose any pounds from Insanity is because of my body type.  The workouts were challenging, but because I used to be super athletic and strong, I was able to keep up with Shaun T. and his crew from the very beginning.  After the 60 days were over and I found myself disappointed from not losing any weight, I set Insanity aside and started my own workout routine where I'd alternate lifting weights and running.  I'm only a week into my new workout routine, and I'm happy to report that I'm finally losing weight!<br /><br />I am thankful that the Insanity program kept me on a tight 60-day workout schedule and toned my body, so I do recommend the program to those who need some extra help to get into an exercise routine.  I am skeptical, however, about people actually being able to lose weight from it.  For me, it didn't give me the serious resistance training my body needed to turn all my fat into muscle.<br /><br />So I guess to sum up my review of the Insanity program, some body types will get more or better results than other body types, but it's worth trying because you will at least get something out of it whether it's getting toned, losing weight, getting into a regular exercise routine, having more energy, or simply staying healthy.  Best of luck!"
B002QZ1RS6,A1G8X6Z4RS3BZN,Brittany,23/23,5.0,1341878400,2012-07-10 00:00:00,Chunky girl's review,"I hope the headline got your attention lol! I started insanity 1 month ago and am now on day 29. My beginning weight was 163, I am now at 148. I didn't follow the diet plan with this but ate very consciously the entire time (veggies, no sweets, protein bars, etc). I hate hearing these reviews that say if you are overweight or out of shape you shouldn't buy this, they obviously aren't overweight and don't  know how we can push ourselves too. I'll admit it was hard to keep up for the first week (even the people behind Shaun T can't keep up by the end, so I didn't feel bad at all as most of them look like personal trainers or robots lol). But the key is I stuck to it and didn't give up. By the third week I felt addicted to it and could keep up fairly well. By now I'm amazed at the difference from when I started, I feel more energized, leaner, and just more healthy overall. So I'm here to tell all you ""fat"" people out there that yes the workouts are hard, very hard. But if you watch your heart rate, drink plenty of fluids, eat right, and go at your own pace you will def see a difference!"
B002QZ1RS6,A382PLFYRTAUAI,Vans,0/0,3.0,1341878400,2012-07-10 00:00:00,Insanity - Unhappy with product,I bought the insanity 60-day total-body conditioning program and had no issues at all wih the DVD's or program until I got into the middle of Month Two and wanted to use the Sports Training Interval DVD and the Insane Abs DVD -- both of which do NOT work. I'm unhappy that I am not able to contact the seller in order to fix this problem. I spent a lot of money on this work-out program and now I cannot use two of the DVD's at all; I just want them to replace the DVD's for me. Otherwise the program is great and I have no issues with the DVD's.
B002QZ1RS6,A2TS5UBHCIFUH6,mathew brown,1/1,5.0,1341964800,2012-07-11 00:00:00,this will kick your butt,"If you want a hardcore intense cardio workout this is it. I am in pretty good shape but could not make it through any of the workouts initially. But that is okay, there is a set time to perform an exercise and if you last for 15 of 30 seconds than you just have a 15 second breather till the next exercise and everytime you can workout a little longer till you can keep up. With that being said you do need to have a certain level of fitness to get the most out of this. I would also not plan on doing any wieght lifting if you are following this program and doing it everyday. It would be to exhausting for the average fit person. But you could mix in a few Insanity workouts a week for cardio on your days off if you are an avid weight lifter. Sean the instuctor is in phenomonel shape and would like him to release a workout of what he does to mantain his size but I think that would step on Toney Horton's toes with his P90X series."
B002QZ1RS6,AHBWDL6CMJT9A,Melissa J,0/0,5.0,1342051200,2012-07-12 00:00:00,Luv it,I purchased this set 3 weeks ago and started it the day I received it in the mail. I LOVE it and HATE  it at the same time lol. Tis is a serious workout program which will elevate your heartrate from start to finish. I am only in month one still but so far I love it (I secretly hate it while Im doing it). Each DVD is approximately 40 minutes long. Quite a reasonable length of time. I sweat from start to finish. A lot of squats which I feel is firming my butt up. Cant complain about that.<br />Highly recommend.
B002QZ1RS6,A30DA3N6EK5COO,JP,0/0,5.0,1342051200,2012-07-12 00:00:00,Great!,"My product was delivered in the time frame I was told that it would. It was right on with the tracking information also. Once I got the product, it looked to be brand new and in great shape. So far I have had no problems whatsoever with it. Great quality! I'm very happy with my purchase and would recommend this seller to anyone."
B002QZ1RS6,A1HEJFRCZT08C0,relentless nyc,6/6,5.0,1342137600,2012-07-13 00:00:00,"It works, its tough, and you'll love yourself for doing it","INITIAL REVIEW:  Near end of Week 2 and the program has changed me physically already (I am doing Insanity coupled with a weight-lifting routine).  It is extremely hard - although I can now complete the warm-ups without stopping, I still can't keep pace with the people on the DVD and have to stop very, very frequently and can't even complete some of the moves more than 2 or 3 times.  Actually, there are some moves that I can't even do once without stopping the DVD to catch my breath.  I realize I haven't even gotten to the hard part (Week 6 onwards).  I am, however, now very inspired to change other things in my life.  Knowing that you have to wake up to do an insanely difficult exercise routine every day catalyzes a lot of changes - ranging from what you are willing to eat, how much sleep you need, how many beers you'll have - and how often you'll weigh yourself!  Already lost one belt notch and have gotten gasps at change in physique.  Will provide more updates.  If this program wasn't so hard, it wouldn't be so inspiring.  Can you imagine the importance of proving to yourself you can do something you didn't think was possible?  That's what I'm going for.  This wouldn't work if it was called ""Kinda Tough"" instead of ""Insanity.""<br /><br />UPDATE:  Halfway through Week 4.  Super inspiring and exciting to be doing this program.  Can now get through the warmups almost at the pace of the people on the DVD (during warm up only!) - this is a huge improvement over when I first started, but I still need to stop DVD during the rest of the workout to catch my breath (usually 5-6 times per DVD for 60-90 seconds each).  Still there has been progress!  Can't believe I wrote in my first update above that ""can't even complete some of the moves more than 2 or 3 times"" - that's not the case at all anymore.  I can do all the moves, albeit much more slowly than the people on the video.  Emergence of a six pack starting - or I can at least see where that six pack will be!  Resting heart rate has dropped significantly to levels that are considered very athletic for my age group. Although I'm getting more fit, the program feels harder than ever - probably because I was so far from keeping up with the pace during the first few weeks that I wasn't even close to doing the real workout (and still am not).  Core muscles developing in a way they have never done before.  Please note I am pairing Insanity with lifting (upper body) 2-3 times/week - pretty easy to do because I don't feel these muscles are drained too much by the workout.  That may be, in part, because I can't do good enough push ups during Insanity - I just can't keep up aerobically - so my upper body doesn't get the full workout of the people on the DVD.  I had been supplementing Insanity with other lower body workouts (weights, running, elliptical) - had to eliminate all of those because leg muscles simply could not recover fast enough.  I also throw in yoga 1-2x a week on top of Insanity.  The intensity of exercise program is leading to all sorts of other diet/lifestyle changes - simply don't have the same cravings for pasta or pizza or carbs anymore.  Actually holding off on meeting some people that I haven't seen for a few weeks so that I can get to the end of the program and see their reactions to my new physique.  Have lost about 1.5 belt notches since starting (I began Insanity with a normal BMI so was not expecting to lose a lot of belt notches).  Feel much more confident.  These workouts are way harder than training for the half marathon.  By the way, the women on the DVD seem to outperform the men (e.g., speed, number of reps/exercise), so this is not just a program for the guys :-)<br /><br />UPDATE:  Just started week 6, month 2.  Let me just say I had no idea how hard this was going to get in month 2!  In month 1, I could workout 4-6 times a week in the evenings after doing Insanity in the AM - its not that I was finding Insanity easy (I could still barely keep up) but I was recovering quickly.  Month 1 is what I expected and would have made me happy if it just ended there because it's a serious accomplishment in its own right.  Month 2 is completely different.  I've never done a workout this hard.  I can't believe I got through two days of it.  I'm back to stopping the DVD 10-15 times per workout for additional rests.  I feel like I need to seriously focus on pre-workout hydration and diet to get through each session.  That said, I definitely feel like i'm on route to being in best shape of my life.  Note: don't skip recovery week - you'll need it!<br /><br />UPDATE:  Just started week 7, day 1.  Recovered enough to start to add my weights and occassional run back into my workout.  Only stopped DVD twice on Max Cardio today (which, granted is much easier for me than Max Pylo or Max Cicuit) - but wow!  Never thought I would get here!  I think for once someone on the DVD took a rest before me!!  That said, pre-workout nutrition (and nutrition overall) has become critical.  Need to eat and pre-hydrate with Gatorade 45-60 min ahead of workout - no more water or Poweade Zero.  Overall I feel 10x better than before, more confident, calmer, higher energy, requiring less sleep, and less coffee.  Imagine I've lost about 10 lbs of fat and have gained 15lbs of muscle (I'm not trying to lose weight and am lifting 2x a week in addition to Insanity).  I now actively crave this workout.  What is most ""Insane"" about all this?  How much I have changed!<br /><br />UPDATE:  Week 8, day 5.  First workout without stopping the DVD (Max Circuit)!<br /><br />UPDATE:  Just finished the program today.  Feel amazing.  Can't believe I've done this.  Biggest accomplishment I've had in a while.  Didn't stop DVD once in the past week.  Just narrowly missed beating Chris on my last Fit Test, although my final scores now beat Tania and Chris's starting scores (which means I'm in better shape than Super Athlete Tania and Chris the Marathoner were when they started Insanity - not bad!).  Overall, this has been a wild ride and a great experience.  I'm stronger than I've been in a very long time, I have core muscles that I've never had before (I can do the incline sit up bench at the gym at its steepest height *with* a 35 lbs plate now, no problem), and I'm more aerobically fit than I've been since my early 20's.  For instance, I have run 7 miles on my Insanity ""rest days.""  My resting heart rate is down about 20 beats per minute and my blood pressure is down 15 points to low/normal.  I was on the thin side to begin with, but I've still lost one notch on my belt.  I now read exercises that are recommended in men's magazines (like ""jump rope for 15 seconds and rest for 45) and they sound like an utter joke.  I guess the only thing I'm worried about is what I should do next!  Probably Insanity again or Asylum!  Thank you, Shaun T.  This was awesome.  Kinda saved my life.<br /><br />UPDATE:  Started Insanity from the beginning again, immediately after finishing the whole program.  Month 1 work outs are now pretty easy for me.  There are still moments when I stop to catch my breath for 3-8 seconds during Level 1/2/3 drills or Ski Abs, but that's it.  The rest I just power through and mostly keep up with the team on TV and very often beat many of them.  So now I've been doing Insanity in one form or another for 11 weeks.  I was just told by a friend whom I haven't seen in a few months that I, literally, look 10 years younger.  I've tried to convince several friends to try Insanity and may succeed in a case or two.  They really need it!  Probably best thing is that my dad has seen my before/after photos and transformation and is now motivated to start this own exercise routine (Thank God!). Other people now claim that I have a six pack, so I guess I can say I do!"
B002QZ1RS6,A1DY1HCRU745HO,Amazon,0/0,5.0,1342137600,2012-07-13 00:00:00,Excellant,"This product is fun, rewarding, and a challenge. Overall it works great. The moves are east to follow yet can be challenging at any given time. After each workout I am thoroughly exhausted but feel really great."
B002QZ1RS6,A30M96HZP52GU1,Maggie,0/0,5.0,1342137600,2012-07-13 00:00:00,Intense,"This is by far the most intense-insane-workout that I have ever done.  Get a group of friends together and challenge yourselves.  You can't ""try"" Insanity.  You have to dig deep and commit to it.  So make the commitment and enjoy the benefits!"
B002QZ1RS6,A1BGTP4IQK4W6K,Amanda,10/10,5.0,1342137600,2012-07-13 00:00:00,Best investment ive ever made!!,"I'm at the end of week 1 and I can already feel the difference in my energy, strength, and stamina!!<br /><br />After seeing the infomercial for the first time I knew I wanted to try Insanity. After debating with myself, (because it's a little pricey) I finally ordered it.<br /><br />I'm 19 years old, overweight by about 80-90 lbs, and I've never been athletic. So I was a little nervous to start this program.<br /><br />Day one was the fit test and I could barely even keep up. My numbers were pathetic! This program is seriously crazy. It's constant movement to keep your heart rate up. What makes it hard is the repetitiveness. But when you push yourself you know it's for you. To be healthier, to feel good, and to feel better about yourself. It's mind over matter. Tell yourself you can do it, and you can.<br /><br />A year ago I was pushing 250 lbs. I started walking every day, eating less, and using The Biggest Loser workout videos. Within that year I lost about 40 lbs. But I've been at a standstill and needed something to push me harder. Insanity is my answer! I've always given up on every workout I've tried. But the Insanity calendar motivates me every single day because I wanna feel that feeling of accomplishment after checking that workout off.<br /><br />I hate hitting that play button every day, but when I've finished the workout I feel better than I did the day before. It kicks my butt, but I push through and give it everything I have. Worth every penny!<br /><br />(((UPDATE)))<br /><br />Here it is one month later and ive lost 10 pounds and 4 inches around my stomach!!! Seriously? Wow. I cant even begin to explain how much happier and healthier I feel. My arms actually have muscle to them!! My legs are stronger, my thighs are smaller and more toned, my back fat wings and love handles are almost completely gone! I can actually walk..or run.. up a flight of stairs for a long period of time withought being winded. I am in awe at how well Insanity works.<br /><br />I have never been more excited in my life to exercise. This program is honestly amazing if youre up for the challenge. Ive recommended it to so many people and I would reccomend it to anyone that is healthy enough to do this. So much jumping, lunges, and squats it definitely can be hard on the knees. I try low intesinty movements at times when it gets to be too much and its still given me results.<br /><br />Im scared of what this next month will look like but ill definitly be back to update once ive finished the program."
B002QZ1RS6,A1X817CV32XV2D,Chris Nero,0/1,3.0,1342310400,2012-07-15 00:00:00,Insanity copy,"Two of the copies are out of order, just when you start an exercise, it jumps to another. But still an effective workout program"
B002QZ1RS6,AXLFRBYJUHBHZ,brians505,3/3,5.0,1342396800,2012-07-16 00:00:00,Works,"Insanity works, its as simple as that. Prior to Insanity (31 yr old male) I was about 20 lbs overweight with a nice round tire on my mid-section.  I had been doing moderate weight training the last three years had gotten stronger overall but could not lose the ""beer gut"" even though I did do some cardio.<br /><br />After completing the program (stopped lifting weights), I lost approximately 17 lbs with a majority of that being in my mid-section.  My legs are far more muscular and toned which has helped me run faster and longer.  Before Insanity I could barely run an 8 minute mile, now, I can run a sub 7 min mile, and am able to run longer, faster, and harder. (Also for those with plantar fasciitis - which i have - it is a great way to do cardio that will not strain your foot - mine is actually almost healed).<br /><br />In order to maximize your gains, you have to go as hard as you can.  For example, I started the program with my roommate.  We were both in decent shape; starting out I was stronger but he was better at cardio. After completing the program, I can run longer and faster than him, I lost more weight, and am still stronger.  Why? Because I pushed my self harder than him.  How I know, when we did the program we both wore heart rate monitor and when we were done with a DVD, my average heart rate was 10-20 BPMs higher than him and I burned more calories.  It sounds corny, but Shaun T's motto of ""Dig Deeper"" really is the key. You have to push your self to get through those last few reps or seconds. I would recommend using a heart rate monitor to check your progress.<br /><br />The one draw back is that I have lost overall arm and shoulder strength.  Although you do do a great deal of pushups and other arm and shoulder exercise, I found that it does not offset the lack of weight training.<br /><br />The one Warning I have is if you live in an apartment complex and live above the first floor you may have problems.  There is a lot of jumping and other movement exercises that may wake or annoy your neighbors if you have thin floors/ceilings.<br /><br />(DISCLAIMER - in addition to doing Insanity I ran 1-2 days per week)."
B002QZ1RS6,ATLCEQ4U6SNNH,Jose1981,2/2,5.0,1342396800,2012-07-16 00:00:00,Changed my life!,"Insanity transformed me, gave me confidence when i look in the mirror, I`m enjoying my new body right now on a beach."
B002QZ1RS6,AVEUEQJ5FI1J1,"H. Nunez ""Sr Nunez""",1/1,2.0,1342396800,2012-07-16 00:00:00,knee problems...,i tried this for the first week aware of the knee issue other people were having being very cautious landing softly...i felt some discomfort but i was still able to do the work outs...i modified a few exercises but in the middle of the second week my right knee started to hurt and had a popping sound so i stopped even thou i can still do the work out and have no problems going up the stairs i dont think its worth risking it...maybe i'll give it a week and start doing this every other day...its weird i feel slimmer in my waist but havent lost any weight i was getting happy cuz i like being at 175 being 5'8... i still dont think this work out is worth the price thou and they should know the knee shouldnt go thru those workouts everyday....even recovery week i saw didnt seem to be much of a break....i did plyometrics from p90x and even added a 20 pound jacket and weighted 190 and didnt have this issue...
B002QZ1RS6,A18D020FPKANWF,Steven Suehiro,1/1,5.0,1342396800,2012-07-16 00:00:00,this is going to be intense and worth it in 60 days But you decide if it is right for you i update every monday so please read,"I just started today and i have to say this is goin to push you as far and as hard as you can go. i just did the fit test and had to pause it for 5 min b4 i finished the last workout. As i am 22 years old, 180lbs, 5'7"" im getting chunkey. I love to play xbox, so after work i usally come home (i work 2ed) and eat and play xbox until i got to sleep. This process over a year's time has made me gain 50lbs...yes eating b4 u go to bed really does make you gain weight. I have grown tired of looking in the mirror at myself so i knew it was time for a change. This workout is goin to be just what i need to feel better about myself. if you feel like you need a change in you're life join the insanity family today. i will update every week to tell you if i still love it lol. If you are reading this then u want to take the challenge i looked at it for weeks and never ordered it until i said enough is enough im tired of looking this way so just dig deep and buy it you wont regret it. next update on 7-23-12 :)<br /><br />UPDATE 7-24-2012**<br />WOW... this is intense  the first 4 days literally hurt lol i am still on 12 hr shifts at work but have just enough time to do insanity. When i had my break sunday i was thanking the lord lol. This week im not sore at all so i kno my body is changing gettin better. In this workout i see now that every thursday isent really a workout it is mainly streching so its a kind of break. so go all out mon tues and wed break thurs all out fri and sat off sunday then every 15 days you do a fit test so next mon is goin to be easy. i have lost 4lbs (down to 176) and cant wait to loose more lol. i really dont follow the eating guide to the T. i just stopped eating out and eating bread. ill break down my meals a day for you just because you are still reading this lol :)  meal one protein shake Immediately after work out 3 hrs later,(meal 2) home made grilled chicken salad (diced carrots romainen lettice pickles and banana peppers and 4 tsp thousand island dressing (yuuummm) 3 hrs later (meal 3) either another shake or 6oz lemmon pepper salmon (mmmm) (meal 4 & 5) i am usally at work so i eat some broccoli/carrots and spinach/asparagus, 1 apple and a pickle(i love pickles) for the last 2 meals cause im trying to loose weight not gain it and its hot where i work 95-110*f  so its hard to eat. ALSO i drink 1 gallon of water a day it helps with the workout too. When i started doin it i wasent as sore and felt better  hope this helps i will update next monday :) (7-30-2012)  thanks for reading  and buy insanity!!!!! you wont regret it!!!!!"
B002QZ1RS6,A1A1JPK9AZCY81,Karen Wright,0/0,5.0,1342396800,2012-07-16 00:00:00,A truly INSANE workout!,"The Insanity Workout is just like it says, insane!  My husband and I have done the P90X workout, and decided to give this a try, and it is MUCH more intense than P90X.  My husband is in very good shape, and this workout is kicking his butt!  Say nothing for me, I don't think I will master these workouts within 60 days, it may be more like 6 months before I can even come close to keeping up with exercises on this dvd set.  Which is great!  It will challenge me for quite a while, so you definately get your money's worth!"
B002QZ1RS6,ATMWLQ0UKCUBC,Bunny,0/0,5.0,1342483200,2012-07-17 00:00:00,OMG,This is a great work out.  I am out of shape and it is an extreme challenge.  I felt the warm-up was the work out it the beginning.  Great DVD!
B002QZ1RS6,A1SFT0TWV82137,LA Jay,3/5,5.0,1342483200,2012-07-17 00:00:00,"Great Program, not for beginners","Ok I first went to the low ratings, like I do for everything I purchase because I like to hear the cons first.<br /><br />Just like any exercise regiment there is an element of risking injury.  With that being said, this exercise is great for people who are average to fit and want to be ""athletic"".<br /><br />Of course beginners can use this program, but please MODIFY the movements.  If you are OVERWEIGHT and LAZY, take it easy at first... I also recommend a joint support formula... I'm pretty fit and I still use one.  Don't be cheap on your body and your health.  You'll end up paying for it later (through medical bills and pain). Take care of yourself NOW!<br /><br />I have several Beachbody programs and I mix them up... (for those that find this program boring).  In fact, I wouldn't listen to those reviews of being ""boring"" it is most likely a review from someone struggling to exercise and change their lifestyle in the first place.  I imagine one of those ""I need to lose weight"" and nagging about it for the past 10 years type of people. &lt;- Got get one of those electric belts that ""shock"" you into a six pack... haha You guys are so lame!"
B002QZ1RS6,A2B11M9SUSG4LT,sshell,0/1,4.0,1342483200,2012-07-17 00:00:00,Happy to have my Insanity!!,"Thank you so much for my videos love them, it took a while to get the videos but i think thats more the postal services fault than this seller she sent it next day. My only complaint with the product  is it wont play in all dvd players. Can only be played in my xbox. My normal dvd play cant read that anything is there :( But very happy to have it"
B002QZ1RS6,A1I61T0VRK0JKQ,"leykis101 ""leykis101""",18/35,1.0,1342483200,2012-07-17 00:00:00,Hard? Yes. Boring? Yes. Waste of money? Yes. Don't believe the hype.,"So, like many of you here, I watched the infomercial and was inspired. I really thought that Insanity was the fitness program I was looking for. No equipment needed, and look at the results! So, I laid down the cash and bought the program.<br /><br />I am a fairly active guy who plays hockey and goes biking at least twice a week. I work at a desk job and really enjoy getting out and moving on the weekends. I was hoping that Insanity would really give me an edge and help to build my endurance. The fit test quickly shows you that you're far more out of shape than you think. Disc by disc and day by day, I found it a huge challenge to even get through the ""warm ups"". So yes, the program IS challenging. I'm not disputing that. Clearly even the pros in the video had a hard time keeping up.<br /><br />My dispute is that people are paying in the neighborhood of $200 for some guy to tell them to do variations of basic cardio moves at a vigorous pace. That's the only ""secret"" to Insanity. Do jumping jacks, jogging in place and push ups as hard and fast as you can for 30 minutes straight. The program gets old quick. I could do this all for free. And it's not very practical to use in your living room if you have any loose items on shelves. I got tired of knocking things over and vibrating everything. Also, get ready for rug burn.<br /><br />At the end of the day, I have more fun and stay motivated to work out harder playing hockey or biking for a few hours on the weekends than I did with insanity. Sure, if you're someone who hates actual activities, needs someone telling them to stay motivated, or are some body building wannabe freak, I'm sure this program is fine. But if you like to compete and have fun, this isn't the program for you. I could not keep it up and sold it off. Too boring and too much money. The infomercial really makes it out to be some hardcore experience. It's just a workout.<br /><br />To paraphrase ""Eastbound and Down"" charachter Kenny Powers, "" I like to play a real sport, not be the best at exercising! "".<br /><br />Think twice about this investment. You may as well just make an audio recording of you screaming ""PUSH! GO!,"" and ""BUTTKICKS! JUMPING JACKS! HEISMAN! ""  than buy this. If you're into that, great. But if you like competing and being outside, pass this and go join a club sport or go biking or jogging for free. You'll have way more fun."
B002QZ1RS6,A39IUJUOFULSF6,reteam,0/2,5.0,1342569600,2012-07-18 00:00:00,great workout and received on time and in good condition,"I received this product on time and in perfect condition.  I order a ""like-new"" and the product was actually brand new and still had the plastic seal.  I completed Day 1 this morning and while it was hard I am looking forward to tomorrow's workout and getting in shape."
B002QZ1RS6,A396INBWJNS423,abbridges,0/3,5.0,1342569600,2012-07-18 00:00:00,excellent condition,excellent condition. We got pregnant and now im skeptical to do it! but when i was using this video i really enjoyed it. hard work but the results come.
B002QZ1RS6,A2SJP7W3YIN3UL,PhilaPhan215,6/16,1.0,1342569600,2012-07-18 00:00:00,"Great Shipping, Poor Quality Fake Product","Seller shipped item immediately, and was received promptly, however looking at the product something appeared to be off. I didn't think much of it, but as I used the DVDs they would skip and freeze. I returned the DVD package back to the company and ordered directly from the manufacturer (beachbody). It wasn't until I received the new order that I realized that the item I had previously purchased was not a ""like new used product"" but a bootleg. For as great of a program that Insanity is get the original and let the company make the money they deserve.<br /><br />Insanity itself has been great, really intense and results are immediate. Hard on the knees but just know how to pace yourself. As Shaun-T says ""Keep it Safe!"""
B002QZ1RS6,A8C46EPDK4U1L,HuskerFan,0/7,2.0,1342569600,2012-07-18 00:00:00,Half the videos didn't work,"I'm giving this review half the stars because half the videos were scratched, skipped & not useable. Should be listed as ""used like used"" not ""used like new""."
B002QZ1RS6,AGRTFC85UN0YS,Sean J. Borgen,5/19,1.0,1342569600,2012-07-18 00:00:00,The only thing that's insane is the price,"$144.00?? Are you serious??  This set isn't worth a quarter of that. Maybe if the DVDs were made out of gold or platinum, but they're just plain old DVDs.  Think about this:  a movie like Terminator 2 cost millions of dollars to produce and you can buy the DVD for $10.  These DVDs cost nothing to produce;  it's just a bunch of people working out in a crappy gymnasium, and yet they want to charge $144??  Don't make greedy execs at beachbody rich;  boycott these DVDs."
B002QZ1RS6,A24IL425Y2BPRN,Nirmal Kirit Patel,0/0,5.0,1342656000,2012-07-19 00:00:00,great product and transaction,"great product and transaction.  I have started the workout and the results are believable.  It is a hard workout, but if you go through it, it is enjoyable."
B002QZ1RS6,A4PDIHHDTIS0Z,J. Lowman,0/0,5.0,1342656000,2012-07-19 00:00:00,Great insane workout!!!,"Very good cardio workout, not hard to follow and the overall design is easy to do. The INSANITY part comes when you keep up the pace!!! I really like doing the workouts every other day and do it at my own pace. I can really feel a difference and have done the workout for about 3 1/2 weeks so far. My wife does the workout every few days along with going to the gym and other workout videos but likes the cardio."
B002QZ1RS6,AASU5G8D47OLT,cathyd,1/1,5.0,1342742400,2012-07-20 00:00:00,perfect!,"Exactly what I needed. Total body, challenging, convenient, effective. Feeling great after 3 weeks! Well worth the cost vs paying exorbatant gym fees."
B002QZ1RS6,A107O8BJXKD78N,Jay Peterson,0/0,5.0,1342742400,2012-07-20 00:00:00,Awesome!!!,Insanity is a great product and easily one of the hardest workout videos there is. It's great investment and I'd easily recommend it to anyone trying to get into shape.
B002QZ1RS6,A1O43XW9J2YT93,Minervaa,0/3,4.0,1342742400,2012-07-20 00:00:00,Great product,Got it on time and in ok condition. A couple disk were a bit scratchy. But other than that it was fairly good.
B002QZ1RS6,A3LN9HIUFQZFOG,"JPT ""Fit Dreams""",4/4,4.0,1342828800,2012-07-21 00:00:00,Do Pilates to recover from Insanity = No Injury or Excessive Pain.,"I am a practitioner of Pilates for 5 years.  I have done no other real exercises in my life except that.  I have just started Insanity last week.  I was amazed to see I can keep up with the workout and have no problems pushing as hard as I can through it till the end. I rest but not as much as I thought I'd have to.  A regular Pilates regimen coupled with this program will give you amazing results.  Insanity is the ying and Pilates is the yang.  While insanity slams your body and tightens it up, regular Pilates lengthens your muscles and repairs the damage done by Insanity.  They are the 2 most complimentary activities I can find.  My body looks different in 1 week and I am dropping serious weight.  I have steel plates all through my ankle and have had bad knees from being a plumber in the past.  My recovery is virtually immediate and I have experienced NO joint pain, lower back pain, or pain in my ankle.  I attribute this all to the conditioning of Pilates.  I feel amazing and won't get hurt by Insanity.  This is the ticket friends.  If you really want to get the most out of Insanity, do a Pilates mat workout 2- 3 times a week to balance it out.  Truly amazing.  Shaun T is missing a bit on the stretching and cool downs, so Pilates after the Insanity seemed a natural thing to me.  Thus the 4 stars.  I FEEL AMAZING doing the Pilates after Insanity. Pilates returns my body to a relaxed, flexible and pain free state.  I can not tell you how important it is to do this.  BTW, I am a 39 years old male and getting younger every day.  TRUST ME, TO AVOID ALL THESE PROBLEMS OF JOINT PAIN AND INJURY - DO PILATES ALSO!!"
B002QZ1RS6,A1D1MIFRSG50Y3,Mike S.,4/4,5.0,1342915200,2012-07-22 00:00:00,"Great workout, but probably not for everyone","Anyone reading this has probably seen the infomercial and researched this enough to get an idea of what it is.  It is a high intensity program that focuses on cardio.  It is very hard, even if you are in shape to, to get through.  In the base set there is no weight or resistance component to it (aside from lots and lots of push ups, and some triceps dips).  All the resistance moves come using your own body weight.<br /><br />Pros:<br /><br />1) No equipment needed aside from a good pair of shoes, and maybe some floor mats.  You do not need dumbbells, a chin up bar or anything else.  You do want to have or get a good pair of cross training shoes though.  A lot of people wear running shoes doing this, and have lots of issues with pain or twisting their ankles.  Running shoes are good for landing, but not plyometrics. They do not have the lateral stability to hold up when doing repetitive plyo exercises.<br /><br />2) The workouts are relatively short.  In month 1 they are all under 45 min, and in month 2 they are all under an hour.<br /><br />3) The 60 day duration.  I have done p90x and doing the same workouts for that long a time just gets boring.  This is the perfect amount of time for a DVD workout series to last, and then you can decide to either re-do it or move on to another one be it P90x, P90x2 (also a 90 day workouts but has different workouts in each month) or Insanity Asylum.<br /><br />3) You cannot outgrow it.  As you get in better shape you can go faster and take less breaks so it should never get easy.<br /><br />Cons:<br /><br />1) This is not really a program for beginners.  Even the people in the videos have a hard time keeping up and have to stop and take breaks.  If you have never worked out before or have gotten out of shape after a long layoff, I would suggest easing your way into this.  Yes you can do the moves slower and take more breaks when you first start out, but there is really no way to modify the moves to make them easier like you can with other programs.<br /><br />2) It is very high impact.  You are jumping and doing a lot of side to side movements in every workout, so if you have knee and/or back issues this is probably not the workout for you.<br /><br />3) If you like to lift weights you will probably need to sub out either the recovery workout day or the rest day to do some upper body lifting.  With all the squats and jumping you will be doing in Insanity you will probably not have to do much of a leg workout, but for people who can't go without lifting Insanity itself may not be enough.<br /><br />On Amazon, the price.  $144 is way too much, and I have heard about some of the ""third party"" sellers selling faked bootlegged copies.  If you are going to purchase on Amazon make sure it is being fulfilled by beachbody which is the actual company that makes it.<br /><br />Ultimately the best workout for you is going to be the one that you can stick with.  Insanity is a good, but hard program that works if you do it.  Like any workout, how well your results will be are going to depend not only on doing the workouts as hard as you can, but also in large part to how you eat.  Insanity does have a good nutrition guide to use as a base, but you may need to adjust your caloric intake to get the best results (and for many people that means eating more calories because the workouts are so intense).  The main thing is you have to be following some kind of nutrition plan because if you are eating like crap, or on the other end of the spectrum not eating enough, the program will not give you anything like the results of the people in the infomercial."
B002QZ1RS6,A2CJOSCZZW3RZZ,jenn g,2/2,5.0,1342915200,2012-07-22 00:00:00,buy this workout,"Great workout. Never thought that I would get though the first five minutes. The sweat was pouring off of me. On the 3rd week and its not getting easier,but I lost 12lbs already. totally worth the money. cant wait to see what i look like in 60 days."
B002QZ1RS6,A33Z5S1U4DHDA6,M. Pestonji,1/1,5.0,1343001600,2012-07-23 00:00:00,43 year Old beginner of INSANITY!,"As mentioned in my title, I am 43 years old, roughly 30 pounds overweight and am eager to get back into the same shape as when I was 25. This is the very first fitness product of any kind I've ever purchased away from gym memberships because I believe that most are just gimmicks. I first saw Shaun T on the DR OZ show and was impressed with his fitness philosophies as well as being a legitimate trainer convincing me to make this purchase without regret.<br /><br />What you will get is a 13 DVD set that comes with a diet plan and a workout calendar in a pretty good quality case. I Don't know if the free T-Shirt will be available for those purchasing via Amazon.<br /><br />Anyway, this is my first week on the program and I will say that this workout is totally INSANE! Just the first DVD (Fitness Test) alone, beat every ounce of energy out of my now out-of-shape body. For someone who grew up fairly athletic, I found myself gasping for air in less than 10 minutes into it. Shaun T works out all muscles, core and most importantly, cardio with easy to follow step-by-step, day-by-day instructions. He continually pushes you to keep going and YOU WILL FEEL THE PAIN, but also stresses you not to exceed your max limit, risking injury.  I was able to keep up with the routines for so long. I was barely able keep up with his students for that matter. My heart said yes, but my body, of course, said no. I  kept pushing and pushing. My heart was racing, muscles raging and knees buckling. It really was HELL!<br /><br />With that said, this program is not for everyone. I believe it requires one to be in the right frame of mind. Nevertheless, once you choose to proceed and if you are not built like Shaun T or in excellent shape, It is highly suggested that beginners start the exercises at half speed. You will enjoy it more, working your way up to par. I will say that I had a good time struggling through it so far and will continue on for 7 more back breaking weeks to achieve the results I am longing for.<br /><br />GOOD LUCK and ENJOY!"
B002QZ1RS6,ATTZLO16MGCD7,Kim,2/3,5.0,1343001600,2012-07-23 00:00:00,Insanity: insane,"My husband purchased this in hopes of losing weight and getting in shape fast.  He runs every once in awhile, but he never sticks to it.  The DVDs  have really made his muscles ache when he uses them and feels good after using them, let's hope he gets great results.  The seller got the DVD program to us fast as well."
B002QZ1RS6,AMQA7N6IBIILB,jennpnut,2/3,5.0,1343001600,2012-07-23 00:00:00,wow,Wow this work out is everything it seems to be. The results are amazing and if you stick to the discipline it works! start only when you are ready because this is no joke I want to die most of the time im working out so beware
B002QZ1RS6,A2PGZW3DVFDRF3,Amber Morgan,5/5,3.0,1343088000,2012-07-24 00:00:00,"Good, but not great","Although this workout program is very intense, I feel it is too intense for anyone trying to lose weight to be able to do the right way. The workouts they do are so hard that I probably am only able to do 75% of the video. I am finished with the first month, and I have not lost any weight. However, I have gained muscle mass. My legs especially are a lot more toned than they used to be, and my arms as well. My stomach has shrunk a bit, but again I have not lost any weight on the scale. I am hoping that is because I have lost weight but gained muscle, so it has evened out?? We will see how month two goes. Also, very repetitive. The moves in the videos are basically the same. It is the same warm up every day done three times in a row. It makes the whole program seem more tedious than it actually is."
B002QZ1RS6,A2WOM8NHNO8BZ1,Juneymoon,1/1,5.0,1343174400,2012-07-25 00:00:00,Insane!  :),"Insanity workout is incredibly intense, fast paced and super addictive.  After day 3 I could hardly get out of bed, my body was so sore but day 4 is the recovery day, mostly stretching and yoga type things, THANK GOD!  Now I'm in the 3rd week and I'm in much better shape, I hardly feel like I need the recovery day anymore.  Looking forward to starting the 2nd month and the more intense workouts."
B002QZ1RS6,AHBZ80QPDI24K,"Kathy ""three apple""",5/5,3.0,1343347200,2012-07-27 00:00:00,This is HARD!,"My 12 year old son and I are in our 2nd week of Insanity.  Let me start by saying I am a 38 year old mother of 3.  I've been staying fit since I was 15.  For the past 7 years, I've rebounded almost daily, have done P90X, ran a half marathon a few months ago, run 3 days a week, and just finished my 2nd round of Brazil Butt Lift.  All this to say I still can't finish all the reps on Insanity.  This program is HARD!!!!  I have no doubt that this program will work.....if you can do it.  Bad knees? Forget it!  My husband has also done P90X, swims, bikes and just completed a mini triathalon.  However, he has bad knees and they swell up everytime he tries Insanity with us.  He won't be completing this program, not because he is a quitter, it's just not for everyone.<br />I struggle between a 3 star and 4 star rating.  Even though it is more repetitive than I would like, the time screams by at least. Sean T is motivating, and the music is good.  I've heard others complain that there is not enough warm up and stretching.  I don't agree.  I am a stretch fanatic, and have done yoga for years.  I feel like there is plenty of stretching for the 40 minutes this program lasts.  I love that Sean T has us stretch in the middle of the program so we're sweating like crazy even during the stretching. My son is not very flexible, so this is his hardest part.<br />My 3 star rating is more for people new to working out.  This is going to take extreme dedication.  It won't work if you don't do it and it surely won't work if you can't do it.  There is SO MUCH jumping and plyometrics, squats, lunges.  Very hard on knees.  Beware. It might be better to start with something like Slim in Six or one of Chalene's programs.  You can read my Brazil Butt Lift review. It's still my favorite. I'll update this review when we finish the program.<br />I applaud anyone who began this program out of shape and stuck with it.  You are amazing!"
B002QZ1RS6,A21GXCU2VUUL9E,kp1988,1/1,4.0,1343347200,2012-07-27 00:00:00,Pretty pleased with product but.....,My order was pretty much smooth...shipped the same day I ordered it. Loved the low shipping fee. The product was in pretty good condition can't complain. But i did notice that one of the dvds was missing but i just substitute it with another dvd so no big deal although i would like to have had it in the first place. As for the workout all i can say is that it is NO JOKE! Love doing the workouts. I feel like i get a really good workout after im done. The nutritional gide is great!
B002QZ1RS6,A3CGF95I6RUP66,h0llyw**d,0/1,5.0,1343520000,2012-07-29 00:00:00,insanity,"insanity is truly insane!  it is the most intense workout i have ever tried in my life, and that means a lot coming from me.  i have belonged to a handful of gyms including equinox in nyc which is by far the best gym with best classes in all of nyc.  i used to go to a class quoted as ""masochistic"" by ny magazine because it was so hardcore, but these insanity workouts, are bananas!!!  you will definitely get your money's worth, this 2 month workout includes around 10 or more different dvds with seriously tough 40 routines that will have you sweating even whem youre warming up.  i have done 1 week so far, and am already seeing results in my core and arms.  i highly recommend!  (note it is probably more suited for athletic people and people who really push themselves in their workouts)"
B002QZ1RS6,AY3IEPWKBZ9SL,cbear1208,1/1,5.0,1343606400,2012-07-30 00:00:00,Insane and addictive!,"Ive been looking for a hardcore workout that is fun, motivating, and one that produces results. I decided to buy Insanity after I read all the positive reviews on here. I'm so glad I went for it.<br /><br />Shaun T is informative, motivational, and fairly entertaining throughout these 40 min workouts. Ive tried EVERY workout on the market from winsor Pilate's to taebo and this is the only workout that has me hooked! There is something incredible about dripping sweat and panting after just doing the warm up!<br /><br />I'm on week 3. I can only do Insanity 4 days a week due to my 3/12 a week work schedule but I'm already seeing results. My abs and legs are more toned and I'm completing the workouts with less breaks. I would recommend this for anyone wanting to increase their endurance and get in phenomenal shape!!"
B002QZ1RS6,A2IU0FFZONYG4K,arlettuce,1/2,5.0,1343606400,2012-07-30 00:00:00,pleased with product,"This is a really tough workout, but adaptable to any physical level-- even if you have arthritis, like I have."
B002QZ1RS6,A1MJLIW58EHI98,Jeng,2/16,1.0,1343606400,2012-07-30 00:00:00,Skipped DVDs,"I purchased Insanity, ready to start a new workout challenge.  Almost a week into the workouts, I found that one of the DVDs skipped, which made it impossible to do the workout.  I ended up returning the product and purchasing one with all working DVDs."
B002QZ1RS6,A2ZUMVTVOEBBMJ,Bryan T. Smith,2/4,3.0,1343692800,2012-07-31 00:00:00,"Hardcore, but not for beginners and a little unbalanced","My perspective: I'm a 25-year-old male who began Insanity as an intermediate-advanced athlete with more than years of boxing/Must Thai training under my belt.<br /><br />Pros:<br /><br /> Insanity workouts are no joke and perfectly reminescent of the Thai workouts we used to do at my old Kickboxing gym. Pop squats, jump squats, push-ups, etc. These workouts will definitely turn you into a beast.<br /><br />The pace is great and pushes you to the limit.<br /><br />I always felt motivated. For the most part.<br /><br />Cons:<br /><br />The warm-up is inadequate and could potentially lead to injury.<br /><br />The exercises are tough but by month 2, you've seen everything Shawn T has to offer.  The lack of variety in exercises--everything is some damn form of a squat--will not only strain your motivation in time, but leave you frustrated from diminished returns.<br /><br />The biggest caveat: this program is not for beginners. If you don't have a base of athletic training, you will not benefit from this program. As someone who's used to doing 2-a-days--training twice a day--with sprints and rounds of pad-work, I still found myself struggling at certain points.<br /><br />All-in-all, Insanity has kept me in shape but it's a little unbalanced and unrealistic."
B002QZ1RS6,AONZ8JIWIRRCD,Marvin Tangog,0/6,5.0,1343692800,2012-07-31 00:00:00,Satisfied,"First of all, even though you didn't reply to my emails, haha I am still grateful and satisfied of what I received. In the email I asked you what does it come with? Was a little worried but then when it came (4day wait pretty awesome), It had all that I hoped for. The 10 disc plus the 3 extras, calendar, nutrition guide and etc. Also it is in good/new condition like as he said in the description. I guess the message from this awesome company or he/she was to just stay calm and be patience and you'll be satisfied.<br />Anyways thanks."
B002QZ1RS6,A1K00GL7NL2N6N,J,1/1,5.0,1344038400,2012-08-04 00:00:00,KILLER WORKOUT. WEIGHT LOSS AND BETTER HEALTH NOTICED WITHIN THE FIRST 5 DAYS,"Ok, so before i got these videos I was highly skeptical. Most of these ""workout videos"" you see on infomercials are big gimmicks, and people normally quit out of boredom within the first week. But, after I and a few family members started noticing that I was gaining weight, I decided to give it a try. Also, for some background I am a 22 year old male weighing 190lbs. I had high blood pressure and cholesterol, and ate McDonald's at least 4 times per week. My health was poor.<br /><br />So I popped in the first workout and within 5 minutes I was gasping for air, my lungs were on fire, and my heart felt like it was about to come out of my chest. I then realized this was NOT LIKE ANY OTHER WORKOUT DVD.. EVER, and this would take a full commitment to accomplish. So I did what Shaun T told be to do ""DIG DEEPER"".<br /><br />The day after I completed the fit test I could barely get out of bed. I was so sore that it was a challenge to walk down a flight of stairs without a handrail present. Despite this I was actually really looking forward to my next workout, the ""Plyometric Cardio Circuit"". I was thinking in my head that the fit test would probably be one of the most difficult things in the videos. However, once I began Circuit workout, and was gasping for air during the warm-up, I knew I was sadly mistaken. With many many many frequent brakes I managed to get through the video, and I felt insanely good.<br /><br />The next few days have been just as difficult as the first, but you need to push yourself to get through it. I have, and I am already seeing results. After the first 5 days I have dropped 10-lbs, and my arms are starting to become defined. Also, my blood pressure has dropped significantly since I last I had it checked a month ago, when i was registering a 135 over 85ish. Now, after checking it again about an hour ago, my BP was 116 over 70!<br /><br />These results could not have been accomplished without Shaun T's videos. And honestly, I enjoy doing them. When I go to bed every night I look forward to doing the next workout the following day. I should also mention that I am on a tough diet. I do not follow the nutrition guide, but instead eat five meals a day, typically involving protein shakes, fruit, chicken, tuna sandwiches, milk, and water. The diet is tough but it is really getting me results very quickly.<br /><br />If you are fully committed (and I mean really committed) to losing weight and getting healthier, get these videos! They are challenging, but that's what keeps you from getting bored and quitting, and of course gets you in ridiculous shape."
B002QZ1RS6,A1SWM507L53AIH,swaggerJM,2/2,4.0,1344124800,2012-08-05 00:00:00,Beyond Insanity!!,"1st day, warm up was too intense that my wife and I were soaked in sweat. We couldn't even get thru the warm up of the Fit Test Video because we were both too tired. We're now approaching week 4 and going strong so far. With the help of the Nutritional Book and eating well, we have enough fuel to burn and we're both seeing results already. My wife already lost about an inch in her waistline and I'm already seeing my biceps getting bigger. We have a long way to go and hopefully would make it to the last day and be excited with the results. I hope this testimonial review helps..."
B002QZ1RS6,A2P5PPGWKAYDTD,jennifer l baker,4/4,4.0,1344211200,2012-08-06 00:00:00,Excellent for women!,"I see there are about 800 reviews for this product. I figure my opinion is as good as any. I love the workouts, it challenges people on every fitness level. It's great that you can go at your own pace. I also really appreciate the very real aspect of it. The men and women in the DVD get worn out and take a break also. It's nice to see that they are not robots, even though they are built like Greek God's. Even Shaun T, wears himself out. I did his ""pure cardio"" this morning and I think he cursed at the end of it!! LOVE IT!! Being a woman, I want to get leaner and not build alot of muscle. This is perfect for me, because it is all body weight resistance. I am not giving it 5 Stars because, this workout is NOT for everybody. If you have any previous injuries, i.e. knee, or back pain you WILL re-injure yourself. However, if you are fairly healthy and injury free it is worth the price. Even if you stay half committed, you will see results within a week."
B002QZ1RS6,A2R0VMJH2YQC5A,Melanie K. Wright,3/4,5.0,1344297600,2012-08-07 00:00:00,dig deeper,"first off I am now 16 but started off at 15 my fittness journey started off about a year ago in my weight training class i took in school I weighed about 180 at 5'9 and I was ready to loose weight then after one semester of that class I had lost some weight not sure exactly. then I started going to the gym with my dad and my friend. We went to the gym for about 3 months. The gym started taking up too much time with driving there and working for a hour to an hour and a half at a time and then driving back it took around 2 hours and with school work and my 10th grade chemistry class I could not waste 2 hours a day and I ended up not getting enough sleep most nights or not having any free time during the day. So we stopped going to the gym for about a month.<br /><br />Then I herd about insanity. my sister of all people told me about it i am not sure how she found out about it but I looked in to it on amazon and sure enough it looked like the program for me. The initial hook for me was that the program only took 2 mouths and that seemed great. Right now I can say I am in the best shape of my life. I am 5""11 and 157 pound and my bmi is 23 which according to wii fit is a healthy range! and I have never been in the healthy range on wii fit and that is why this program was worth it. I still do not look like I have a beach body and I can not see my abs unless i flex them but there is not very much definition in them and I still have flab on my man boobs but according to my doctor is normal for teenage boys. I feel that The reason I do not have an abercrombie model body is because I did not follow the nutrition guide I am a very picky eater and I do not eat meat of any kind. I felt like I ate pretty healthy I did not eat crap and junk food but I was not eating pretty much any thing out of the nutrition guide.<br /><br />Enough of me rambling. Overall the program is very hard lots of cardio and its great for people who want to loose weight most of the work out are about 45 min in month 1 and in month 2 most are around an hour. every work out is cardio its hard and grueling but it will make you sweat I sweated my brains out every single work out that was not a recovery workout. It is worth it at the end of the 2 months. I would go for a second round of insanity but I am one week in to p90x now and once I finish p90x I will do a p90x and insanity hybrid then after that insanity asylum? p90x 2? p90x plus? or all of the above. over all I love working out at home because you dont have to wear a shirt and not feel insecure its great!!!"
B002QZ1RS6,A1IPMO89G4CCTJ,turca,1/2,5.0,1344297600,2012-08-07 00:00:00,not for beginners,"If u are totally out of shape or 4 weeks post partum like me, its not for you. Definetely ill try again after ill lose some of the baby weight and after ill get some of my old conditioning back. Its a great workout, specially for ppl tired of going to the gym"
B002QZ1RS6,A10J258ZSDSRF0,M. Ghilarducci,6/6,5.0,1344384000,2012-08-08 00:00:00,The program works wonderfully - a few helpful tips from me.,"For my 40th birthday in October I promised myself a 6 pack.  I've always been in pretty good shape, and I've never had one.  I started Insanity in early June.<br /><br />I'm one week from finishing and my results have been very impressive.  I didn't lose a ton of weight, but then I didn't have a ton to lose in the first place.  I am 6'3"", and was 205 when I started and I'd guess around 25 lbs from a 6 pack (small belly, small amounts of excess fat in many places).  So far, I've lost 7 lbs overall.  I'd also estimate I added at least 7 or 8 lbs of muscle.<br /><br />I haven't been in this good shape since I was in college 20 years ago.  I don't have the visual 6 pack, but I have a 6 pack.  My abs are STRONG.  I love how it feels.  My arms have a ton of sexy definition now while avoiding that ""meathead"" look I so despise.  My quads are huge, and my calf's have mini-calfs on them.  Posture is better, self-confidence is through the roof.<br /><br />So, back to my goal.  I have a week left in the program and I know I won't get my 6 pack by then.  That's ok.  I'm going to take 2 weeks off doing only light exercise and let my body recover.  After that I will continue on at a lighter pace, incorporating some strength training at the gym, running/swimming/biking, and maybe 2-3 insanity workouts a week.  I have over 2 months left.  I will get there.<br /><br />So, some things I have learned while doing this.<br /><br />1.  Use the BeachBody message boards!!  I can't stress enough how important it was for me to go there for support, questions, nutrition issues, etc.  I would have failed without the support of my BB coach and others.<br />2.  Take pictures.  Take measurements.  If you don't.  You will get frustrated with your progress, or what you will think is a lack of progress.  When you compare your 1st month pictures with your start pictures though, you will have the drive to finish.<br />3.  Buy joint support.  I had joint pain even with elbow/wrist/knee braces.  (and yes, my form was solid, I'm just 40 years old and creaky).<br />4.  Proper nutrition is 75% of it.  If you think you can continue to eat the same old crap that made you fat and exercise it off.  BZZZZT.  Wrong.  If you aren't ready to make solid nutrtional choices, you will not see decent results.  Making solid choices takes hours and hours of preparation weekly.  Planning.  Shopping.  Cooking.  In my opinion, this program is too damn hard to fail because you didn't eat right.<br />5.  You have to *WANT* it.  This program is HARD HARD HARD.  You will think of 100 excuses daily to skip the workout.  When you start month 2, you will think of 200 excuses daily.  You ignore them all and push play anyway.  If you don't have the drive to be in great shape, are weak willed, or quit things frequently, do not waste your money.  However, If you want overall fitness more than anything else in your life, or want that 6 pack more than your own desert island, this is the program for you.<br /><br />GOOD LUCK!!!"
B002QZ1RS6,A17M2VUHLTAG58,"BKT ""Concerned Citizen""",2/2,5.0,1344384000,2012-08-08 00:00:00,The real deal ...,"All I have to say is this program is the real deal. When I saw the promo video, I thought, 'hey, I know that routine.' It looked very similar to workouts I did in HS wrestling and then in MMA training later in life. The exercises are definitely effective and challenging. I believe in it enough that I encourage my family members to join me in the workouts. For people that are not fit to begin with, you should not get discouraged! Take it at your own pace and don't try to mimic the rate of repetitions on the screen ... challenge yourself to complete as much as you can, take extra breaks (pause buttons are designed for this purpose), and if you can't complete all three cycles of exercises (FF buttons through cycles, if necessary, or pause and come back to it later in the day), make sure you attempt each set of exercises at least for one cycle and do not skip the stretching mid and post workout. Good luck and stick with it ... it is the real deal."
B002QZ1RS6,A1HA6KHHWO5ULH,Dana,2/3,5.0,1344384000,2012-08-08 00:00:00,Amazing!!,"This product is fantastic. It definitely kicks your butt, but it is so worth it. The workouts are not your typical workouts and I really like that. I also like that it comes with different booklets, especially the nutrition/meal one and the calendar that tells you which workout to do each day to maximize weight loss and strengthening."
B002QZ1RS6,A3UD1KHHU4IIHQ,Fernandez,0/2,4.0,1344384000,2012-08-08 00:00:00,Very happy,Every things was perfect the only reason I gave it a 4 and not a 5 is because it took 3 weeks to get. But I was completely satisfied with the product
B002QZ1RS6,A2B6P9WRZHDNFK,Sousous,3/3,5.0,1344470400,2012-08-09 00:00:00,Inches,Dont get on scale use measuring tape! Its amazing hard core and will leave you breathless;) you gain muscle but lose inches!!
B002QZ1RS6,A3RFHUAHMFC6W8,Jessica,3/4,5.0,1344470400,2012-08-09 00:00:00,It's totally insane,My husband and I decided to give this work out a try and it is intense! We are on week three and even though my knees are bothering me I will continue to push on. The first week was hard because I was using muscles I didn't know I had so they were pretty sore. We are noticing small changes. Under our tummy flab we feel our core getting harder but from what I understand we will notice a huge difference in month two. That is when things really get crazy. I did have to modify some of the work outs that require jumping because of my knees but it is still working. If you decide to do this it takes just as much mental strength as it does physical so don't give up!
B002QZ1RS6,A1FKTZAD7JRO8F,KellyK,2/3,4.0,1344556800,2012-08-10 00:00:00,great abs from this product but did bulk up,"OK so I was wasn't too sure about this program. I bought it anyway. I usually run for exercise, have run 5 ½ marathons and 1 full marathon. Wanted something to do to get me prepared for training for my 2nd marathon in the summer. i was excited to start the program- At first it felt hard, I was sore after the day 1 fit test. I adapted to the program and Month 1 wasn't bad. I noticed my cardio was improving (had had run a ½ marathon week 2 of Insanity but was still out of breath during some of these workouts because they are exhausting!) and I could ""dig deeper"" but I wasn't dropping any pounds at all. So I started to follow the meal plan exactly- no changes. Month 2 came and I was dying. The workouts are longer and harder but not unbearable. Its 1 month so you just have to suck it up and do it. I noticed my abs started to get defined at the start of month 2 but my pants/shorts were feeling tighter. I kept with the program and completed all of the days but it took a while to get back into my normal pants due to bulking up from all of the lower body exercises. Everyone is different- some people who started this program at the same time as me dropped 15 lbs or so, everyone's body reacts differently. If you are in doubt, buy it. I am currently training for the marathon but I do insanity 1 day a week as cross training and wouldn't get rid of it. Good luck!"
B002QZ1RS6,A3BA23D0SKILBY,Sailor Girl,0/0,5.0,1344556800,2012-08-10 00:00:00,I love INSANITY!!!,"This product is so easy to get up off the couch and get moving. Just pop in the cd and turn up the volume...you are working out. I have enjoyed this so far. I completed 10 days so far and I can't wait to see the results of my hard work.  This is a great value for the money.  And, you can do it in the privacy of your own home.<br />This product was purchased used-like new and it was in the original box."
B002QZ1RS6,A1S4D7303GDXWV,animallover,2/4,2.0,1344556800,2012-08-10 00:00:00,not impressed,"I got this workout as a cardio circuit after doing P90X and before doing P90X2 - however, there is pretty much no upper body to this workout - after I noticed my arm muscles getting flabby I decided to move on to something else . . .<br />Like several other reviewers have said it is the same thing over and over again and is really boring . . . I'd save your money if I were you . . ."
B002QZ1RS6,A3H2LH0DCI0DIX,pitweiler71,1/6,5.0,1344643200,2012-08-11 00:00:00,very clean and quickly received very happy with product!!,thanks for the dvds their all in great condition i love it!!!  Also it was very quick to receive everything was like brand new and in order way more than i expected
B002QZ1RS6,A1MKZBHK462FHE,amandamarie,0/10,1.0,1344729600,2012-08-12 00:00:00,Missing DVD,"The product I received was missing on of the DVDs despite the fact that the product rating was ""like new""."
B002QZ1RS6,AZ66QEBUL9822,LOHAS575,24/25,5.0,1344816000,2012-08-13 00:00:00,Insanity for Women: Practical Advice from a Veteran,"I am an athletic female who gains muscle easily and was trying to avoid the ""bulky"" look that I achieved so easily in sports and working with a personal trainer.  I tried Crossfit but was immediately turned off by the overly muscular and judgmental women who said stuff like ""she's skinny fat"" and ""don't you want to look like us?""  No. No I do not want to have man shoulders and a body that I define as ""bulky"" (even if you think bulky = body builder, which it does not!).<br /><br />If you're in a similar situation to me, then you will LOVE insanity.  I was skeptical at first after hating P-90X (not enough cardio, too much shoulder work).  Several friends suggested Insanity for me because I 1. Love cardio but hate running, 2. Work crazy hours and so needed something I could do from home, and 3. Like to have something challenging with fast results.<br /><br />I absolutely love Insanity.  It's like it was made for me.  I love Shaun T (great motivator) and from a vanity perspective I liked that the women in the videos still looked like women. I completed all 60 days of Insanity and now I basically alternate between the ""max"" and ""regular"" videos each morning and take 1-2 days off/week.  I started the videos at 25% body fat and am now at 18% body fat which was my goal.  I lost 7 pounds and my clothes fit more loosely.  I tried to post a before and after link but Amazon deleted it. If you want to see my before and after pic go to pinterest dot com slash sandcastle2 and check out my ""fitness"" board.<br /><br />Here is some practical advice for women (and men) about using the videos and things to watch out for:<br /><br />General:  If you are out of shape, obese, or generally hate to exercise, don't do these videos.  I'm not sure why this isn't clear to people.  But this is challenging. It's still challenging for me and it always will be because you determine how many reps you do and how quickly you go.  If you are completely out of shape you will likely get discouraged in the first two weeks, so be prepared.<br /><br />I do Insanity in my basement on workout mats on top of carpet.  I tried it once on hardwood floor and will never do that again (it's high impact).  Our basement stays a cool 62 degrees year-round (live in NorCal).  I tried this in my parent's house in Texas in 80 degrees and I nearly gave myself heat stroke.  I strongly recommend doing this in front of a fan if you don't have AC or naturally cool weather. Keep water nearby at all times and a towel (you WILL sweat).  Give yourself at least an hour of cool down time after the workout.<br /><br />I find that none of the stretches Shaun T. leads you through involve enough back stretching.  I have a bad back, mostly upper and some lower, so I tend to pause the stretch and do an extra 2 minutes of back stretching.<br /><br />As a woman I have been unable to complete all of the ""real"" push ups (push up jacks, v-push ups, moving push ups in particular).  Instead, I do most of these with my knees down and occasionally do regular push ups.  I have built incredible strength and muscle tone this way, so it's OK to do ""girly"" push ups.<br /><br />Diet:  I am a vegan (don't hate) and so I did not follow the nutrition guide.  I eat a lot of beans for protein and some soy.  I find on days that I did not have enough sugar (fruit) I was unable to complete these work outs.  Everyone is different, just be safe and listen to your bodies.  I had a buddy who tried to do these videos on paleo and could never finish.  Find a balance with your sugar because you do need it for energy.  I drank Kaeng Raeng shakes instead of Shakeology after my work outs because I preferred the taste and the high fiber content.<br /><br />Video-specific advice:<br /><br />Plyometric:  This is essentially the ""first"" video of the series after the fit test.  In the second interval, there's ""basketball drills"" where you squat down and ""jump from the bottom.""  Do NOT bend over as you will hurt your back, but instead squat down fully (it's harder but correct).<br />In that same interval are ""ski abs"" and ""in and out"" abs.  If you are not strong enough in the arms, you will find ""in and out"" abs nearly impossible.  I alternate between in and out abs and doing crunches instead.<br /><br />Cardio Power: In the second interval you will do ""globe jumps"" where you squat down and move side to side and back.  This is another exercise where it's tempting to cheat.  If you bend over to touch the floor instead of squat down your lower back will hurt for a week.  In that same interval there's moving push ups.  I was never able to do these so instead I either do moving plank or regular push ups.<br /><br />Cardio Recovery (First):  After doing this video I was basically unable to do any Insanity for 3-4 days.  I tried it a few times, but every time it would kill my quads so bad I couldn't go up and down stairs.  That's not really my style so I skipped this video and did yoga instead.  I'm sure it's great for building strength but I found it too debilitating to incorporate regularly.<br /><br />Pure Cardio:  This video involves about 15 minutes of non-stop exercise (no breaks) but Shaun T encourages you to take a break when you need it.  The first several times you do this video you likely won't make it all the way through. Don't worry - you're not alone!  It took me a full month before I could do all 15 minutes without stopping.  At the end of the video there are push up jacks which I struggle with.  I, instead, do normal push ups or push ups with my knees down.<br /><br />Cardio Core and Balance: This is the ""off week"" video.  I did it once and found it too slow and boring so I just went right into the max videos.<br /><br />Cardio Abs: Frankly this is the weakest part about Insanity.  I substitute P-90X's ab-ripper X instead.<br /><br />Max Interval Circuit:  In most of the max interval warm ups, the last exercise is ""side to side hops"" where you have your arms down and hop your legs from side to side.  I have found, for some reason, that this is way too high impact for my quads.  Perhaps I am not strong enough in the arms, but I do floor runs instead.<br /><br />Similarly, in the max interval warm ups are ""side to side jump rope.""  Don't watch the people in the video because it will totally throw off your rhythm and make those impossible.<br /><br />In the second interval you do ""floor switch kicks.""  These are intended for ab work but if your arms aren't strong enough you likely won't get the ab benefit.  I alternate between regular kicks and the jumping switch kicks to give my arms a rest.<br /><br />Max Interval Plyo: The beginning of this video is quite a lot of leg work, so I was only able to do about ½ of the ""squat push ups"" at a time.  It's so tempting to do these exercises incorrectly to make it easier on yourself but you'll regret it later.  In the second interval you do power push ups where you jump in and out of push ups.  For some reason I never got good at those and so I do regular push ups.<br /><br />In the last interval you do these side push ups where you put your hands at a 90 degree angle and kick your legs out to the side. The first time I tried this I hurt my wrist, so I've resorted to doing regular push ups instead for similar results.  The same thing goes for the side burpees - I just do regular burpees instead.<br /><br />Max Cardio Conditioning:  This is definitely less high intensity interval and more ""can you work out for 45 minutes straight without a break?""  I really enjoy this workout on days when I don't want to do the high intensity stuff.<br /><br />Max Sports Training: This is one of the better videos for your ""off"" days.  Still will get you into a sweat, but not the cardio from the other videos.  There is no stretch at the beginning of this (not sure why) so I like to pause it after the ""warm up"" and do my own stretching before continuing on.<br /><br />All in all I have had an incredibly positive experience with Insanity.  I put the videos on my iPad and take it with me when I travel.  I'll do Insanity in hotel gyms and people always come up to me and ask what I'm doing.  I've basically memorized the videos at this point, but it's nice to have Shaun T motivating you.  I tend to wear dry fit Lululemon clothing and Reebok flex (light weight) shoes.  My biggest complaint about the program is how often I have to do laundry because of how sweaty my workout clothes get!  A great problem to have &#61514;"
B002QZ1RS6,AB880NKNH49PR,wow,1/2,5.0,1344816000,2012-08-13 00:00:00,wow,amazing! hard as hell but it works. You feel the burn and feel healthy and motivated to do it the next day!
B002QZ1RS6,A1EA0J3GIJO72R,MiamiWineTasters.com,1/1,5.0,1344902400,2012-08-14 00:00:00,"Like new, great work out","Like new package, in its original box. I'm already seeing results after 3 weeks. Don't give up, but work towards lasting longer each time you do a session. Good technique and instruction provided. Love the option to play the sessions without music, so you can play your own tunes while running the program."
B002QZ1RS6,A3TRJM5V27GY26,PJS1957,9/21,1.0,1344902400,2012-08-14 00:00:00,PJS 1957,I did not like the fact it is advertised for beginners and when I got the product it repeatedly said not for beginners.
B002QZ1RS6,A1AN3JMP7W0MLN,lola,9/10,5.0,1344988800,2012-08-15 00:00:00,Mom of 3 can do this video: so can you,"I am a 39 year old married mom of 3 and grad student.  For reference I'm 5'4 and 175 lbs (ouch!) gain muscle easy, am proportioned evenly(I gain and lose weight evenly on my body), have had small back issues, nothing major, knee can hurt due to my weight. I have been doing some sort of exercise for the last year to try to get back to a healthy weight and finally mentally checked in and committed to a better life. I have plantar fascitis in my rt foot and am not superbly fit, although I used to be so I know how to exercise. If you have NEVER exercised in your life then I think this might be too much, especially trying to learn proper form with the moves. If you are out of shape, like me, and have experience with working out, then you can definitely do these videos. But like other people have said YOU MUST have the right mentality. These dvds are ridiculously hard, like cussing at your tv, wanting to cry and vomit hard, but if you do them at your level and maintain proper form you can get a crazy good workout that gives results. You have to want it, so if you don't like to sweat or push yourself or endure discomfort this is not for you. Get some good shoes for stability and ladies: a good sports bra like Enell (I'm a 36DD and this bra is AWEOME). I have noticed that the exercises help strengthen my calfs and have helped my PF. This is high impact but you can modify the routine to fit your needs. I find that I am motivated by the intensity of the workout and make sure to stop when I need to and drink plenty of water. I don't push myself to injury and avoid some exercises I know I can't do and just jog in place. The first week I lost no weight but felt great! At the beginning of the second week I had lost 4lbs and feel my arms strengthening as well as my endurance. I can't make it through the warm up without a break but as long as I get better then thats ok and you should not view pausing during reps as a failure but rather taking care of your body so you can go further next time.<br /><br />UPDATE 8/29/12: I am on my fourth week of Insanity and HOLY CRAP is this hard! I don't follow the meal plan but I eat very healthy and in the same style (whole grains, lean protein, veggies etc). I always have protein drink for breakfast (I make them, not out of a can) so that fit in nicely. I have lost 9lbs and some inches. These workouts test your mental endurance as I literally wanted to cry at one point.  I can finally complete the warm up ( although not as fast) and my cardiovascular health has improved ten fold. I've read from other reviewers that it took them HOURS to recover from this. I wonder if they are eating properly or have EVER done exercise as this intense workout leaves you with a nice endorphin high but not trashed for hours on end. Yeah you're breathing hard and cussing at the T.V but at the cool down you feel like a badass just for pushing through a few extra reps. My knees are not perfect so I do high jumps on carpet and work on form, not speed, to avoid injury. The rest I do on a hardwood floor. Next week is a ""break"" and then on to more ridiculously hard exercises. I must make a point that you have to be MENTALLY ready for this. If you just kind of interested in getting in shape or have not made the commitment this will be a waste of time and  money. oh and get some really good shoes with lateral and arch. support."
B002QZ1RS6,A3S26IRV025H8I,constmanger,1/1,5.0,1344988800,2012-08-15 00:00:00,Not for the weak...,"Update:  Just started Month 2 and if Day 1 is any indication, this 2nd month is going to be crazy.  However, the Instanity Program works.  I have lost 10 lbs, have seen my chest, shoulders, ABS and legs all gain definition and size.  If you think you can handles the workouts, it will work...<br /><br />Currently in Day 10 of 60.  This workout is intense, I can already see the effects.  If you think you can withstand the high intensity workouts, this will work for anyone."
B002QZ1RS6,A2WSMJN6GCUKKQ,MrsPruitt75,2/2,5.0,1345420800,2012-08-20 00:00:00,Love love love it!,"I am a 35 year old mother of one 2 year old and I have been struggling with my weight for about 5 years.  I am 5'5"" and weighed about 160 before Insanity.  I am now starting week 7 and I am down 2 pants sizes and 1 shirt size!  The program not only gives me a calendar which tells me which workout to do each day, it also gives me a meal guide to keep me on track with my diet.  I definitely plan on round 2 after I finish this first round of Insanity.  I'd recommend this to anyone who is determined but needs structure and direction in their weight loss."
B002QZ1RS6,ASABGR326786G,"Donald A. Holzworth ""still groovin'""",1/1,5.0,1345420800,2012-08-20 00:00:00,Daughter loved it,Bought this for my daughter. It arrived exactly on time and in perfect condition. She's in the army and is using this to improve her test score. She loves it.
B002QZ1RS6,A1O4I88HMMDHC4,Sampath,2/4,2.0,1345507200,2012-08-21 00:00:00,Received couple of defective DVDs,"The service and the quality of the DVDs was great except that the insane abs and max interval sports training DVDs were defective.  When I contacted the seller, I got two replacement DVDs but they were defective too.  I emailed them about the issue but never heard anything back."
B002QZ1RS6,A2V131BMQW8QUH,Roxza,1/1,5.0,1345593600,2012-08-22 00:00:00,Insanity is painfully awesome,From day 1 it was painful yet fun. Great workout and definitely worth the price I paid. Still using it now.
B002QZ1RS6,A29ECMP7Y7XKI7,"Michael B. Melone ""Software Seer""",4/4,5.0,1345680000,2012-08-23 00:00:00,Get off the Couch and Dig Deeper!,Almost finished - If you think you can do it without help.  . . you're wrong.<br />Set it up . . . no extra equipment . . . put in the dvd(s) . . . and go for 60 days.<br />You can do it . . . you just don't want to do it . . . Get off the couch and DIG DEEPER!<br /><br />One more thing . . . NO SIT-UPS REQUIRED!
B002QZ1RS6,AUPH5ETJD6T5C,Pattycakes,1/1,4.0,1345680000,2012-08-23 00:00:00,Insanity 60-day Total Body Conditioning Workout DVD Program,"Really tough workouts, even for the very fit.  Definitely feels like you're getting a great workout--extreme!  Recommend for those who desire a change of pace from their daily workouts."
B002QZ1RS6,A1Q7UZ95JTOWLE,Andrea Butler,3/15,2.0,1345766400,2012-08-24 00:00:00,"Sloppy and Inane, not insane.","They say Insanity is doing the same thing over and over again and expecting different results.  Personally, I think they may have hit the mark with that quote.  I recently bought this DVD set to challenge myself.  I'm fit, a swimmer, worked to get a black belt in Taekwondo, am an avid tennis player and cyclist.  After having completed the P90X program, I was looking to increase stamina as well as further define my muscles.  So far, what I am noticing is a lack of variety in the moves that will most likely lead to the ""plateauing"" that a program like P90X manages to avoid.  I'm not into getting rich quick or losing weight quick.  I wanted a challenging, sustainable workout, with intense cardio, more complex resistance training and good stretching.  Instead, I got:<br /><br />1) Repetition ad nauseam/Lack of any substantial instruction: a guy repeating himself in an admixture of motivational military/sports cliches (""You can do this""-- ""Four more times""--""Faster""-- ""push it"") in a continuous loop.  He's still telling me to push it while I'm drinking water on a break (is he confused?).  If the monotony of Sean T.'s ""motivation"" doesn't make you want to play dance music over top of it, there is lots of joint destruction to distract you with little to no resistance training. I got that I was supposed to ""lift with my core"" the first hundred times you said it.  Can we move on to different advice now or just turn your voice off?  What's worse, doing something faster when you don't have a demonstration of the form can lead to injury that much more quickly.  Are the people in the video fake screaming because they're pretending they're struggling? Maybe they're just slipping a disk-- jury's still out on that one.<br /><br />3)Lack of variety: I'm beginning to realize that this is not sustainable simply because it will not offer me enough resistance training.<br /> It's suicides, Heisman, double Heisman, some kind of mummy moves and squat jacks with some pushups thrown in there like salt on a hard-boiled egg-- in every single disc! At least a video like P90X at least gives you real work on each muscle group.  I motivate myself enough to get the work done-- if this is for intermediate to advanced, why are the moves sloppy and incomplete? Oh, because it's insane.  I get it now."
B002QZ1RS6,A1UNYFJGV6JFG3,Nelissa,4/4,5.0,1346025600,2012-08-27 00:00:00,I'd do all over again,"This is a great, but great purchase. Keeps me in focus, it is getting me in the best shape of my life and I've already lost 12 pounds on the first 10 days of program. My body is sore and at times I feel miserable during the workout. It is not easy, but it is worth it. Period. Practical, equipment free. All you need is a water bottle, shoes, some space and guts. I'd buy it again, I recommend it and I am already considering buying the HipHop Abs by Shaun T. too. He rocks, big time!  =)"
B002QZ1RS6,A3J0796SML00EQ,Tyler Z.,0/0,5.0,1346112000,2012-08-28 00:00:00,"gradually insane workout,strongly recommended","this workout allows you to workout intensely at home,you can also do it with your friends. I drop a couple Lbs of sweat everyday. Insanity works on your abs and you dont even know,no painful feeling on abs while doing all those cardio workout,but after all you feel your abs. you can work this anytime during a day,just reserve yourself an hour for this. Insanity enhance leg muscles,especially helpful for people who participate in rowing,swimming and track.A very good improvement for your heart."
B002QZ1RS6,A3QTLT1VHFNWDE,Marie,0/0,5.0,1346112000,2012-08-28 00:00:00,THIS IS REALLY REAL!!,"After spending $120 a month on a kickboxing/gym membership after 8 months. Needless to say that was a waste of money I lost no weight.... I also rarely went. I took a leap of faith and got Insanity. I'm only in my 3rd week and already have been seeing results! Insanity doesn't just help you lose weight but also gets you in GREAT  physical shape as well! I have so much energy to run, and no not just one block anymore! I can't wait to see my results in another month! If money is an issue to some people look at the bigger picture on how much you have been spending on gym memberships. Insanity is well worth it!"
B002QZ1RS6,AH7AYZ8KN0ND1,P. Mccormick,1/1,5.0,1346198400,2012-08-29 00:00:00,Changed my life,Don't want to put too much detail into this as others have written plenty. This workout made me so much more fit than ever before.
B002QZ1RS6,AILB0ZEQKQ7FR,CadetEve,1/1,5.0,1346284800,2012-08-30 00:00:00,Insanity is INSANE,"Isane. The title of this workout was named so well. It's not easy, but it's not impossible. I LOVE this workout program. Shawn T keeps you up with motivation and when I am working out I don't even realize how much time I have bee doing a workout, because I just keep MOVING. I am only on day 9 (as of 8/30/12) and I can see my upper abs have some form. You get out what you put into this workout. And 100% is the only number you should care about.<br /><br />It comes with the wall calendar and the meal plan with is easy to follow. You have to count your calories, which for me was difficult, but it is also helping me with discipline as well.<br /><br />Try the challenge. Don't like it? Quit on day 60. You will never get bored with this program. I do the same dvds over and over but each time I try to beat my previous time. It's a competition - against myself.<br /><br />Five STARS!"
B002QZ1RS6,AM1K57Z8J00XX,Mary Lynn,1/1,4.0,1346371200,2012-08-31 00:00:00,Isanity,I love the workout! Lost 10 pound after 4 weeks!!! I am committed. Looking foward to the next weeks!! My family can see results. Love it!
B002QZ1RS6,A3UWD1HWTO5R32,Mike,0/0,5.0,1346371200,2012-08-31 00:00:00,Haaaaaaarrrrrrrddddd!!!!!!!!,"Good workout, 4 weeks in and not getting easier... Showing gains all ready in weight loss and tone... Can't wait to start the next 4 weeks"
B002QZ1RS6,A2UGPMSGFHMCL6,KMarie,0/0,5.0,1346371200,2012-08-31 00:00:00,Great workout and results!,"I would highly recommend this product to anyone. I have almost completed month 1, and I have definite results in my legs. I'm hoping by the end of month two I have more ab results. This offers the best workout I've ever had in my life. I have to say that as it was I worked out about 3 times a week before buyig this. I never did P90X, I figured as long as I want to get those results I'll muscle through the workout. I'm average build, so I bought this product to achieve better muscle tone. I survived the first three days of ouchy muscles, and it was worth it to keep pressing on. It feels completley invigorating to be drenched in sweat and know that you've made it through one more day and are closer to the look you want to achieve. I will say that my knees aren't in the best condition, and I read the other reviews and was a little concerned about using this product. If an exercise seems to much for my knees I modify it, or slow down. I haven't had any problems though that would prevent me from using this product. I also, feel I should say I am following the nutrition guide that comes with it, and I think that is very important. My legs are in the best shape they have ever been in. It's erasing my cellulite on my thighs, and that's something I couldn't even get a cream to do. My boyfriend is even doing Insanity with me, and it's great to have someone to compare notes with. We have recommended it to all of our friends and have even invited them over to try out the Fit Test. I highly recommend this! I can't wait for month two to see what my results are then!"
B002QZ1RS6,A1S9TIKA80OY0O,"B. Singh ""balrph""",1/1,5.0,1346457600,2012-09-01 00:00:00,Best workout ever,"I'm officially obsessed with insanity. This past summer I did 60 days and I'm currently on my second round. Insanity helped to get me in the best shape ever. After I finished I could go running for miles and miles without even realizing it. It's cumpulsory to eat healthy as well. Although, I didn't follow the diet included I made sure to eat very clean and drink a protein shake every other day. I recommend this workout to all my friends. It's so convenient for everyone. I literally roll out of bed throw on work out clothes and sneakers and I can finish it before I go to class. You have to be diligent and make sure you don't miss a day. The calendar includes a rest day but I never took it because I was scared it would make me fall out of the routine. This product beats any sport or gym intensive workout I've ever done!"
B002QZ1RS6,A1TDIKZJNF3QB2,DC,0/0,4.0,1346457600,2012-09-01 00:00:00,Great workout,Be prepared to sweat.  Great workout! I am a runner and got bored doing the same thing every day. Very good alternative workout.
B002QZ1RS6,A1JYQ18COKCG8I,obubuyer,1/11,1.0,1346544000,2012-09-02 00:00:00,Insanity Review,"Most of the things about this product were great. I received it in very quick timing, it was packaged really well, and they even included some laffy taffy with it. However, one of the dvds was defective. It skipped throughout the whole thing and was unusable. I emailed the seller about it and they said they would send me a replacement dvd. I waited a week and hadn't heard anything, so I sent them an email asking if I would be notified when they sent the replacement dvd. They responded with just a period. That's it. So I thought maybe the response was a mistake, so I resent the email. I got the same period. So I'm not sure if I'm going to get my replacement dvd or not, which is a bummer because when you pay almost $100 for something you would hope that the whole thing would work, not just part of it. Great business and package except for this."
B002QZ1RS6,A33ZNBLGHPE1UW,NMNDN2371,0/0,5.0,1346716800,2012-09-04 00:00:00,Rave Review,I ordered Insanity and I am completely happy with the delivery service as well as the product. I had difficulty with mail delievery by USPS even though I have lived at the same location all my life the USPS has changed my mailing address FIVE times. And they blame me when they can't find my home! Anyway the people that I ordered from worked with me to resolve the issue. They were EXTREMELY helpful. I would/will definitely order from them again.
B002QZ1RS6,A2XZK79CUCOTQ5,Shiinoru Yoruichi,2/2,5.0,1346803200,2012-09-05 00:00:00,Insanity...tis an apt title for this program,"To preface this review, I'll tell you a bit about myself (it is a workout program, after all). I'm 27 years old, and in average shape. Prior to starting this program, I was doing some light exercise daily (sit-ups, crunches, etc.). None of that even comes close to challenging me like this program.<br /><br />In a word, Insanity is BRUTAL. I dare say anyone who first picks this up--regardless of previous fitness regimens--will be wiped out. The Fit Test alone is enough to make my body wail in agony. I've only been doing it for two days, but if the pace is consistent, then this will definitely show results.<br /><br />Imagine this: four exercise drills, each extremely taxing, for a full minute. That's four minutes of non-stop, EXTREME stress on your body. Then, you get a 30 second break, and then it's another four minutes of pain. Now, imagine doing that for 40 minutes each day. Even the warm-up/cooldown stretches are more strenuous than I am used to. That's Insanity (at least thus far).<br /><br />We all know there are a number of weight loss and fitness programs out there. I've never bought into the ""3 minutes a day for the best shape of your life"" claims. Insanity makes sense because it is simple: you work yourself to the limit and beyond every single day, and your body grows stronger because of it. And I don't know about anyone else, but I've never heard of anyone not getting results after going to the limit every day over an extended period.<br /><br />A word of caution, in case it wasn't clear: Insanity is HARD. Listen to the other reviewers when they say that you won't make it through all of the exercises when you first start out. Don't get discouraged. After all: no pain, no gain, right? Do the Fit Test, and I guarantee you'll be convinced that this program will work if you stick to it.<br /><br />On a side note, Insanity isn't about building muscle, from what I've seen. You'll be burning fat and getting in better shape thanks to the intense cardio."
B002QZ1RS6,A1VFTEPZIINCVF,Ray,0/1,5.0,1346803200,2012-09-05 00:00:00,"Fast Shipping, Great Deal for This DVD Set",The shipment arrived one day ahead of schedule. I was not expecting the bonus two DVDs that were included on follow up programs. Look forward to completing this program! Thanks Again
B002QZ1RS6,A1Q2P9K36I9776,aryn,2/13,1.0,1346803200,2012-09-05 00:00:00,disappointed,I still haven't received the video. It's been over a month. Ordered from bees and Smith. company is horrible. Keep saying they sent it and then saying that it's lost
B002QZ1RS6,A22X6IE7E3NCCZ,wayne,1/11,1.0,1346803200,2012-09-05 00:00:00,Haven't received my item,"The item I purchased on August 4th, INSANITY:  60-day Total Body Conditioning Workout DVD Program, has yet to make it to my home.  This is my 2nd review regarding this problem and I still haven't received any feedback.  By the way, today's date is September 5th."
B002QZ1RS6,A3SIGCIDF0NLR2,MaryJane,0/0,5.0,1347062400,2012-09-08 00:00:00,Great!,This product arrived as promised and was great. I have used it for a few weeks now and am beginning to see encouraging progress!
B002QZ1RS6,AFE82ZV1EGJ3G,Sarah,0/0,5.0,1347062400,2012-09-08 00:00:00,Effective,The Insanity workout is aptly named-it's Insane!  But it's a very effective workout system that works every muscle you have. Shaun T guides you through the exercises and encourages you every step of the way. I've already seen results and I've barely begun my 60 days.
B002QZ1RS6,AKSJ3103JENCU,RenoNv,0/0,3.0,1347062400,2012-09-08 00:00:00,Hard on the knees,"This workout is insanity!<br />The good: You do get results, and I am in the best cardio shape ever.<br />The bad: This work out is extremely hard on your knees. By the 30 day mark, both of my knees hurt all the time. I had to stop doing the jumping exercises and substitute other ones.<br /><br />All in all I have enjoyed doing this workout. You have to be committed to both the workout and the diet program for maximum results."
B002QZ1RS6,ASVKI5DB5OPZP,"Angel of Iron ""Tradosaurus""",1/2,2.0,1347062400,2012-09-08 00:00:00,Great fitness program if you want to get injured,I have been doing P90X for about 2 years now and felt that I was in decent shape at 47 y.o.  I started with the Fit Test (day 1) of the Insanity.  They show you a few moves you will be doing throughout the program.<br /><br />So Day 2 starts with the Plyo Cardio Circuit.  I found that many of the moves were extremely dangerous.  I actually slightly pulled a hamstring because there was no stretching at the beginning.<br /><br />I think Insanity is more like the Crossfit where the exercises are violent to the point of injury.<br /><br />The advantage of P90X is that you ALWAYS stretch before exercising.<br /><br />I think Insanity is more for age 30 and under.
B002QZ1RS6,A2HI5E2CEX3EFY,ChiIrishGrl,1/1,4.0,1347148800,2012-09-09 00:00:00,"Great, Fun workout.....hard on the knees","I loved this workout!! It's challenging and fun but after a few weeks into it, it's definately hard on your knees. So, I'm extending the week long cardio recovery to two weeks to give my knees a little more time to rest. If you purchace...have fun and good luck to you!!  : )"
B002QZ1RS6,A3NLIGTUK77NIH,ihatelosers91,0/1,5.0,1347148800,2012-09-09 00:00:00,"If you want to look like a god, do this program","Do this program while still doing your normal upper body workouts during the week and I promise you you will see a difference. Im a college hockey player for Wisconsin, and I noticed that when I started to get older, especially in the summer, that just doing drop in hockey twice a week wasnt keeping my abs from melting away. Did this program and ate 4000 cals a day and i not only kept/gained muslce mass and weight I am at 8% body fat. Do this program if you want to look like a god at the beach. Don't do it if you still want to be a B@#ch."
B002QZ1RS6,A1NKICS6KU34ZK,Mike,0/1,5.0,1347321600,2012-09-11 00:00:00,Great deal!,"This ""used"" product was priced well and the DVDs looked like they had never been touched. I'm extremely happy with this purchase!"
B002QZ1RS6,A25ZQX9I8X4BJU,Kelly27,2/2,5.0,1347494400,2012-09-13 00:00:00,LOVE THIS PROGRAM!,"To start out with I purchased insanity through Amazon and was slightly nervous that these might be bootlegged from reading some of the reviews.  Mine arrived in the insanity box and everything was sealed.  I also went through and put every dvd in my dvd player to ensure that they worked and every dvd played.<br /><br />I thought about purchasing insanity for about two weeks before ordering it.  I was nervous to invest that much money into something because what if I wasn't able to complete it or I didn't stick to the program.  After looking at so many before and after pictures of people online.  I knew that it was something that I had to do ( and also convinced my boyfriend to do this with me).<br /><br />We are currently on day 11 and both feel great.  These workouts are very hard and will push you like you have never been pushed before.  For whatever reason I look forward to doing these every day as soon as I get home from work (or maybe that's just to get them out of the way).  I am confident that we will finish this program.  My boyfriend has already lost 10 pounds in a week and a half.  I have lost about 2 pounds, but am already starting to see slight changes on my body, which is more important to me than the number on the scale.<br /><br />I must admit that the first 4 days of the program were very rough. On days 2 and 3 I woke up and could barely get out of bed.  My legs, back, and arms all hurt so bad but I suffered through and popped ibuprofen thoughout those days.  On about day 4 all of my sore and painfully muscle aches disappeared.  Yes, my muscles feel sore after working out, but it quickly disappears and I haven't work up sore. So don't give up!  I find that it keeps getting better and better everyday."
B002QZ1RS6,A322X0T1ITTGME,Leap9,1/1,5.0,1347580800,2012-09-14 00:00:00,Challenging but great!,"Great workout if you want to get your cardio in shape. If you do it religiously you can't help but loose weight. I am a runner and wanted a new challenge, well  this is a challenge! I start dripping sweat in the first 10 min. I have not worked up to the longer workouts yet, but I will. I would diffintely recommend them if you are up for a challenge!"
B002QZ1RS6,A2WL2MBW25AB50,"MW ""Computer Builder""",1/1,5.0,1347580800,2012-09-14 00:00:00,Warning: You can not get disc replacement if you buy here.,"I was just told by Beachbody since I bought my set here<br />I must pay $29.99 per disc for replacement. Otherwise, still<br />a great product. You might consider buy direct from Beachbody to<br />avoid this."
B002QZ1RS6,AIBS3RJVPRF18,Tyra M. Ivy,0/1,5.0,1347580800,2012-09-14 00:00:00,love it!!,This DVD series is great! Each day is such a new challenge. I love it. It was priced too. I can hardly wait to have my new beach body.
B002QZ1RS6,A306TXT8MBVKMT,Heather,1/1,5.0,1347667200,2012-09-15 00:00:00,Insane,"This is the most intense and insane workout I have ever done! Be prepared to sweat like crazy! It is a fast paced workout with very very short water breaks. As long as you try to keep up with the video and do the workouts to the best of your abilities without over doing it, I promise you will see results. I saw results after 5 days of doing it! Great purchase!"
B002QZ1RS6,A2NXVI45JG8Q6S,reader,0/0,5.0,1347667200,2012-09-15 00:00:00,Great workout.,"I've tried different ways to get fit...treadmill, bike, P90X, bootcamp. This is by far the best of everything. Both cardio and strength training in less than an hour and I don't have to drive to a gym. It's a great way to build endurance and strength in one workout. I also have several friends who feel the same. I am very pleased with my purchase."
B002QZ1RS6,A2HS4O8B4MNRAO,"M. Kornstein ""MRK 123""",6/14,1.0,1347667200,2012-09-15 00:00:00,Bought Used from Amazon - Was a pirated version that was grainy and missing sound in many places,"I purchased this DVD set used from Amazon.  The set arrived promptly, but the packaging and documents looked like low-quality photo-copies on thin paper.  The DVD sound did not work in many places and the video quality was poor. The vendor accepted the return of the set and I bought a brand new set from the original publisher, rather then through Amazon.  I wish Amazon could protect us better from pirated books, software and videos."
B002QZ1RS6,A3G35MO4W6AVZC,James,0/0,5.0,1347840000,2012-09-17 00:00:00,Excellent Product!,"Excellent product!  I highly recommend it.  Just be careful with the jumping and your heart rate.  Other than this, I recommend because it works!  You will get in great shape, so long as you stay with it and push through it."
B002QZ1RS6,A34ORVW1UC0H0A,trosas,0/0,5.0,1347840000,2012-09-17 00:00:00,insanity,This dvd set was pretty much new no scratches on cds and all the extra paperwork was all there. Best investment I've made in workout videos. But got to admit they are pretty tough.
B002QZ1RS6,A20S42VME52X5D,brl,1/1,5.0,1347926400,2012-09-18 00:00:00,Insanity Workout,Love it! its a great workout but very difficult - some dvds are easier than others. we do it during out lunch break so the length of most of the dvds are perfect.
B002QZ1RS6,A3P4PLP91WY61M,PG,0/0,4.0,1347926400,2012-09-18 00:00:00,Insane.,"I like it a lot; it's all cardio based. I'm going into week 4, and have lost several lbs! The meal plan is rough...I don't like having times meals, but it's worth it. The workouts are pretty crazy, but I enjoy them."
B002QZ1RS6,A33O8JOZ5N907N,Peanut,1/1,5.0,1348012800,2012-09-19 00:00:00,Insanity,"Well worth the money, worth the time, and worth the effort.  I can definately see the transformation taking place, and I'm feeling stronger in mind, body, and spirit."
B002QZ1RS6,AB87WFN9112WW,Sue-Ann,1/1,5.0,1348012800,2012-09-19 00:00:00,INSANITY: 60-Day Total Body Conditioning Workout DVD Program,"I am totally happy with this DVD workout. It arrived on time and in good condition. The workout is hard, believe me. You really have to dig deeper and push yourself. I am at day 17 and i don't think i look any different but i feel myself getting stronger and i can keep up better with the program. Good buy if you want to challenge yourself."
B002QZ1RS6,A3M19Q5S558SU0,Gabby,0/0,5.0,1348012800,2012-09-19 00:00:00,Good deal,This is a great Workout and recommend to anyone who is willing. This is a great deal. Prices are great and it is very very very trustworthy . Hope it is great for everyone else
B002QZ1RS6,A3LRJLWM2DX4IB,"Alek0 ""Alex""",2/10,2.0,1348012800,2012-09-19 00:00:00,"Meh. Not worth it, some potential danger, inadequate in many areas","Pros:<br /><br />1. Shaun T is motivational, and doesn't come across as arrogant as Tony Horton. P90X and P90X2 are much better programs, but I think I'd probably break the screen if I had to listen to Tony for 90 days. I tolerate him only in very limited quantities, maybe once a week or so. ShaunT is OK, although yelling Yo! and talking about himself in third person (Even ShaunT needs a break) is mildly annoying sometimes.<br /><br />2. It does improve cardiovascular fitness.<br /><br />3. I suppose if you have weight to lose, it would contribute to wait loss. Can't tell from personal experience since I am on maintenance diet and do not wish to lose weight.<br /><br />4. Eye candy. There are several guys with nice bodies. Women however in most cases do not have much of a muscle definition and have really puny arms. That should have given me a clue that this one is not really for me.<br /><br />Cons:<br /><br />1. Insignificant upper body work. I've added upper body training twice a week and additional yoga once a week, but that is just enough not to experience deterioration, I am not making any more progress with my pullups and advanced pushups (backclap for example, or hands on medicine ball, feet of stability ball pushups).<br /><br />2. Workout is rather imbalanced, can result in too strong quads and consequently tight calfs, hamstrings, and IT band. I am adding additional exercises to correct this, additional stretches and also some foam roller work.<br /><br />3. Risk of injury - so far haven't injured myself, but I've been doing plyometrics moves in other workouts for years. However, a friend who just started injured himself on Day 1, fit test. Knee injury, it will take weeks to recover.<br /><br />4. Stretching is inadequate. Shaun T is obviously not flexible enough, and stretches are too easy and incomplete. I normally add my own stretching.<br /><br />5. If you are already fit starting this, you can't expect big progress, except maybe in exercises you don;t do that often. My first fit test was: switch kicks 123, power jacks 60, power knees 75, power jumps 69, globe jumps 12, suicide jumps 21, push up jacks 36, low plank obliques 76. My second fit test was:  Switch kicks 108, power jacks 53, power knees 91, power jumps 82, globe jumps 11, suicide jumps 23, pushup jacks 40, low plank oblique 86.<br /><br />6. Squats are too shallow. Even in recovery workout, when you are supposed to do ""slow deep squats"" they are not slow and you do not go below the position of thighs parallel to the floor. Insufficient challenge for gluteus muscles. Same applies to those leg lifts and kicks in plank position - I normally do these with added ankle weights, doing it bodyweight doesn't do anything for me. If you want a strength workout for legs and core, Butts&guts from Cathe works great.<br /><br />7. Not enough variety with pushups. Too simple, no advanced pushups.<br /><br />8. Core exercises not challenging enough. If you can do swimmers pushup with 2 medicine balls in P90X2,or pushups on 3-4 medicine balls, anything you encounter in Insanity will simply not be enough. Also I normally do twists with my feet up entire time + 6 to 9 kg resistance (depends how many reps), so bodyweight twists just do nothing for me. Ab Ripper from P90X and P90X2 is much better, and so is STS Abs od Cathe. There should be also something added for low back. Supermens for example.<br /><br />9. Price is just not worth it. Especially considering that there are so many good programs which are free, for example www.lovingfit.com."
B002QZ1RS6,A4ZFVF13PXS5,Romerson cesar paiva,1/3,5.0,1348099200,2012-09-20 00:00:00,"The best workout ,","Insanity the great motived ,workout,nutrition,aerobic,power,cardioi,fit,stretch,flexibility,funny,happy,I'm enjoy my insanity,I spoke with friends,clients.Insanity is amazing,deep,hard.I start this week,so happy,exceed. I waited for results and object ."
B002QZ1RS6,A1UI6G11PVENZ7,w3sile,3/3,5.0,1348185600,2012-09-21 00:00:00,Amazing product,"This is an amazing program. If you want to lose weight AND be in the best shape of your life, it's only 60 days away. I'm only on week 4 and I've already lost 24 pounds. Please try this if you're physically able to. Remember to consult a physician before doing this program as it is not for everyone. But if it isn't too hard for you, you/re crazy not to try it!!<br /><br />I HIGHLY recommend"
B002QZ1RS6,A383HZH9F6P348,Jonas Brothers #1 Fan,3/59,1.0,1348185600,2012-09-21 00:00:00,Dieting and excercise is a waste of time and money.,"Hey all,  Lately I've been going to McDonalds and other GREAT fast food chains and have noticed that they are starting to serve more healthy food and listing calories next to menu item.  It is very irritating because I go to a great restaurant like McDonalds to enjoy delicious food, and not worry about prices or calories...I love my body and I am happy with having a gut and love handles.  Anywho, at a recent doctor's visit my Doc said that i had atherosclerotic coronary artery disease and my arteries were 99% clogged.  He tried to threaten me saying that if I kept up my lifestyle I would have about 6 months of life left in me and suggested I do a workout program such as Insanity to get ""in shape"".<br /><br />So I put this insanity DVD on and gave up after 30 seconds.  Working out and healthy eating is a complete waste of time and effort!  As a matter of fact, why would anyone want to look like a convict on death row!? If I am going to life my life I am going to eat happy at great places like McDonalds, Burger King, and Jack in the Box. Also, my time is valuable to me and I would rather be watching good DVDs like Jersey Shore, Battlefield Earth, Freddy Got Fingered, and Catwoman."
B002QZ1RS6,A2WZVTHJM339PD,osX,1/1,5.0,1348444800,2012-09-24 00:00:00,Have to Keep Going!,"I kept seeing this infomercial for what seems like years.  I tried the SEAL workout (VHS, heh) and some of the P90X DVD's previously but I never really committed to any program.  Mainly I was running about 12 miles a week for cardio (3 days x 4 miles) but wasn't doing any weights or calisthenics.  I've never been a really big guy or anything (5'7"") but was around 135# in college and over the past 18 years at one point made it up to 175#.  For the past few years I have been hovering in the mid 160's.  But, hey, enough about me... let's talk about Insanity.<br /><br />This is the best workout I have ever done and it is still kicking my butt every day.  I am just about done with month 1 but I give every exercise 100% effort and try to minimize my breaks (and there are some I need to take, especially during the Pure Cardio disc).  ShaunT is an awesome trainer and motivates you every step of the way.<br /><br />I do follow the meal plan very religiously but there are plenty of things for variety in there to eat too.  I have a set eating schedule and based on my weight loss goal of 1.5# a week I need to eat 5 meals of approximately 400cal each per day.  I eat every 3-4 hours and have a 200cal protein bar before bed.  I am on track and have gone from 165# at the start of the program 22 days ago to 157#.  The meals are healthy and balanced and really add to the culture of fitness I am trying to embrace.<br /><br />This is not an easy workout plan.  The first day, I thought I was going to pass out during the fitness test and had to sit out the last 2 exercises.  But don't give up.  This is well worth the price to get your level of fitness back and start living a healthier life.<br /><br />Thanks ShaunT!  You rock."
B002QZ1RS6,A1B02UJXKXFLDR,T. Hudson,1/1,5.0,1348531200,2012-09-25 00:00:00,Definitely insane!,"If you want to REALLY transform your body then Insanity is it.  I have been doing the workout for the past couple of weeks and I already see and feel a difference. I actually ""feel"" by muscles getting tighter; I've never felt that before. I am in the Army, so I thought I was in pretty good shape until I started Insanity! LOL. I would not recommend this to someone who has never worked out before; start with something less intense like Shaun T's Cardio Abs or something. I like this workout better than P90X because you don't need any extra equipment. You will break a sweat in the first 10-minutes which is just the warm-up! I had the nerve to wear one of those sweat suits while doing this workout and when I took that thing off it was literally dripping wet like I just got out of the shower. It comes with a calendar that tells you which workout to do everyday. It is a total of 10 DVDs. The first 30 days you do the first 5 DVDs then you get a week off and start the next 5 for the next 30 days."
B002QZ1RS6,A39WS1FYGROB8I,J. Potter,1/1,5.0,1348531200,2012-09-25 00:00:00,Exactly as described,"Insanity arrived exactly as described and has been as insane as advertised.  The workouts are great because you can do them at home and look like an idiot in the privacy of your own space.  The workouts suck because they are as difficult as everyone says they are.  Tons of movement, tons of sweat and yes, intense.  The good news is that most are completed inside of an hour and after 60 days you can always go back and cycle in a favorite disc every now and then."
B002QZ1RS6,A35P8VL5KYQ2YN,"T. G. Shipburne ""Ter""",1/2,4.0,1348531200,2012-09-25 00:00:00,way intense,super intense! i love this because it really kicks yer butt. im on my second week of it and i gotta say i am feeling muscles that i have not used in a long long time.
B002QZ1RS6,A1KLOXI12WB7WE,Heather,0/6,2.0,1348531200,2012-09-25 00:00:00,too repetitive,"I consider myself an intermediate/advanced exerciser. I really wanted to like this work out. It is too repetitive. I don't know why but my body started to leech nutrients from my skin, so my knuckles became dark. I took a multivitamin and copper (to help with iron absorption). Callenetics is boring as heck, but at least I only have to do that every other day and can eat what I want. With Insanity, I started to gain inches and pounds on a modified diet (2000 calories per day). At 30 Something, I think I am too old to be jumping around, lol. Also felt I had much better and longer lasting cardio gains with THE FIRM and Cathe Workouts."
B002QZ1RS6,A25Y9D9BE3IJPN,Jennifer,1/1,5.0,1348617600,2012-09-26 00:00:00,Insanity,"OKay, well I am sure I won't say anything new that no one else has said.<br />I love this work out, I love using a different dvd everyday. Keeps me interested. And I love how challenging it is. Shaun T clearly knows what he is doing.<br />When I first started this program I was not in shape. But kept with it, because I was determined. And as someone out of shape at that time, it was extremely difficult. But I could see myself getting better and better each time I worked out. It definitely build up my endurance, while kicked my butt in shape. Love it. Love Shaun T."
B002QZ1RS6,A3BKTBO20TIQIU,zsazsa,0/0,5.0,1349222400,2012-10-03 00:00:00,Insanity is insane and effective,"I've worked out for years and tried several of the other Beachbody workout programs, including P90X, Turbo Fire, Charlean Extreme, and Turbo Jam.  I have to say Insanity is truly the hardest workout program I've ever done, not for the beginner.  The results are amazing and worth the effort.  The ads do not lie, within 10 minutes I was sweating and wondering how I was going to make it through this.  Just like Shaun T. says ""You can do this, dig deeper""."
B002QZ1RS6,A1H8XPGI1HBN90,Vanessa,0/0,5.0,1349308800,2012-10-04 00:00:00,Great Workout Program!,"I have been doing this program for also 3 weeks now! I'm already toning up, which is all I wanted to do. I got my product quick. I was given a 2 week time span where it may have come. My product was shipped the day after I ordered it. Excellent!"
B002QZ1RS6,A3QP38AFCBYBE3,MSNYC,0/0,5.0,1349395200,2012-10-05 00:00:00,Not just 'fat burning',"Although my goals are definitley weight/fat loss after putting on 40 lbs after an injury a few years back, I'd have to say Insanity is way more then that. Even if you are not 'fit' you can moderate intensity/movement. The key thing I think that differentiates this that it gets you moving again.  If you want to get back in shape you need to do more then put on muscle or lose weight you need to get your body used to moving like it used  to. This will do that for you. Two weeks into it and can't measure weight/belt size but slowly getting more limber/spry and releasing all that latent athleticism. The rest  is really a bonus. I'll report back here, I'm guessing I  will end up losing between 10-15 lbs (started at 180 should be 140) but the key is that moving fwd after that I think I 'll have regained the mobility needed to take up any other program/sport.<br /><br />Just starting week three can definitley see a difference in movement and weight. I havent used  scale just my eyes and i can see.<br /><br />I did my second fit test this weekend (the first day you do one to assess/compare) here is the progress in just two week:<br /><br />Day  1  15<br />Switch Kicks 96 108<br />Power Jacks 40 56<br />Power Knees 60 95<br />Power Jums 16 30<br />Globe Jumps 4 9<br />Suicide Jumps 8 15<br />Push-up Jacks 25 30<br />Low Plank Oblique 45 57"
B002QZ1RS6,A1J4O0XSAYI2UW,REDNATION,0/0,5.0,1349568000,2012-10-07 00:00:00,Excellent,"I'm still not finish with insanity but all i can say IT pushes you to the limit, but well worth it!!"
B002QZ1RS6,A31GNPRJKU9Y3Y,Outofshape80,0/0,5.0,1349568000,2012-10-07 00:00:00,Insanity is Insane,Product was mfg wrapped and had all leaflets and posters.  Great deal.  Now I just have to get through the workout.
B002QZ1RS6,A22C4E9UMOQW1D,Jenn,0/0,5.0,1349568000,2012-10-07 00:00:00,Literally Insane!,"After doing some research on products that would help me and my fiancee stay fit and lose weight for my wedding that is in 10 months, I came across insanity. This 60 day total workout is awesome so far! As of now I lost 3 pounds and my fiancee lost 8 pounds. The only secret to insanity's success would be staying dedicated. Never miss a day, and push yourself. Shawn T is a great coach and watching the other people in the video make you feel like your at a gym taking a workout class. I recommend insanity to anyone who wants to get in shape and lose weight in a healthy way. Insanity you rock!"
B002QZ1RS6,A2UNHY3YQINUZ4,Nick Papagiorgio,1/1,5.0,1349654400,2012-10-08 00:00:00,Excellent Program,"I started this program to get back into shape to go back into the military. I grew up on farms, was Active Army, and deployed 5 times, and I've never been in as good of shape as I am now after having done this program. Like everyone else, I gained muscle and lost a lot of weight, clothes fit better, and every part of my body looks good, especially my legs.<br /><br />I recommend this program for anyone wanting to get in shape and is willing to spend 2 months to do it. Since starting and sharing my progress online, I've found that several of my Facebook friends either have done or currently are doing the program, so that helps with the motivation.<br /><br />My favorite parts about Insanity: It is structured so you know what to expect. The videos in the first month are all around 40 minutes, and the second month is around 60 minutes. There are no weights or equipment to buy. Just have a towel, a bottle of water, and motivation to look and feel awesome.<br /><br />Some of the negative reviews on here seem to be short-sighted, and I feel the need to address some of their issues:<br /><br />-""Not for Beginners"": This all depends on your level of motivation because, as it is flashes across the screen and as Shawn T reminds you during the program: ""Go at your own pace, but push yourself."" I spent a lot of time in the gym and rucking (walking with a ruck sack on my back) in Afghanistan and then took 6 weeks off and did nothing when I got back. While I could lift weights, I was NOT in any sort of shape when it came to cardio, so I was back to being a beginner in that respect. At 7 weeks into the program (at the time of this review), I am doing pretty great with keeping up with the cardio now.<br /><br />-Joint Problems/Injuries: There is a lot of impact in this program due to the jumping exercises. HOWEVER, there are things you can do to minimize this, like substituting the jumping for lunges, squats, calf raises, butt lifts, or any other leg-intensive exercises that they show you how to do during the 9 weeks. Take some supplements like Glucosamine/Chondroitin and Omega-3. Do the static running exercises on a mat or do the exercises in a room with carpet and padding. Do NOT do this program on concrete.<br /><br />-No Results: If someone said they did this program and didn't get any results, then they're either lying or were shoveling fast food into their face. Like all weight loss programs, you still have to watch what you eat. The good thing about this program is that it is structured and is easy for you to plan out HOW and WHEN to eat based on the level of exercise. There is even an eating guide if you don't know how to properly diet."
B002QZ1RS6,A3MQKI77S859JE,Francesca,1/1,5.0,1349654400,2012-10-08 00:00:00,"I hate it, but I love it!","I received my Insanity workout set in the mail last Saturday and I started it today (Monday) and let me tell you....it is hard! Let me give you a bit of background on myself. I'm a 23 year old female and I'm only 4'7 (yes I'm very small LOL) and well I weigh in at 145. Yes I know that I'm super obese for my size. Well....I use to weigh 110 which in my opinion was the best weight that I had ever been in my life, and my goal is to get back to that weight.<br />This morning was my official first day of insanity and it totally lives up to its name. Even though today was just the fit test, it felt like an intense workout to me. And sadly it proved to me just how unfit I truly am. It was so hard to watch these people on my TV who have incredible bodies, do incredible things, while I'm laying in a pool of my own sweat trying to catch my breath. But the thing that I did like was that even though these people must do Insanity everyday, they still looked like the struggled a bit to do some of the moves. They would stop too, but seconds later get right back into it. And that is something that really motivates me. I hated doing workouts were the people on the video were like smiling robots who would never stop to take a break!<br />After my fit test, I could feel every bone and muscle in my body crying out in pain! I was panting and laying on the floor shaking, dripping in sweat. And you know what? As crazy as it sounds, it felt good! It feels good to know that I'm on my way to a better me, and all I have to do is hit play everyday for 60 days and work my butt off (literally). I'm honestly scared for what a waits me tomorrow morning but I know that it'll be worth it. I just have to ""Dig Deeper!"""
B002QZ1RS6,A2WDG9C1B34W9I,C. Ryan,0/0,5.0,1349654400,2012-10-08 00:00:00,LOVE Insanity!!,"I just finished month one and I love Insanity.  The workouts don't require anything but your body, which I like.  I feel great after the first month and I have definitely lost weight and gained muscle.  My arms, shoulders, and stomach are more defined and I'm excited to start month 2.  If you do the workouts and try and follow the nutrition guide  (it's hard to do it exactly, but I have been using it the best I can) you can really see the difference."
B002QZ1RS6,A12JBB1GI3B5IK,Dom74,0/0,5.0,1349654400,2012-10-08 00:00:00,INSANE!,"So my husband and I just finished week 1 of Insanity and I have to say that we both LOVE these workouts.  Yes, they are brutally hard but in just one week we have both had great results.  My husband hasnt worked out in 3-4 years and is about 40 lbs overweight and the first week was hard for him but he pushed through and has lost 5 lbs in just one week.  I have been working out pretty steadily for the past few years and I have lost 4.5 lbs the first week.  I want to lose about 10lbs but mostly just want to really get in great shape.  I have completed P90X a few times and had good results from those workouts so I figured I would purchase this and Im glad I did.  We have had to modify alot in the first week and we take alot of breaks but its getting easier and easier.  We are also following the meal plan that they give you and I think that has helped alot also."
B002QZ1RS6,A1SVLHEMBJM6QK,Jim,0/0,5.0,1349654400,2012-10-08 00:00:00,Great product,"This is a great product if you just stick with it. My recommendation would be to go at your own pace, continuously challenge yourself to push a bit harder and you will absolutely see results."
B002QZ1RS6,A2QG4PJUCI59KZ,"Dwayne Jackson ""BladeRunner1435""",0/0,5.0,1349740800,2012-10-09 00:00:00,Insanity,"This product was received in a timely manner.  It appears to be what I am looking for, a professional guide to aerobics workouts without the need of a health club."
B002QZ1RS6,AWS1HQRDO8UID,Elyse Tanzillo,0/1,4.0,1349740800,2012-10-09 00:00:00,love it!!!,"i was a billy blanks lover for the longest time. No one else could give me a work out like him. Then, i met shaun T... There will always be a place in my heart for billy, but shaun t got my ass moving in ways billy just can't. LOOOOOOVE IT!!!"
B002QZ1RS6,A2W4FHAU0S2IWY,Lugo,0/2,4.0,1349740800,2012-10-09 00:00:00,Great cardio..,I've tonned a lot from insanity! I recommended %100 :) specially if u want a beach body with great abs.
B002QZ1RS6,A3LJTLUHI8PG1E,A. R.,0/0,5.0,1349827200,2012-10-10 00:00:00,"""Insanity"" purchase","Ordered ""Insanity"" by ""BeachBody"".  So far its a great product. I am finishing up week two and feel results.  Working out in general is good, however the ""Max-interval"" training presented by Shaun T really optimizes the use of time.  30-45 minutes in front of my TV, in my residence, with no required extra equipment.  It does take a little discipline and you have to have the desire.  I come home from work, change into work out clothes, put the DVD in, 30-45 minutes later I am done; too easy.  No changing, grabbing a bag, going to the gym, waiting for equipment I want to use, being around people who want to show off how ""strong"" they are.  I had lower back surgerey about 18 months ago and slowly got back into shape and I wanted to increase my training, this works for me.  I know my limits and might not say to anyone recovering from such surgerey to do it, but it works for me.  Im sure its not as hardcore as some crossfit training, or training to becomes a Seal, but for me it works.  No required equipment + low time requirement + do it at home = making it easier to mantain motivation and commit.  I personally did not subscribe to the meal plan, but I feel I know how to eat healthy.  I mix a scoop of muscle milk and a scoop of vibrant healths green vibrance together and drink that shortly after.  Obviously working out is only one part of seing results, diet is equally important.  Im tired of typing now."
B002QZ1RS6,A1TXRKNEX11I0I,N. Murphy,0/0,5.0,1349913600,2012-10-11 00:00:00,Insanity Workout DVD,"We got it earlier than expected, so we started right away.  The product was in good condition.  The program itself is physically quite difficult, but we have committed to doing this for 60 days.  Thank goodness for the day off once a week on the schedule!"
B002QZ1RS6,A1UWGARX70UHB8,Krystina,0/0,4.0,1349913600,2012-10-11 00:00:00,Great toning workout,"I love the workouts! They remind me of being back in track and basketball with the plyometric drills.  I am 30 days in, I have been following the diet, and I have not missed a work-out yet.  I have noticed improvements in the tone of my legs, butt, and shoulders.  My biggest disappointment is the lack of weight loss.  I can't say that I had a ton to lose to begin with, but the promise of the program is a total body transformation.  The testimonials demonstrate significant weight loss.  Most of the work-outs are among the toughest I've tried.  I like the challenge and the motivation that ShawnT provides throughout the video.  I wish the meal plan had more variety, but I can't complain about it's ability to keep you feeling full.  WIth high levels of protein, if you stick to eating every 2-3 hours, you won't have the cravings that cause you to cheat.<br />It's definitely worth the money!  Good luck!"
B002QZ1RS6,A3UUF8RE6C77MX,Zelda,2/5,1.0,1349913600,2012-10-11 00:00:00,Don't order from Fightclub,"I ordered the Insanity DVD set from Fightclub on Amazon. When the DVD's arrived from China, they were horrible quality. They skipped forward sometimes up to 2 minutes at a time and one wouldn't play in the DVD machine at all. The seller refused to admit there was an issue until I got Amazon and my credit card company involved. I finally got a refund after I mailed the set back (I had to pay for the shipping). I then ordered Insanity directly from Beachbody and they play fine. The workouts are great."
B002QZ1RS6,ATCGZU9VK881Z,Vakula Bai,0/0,5.0,1350000000,2012-10-12 00:00:00,Life saver workout,"I am 35 year old , 5'6, and 191 lb when I started insanity. I had lot of belly fat with my tummy looking like I was 7 months pregnant( I am a man).<br />I tried going gym before but could not motivate myself enough to drive to gym every morning in cold weather.<br /><br />I saw the infomercial on tv, bought Insanity DVDs and started the workout. 40 minutes a day, 6 days a week. Within 3 weeks, I lost 10 pounds. I lost almost 70 percent of my belly fat and i have flat tummy now, though its not ripped like Shaun T. I made a lot of diet changes, like drinking 10 bottles of water a day and reducing portions of food i eat. Also switched to eating 4 times a day with smaller portions. I dont take any recovery formula, but considering buying one.<br /><br />I cant ask for more motivation after seeing results like this. I am getting into week#4.<br />Will keep updating my progress. but I want to tell this...this Insanity workout is a real thing. It works if you have discipline and dedication to follow the schedule."
B002QZ1RS6,A3NE8Y2YN5HZEV,mty09,0/1,4.0,1350000000,2012-10-12 00:00:00,It's good and it does work you out! It's not for everybody!,"I've had it for two weeks so far, but do to my busy schedule last week, I have yet to actually workout a full week (I managed to get 6 out of 14 days). I'm average to okay shape for my size (5'6 175 lb, 21 % body fat, good upper body strength) and these 30 - 40 min workouts are insane! This is not for overly obese people or people who rarely works out, you have to be in some form of shape to do these. I managed to last through every workout so far, but I do take breaks often. You just have to dig deeper! Hopefully I can really start this work out consistently next week, I did 3 days each week so far. Its tough, I highly recommend you to be in okay shape! If you have a partner, spouse, or workout buddy, have them do it with you! Not only does it motivate you, it makes you feel better. I only gave it 4 stars because I haven't give it a chance yet, I have a feeling I will see some results soon, and I'll give it 5 stars! Buy it, if you are ready to get in shape and tone up fast!"
B002QZ1RS6,A3J7QJXLIVYK9S,Ron,0/2,3.0,1350000000,2012-10-12 00:00:00,Insanity review,"The product never came so I filed a claim through Amazon. The process only took about 8 days and I got a full refund. Thanks!... I have used the workout before too. Its a good way to add cardio to any exercise program, especially for those who hate running."
B002QZ1RS6,A2U2YZ8292JQ7N,Anuj Agarwal,2/2,5.0,1350086400,2012-10-13 00:00:00,"Yes, the workout is intense but I LOVE it","I am three weeks into the Insanity program and I can't rate the product highly enough. Does it work? I think so.<br /><br />I hadn't consistently worked out since the beginning of the year due to work, family, and other commitments (I know -- excuses, excuses!). So I needed a workout routine with a 'defined' timeline (even if ambitious) that would keep me motivated. Insanity has fit the bill perfectly. Shaun T is a good instructor and I personally enjoy his training style on the DVDs. And the '60 day' schedule feels doable.<br /><br />Below are my observations / suggestions three weeks into the program --<br /><br />1) Be ready for a challenge. As many others have noted, the Insanity workout program is intense. If you are not used to intense cardio / interval training (or MAX interval training), it takes getting used to. The first week I thought I was going to collapse and found myself cursing at the TV on several occasions.<br /><br />2) Get a heart rate monitor. If you try to keep up with the exercises, your heart rate will be elevated. It's important to ensure you are staying safe. Doesn't mean you don't push yourself. The first week my heart rate was 100% or more of the 'theoretical' maximum for someone with my profile.<br /><br />3) Invest in a workout recovery formula (NOT necessarily the recommended brands) -- I already had the whey protein, casein, multi-vitamins, etc (all from Optimum Nutrition). but I was skeptical of the BeachBody endorsed 'Results and Recovery Formula'. I experimented without a recovery formula for the first few days, and found that I was drained for several hours after the workout, and then extremely sore the following day. Rather than get the BeachBody formula (it is expensive!), I decided to try the Optimum Nutrition 2:1:1 mix (Mucho Mango), and the difference was phenomenal. I had more energy after the workouts and wasn't as sore the following day despite pushing myself further in subsequent workouts. This is NOT an endorsement for any particular brand. Get what works for you but IMHO a workout recovery mix is important. Some people say chocolate milk works just as well. I haven't tried it.<br /><br />4) Stay aware of what your body is telling you and ADJUST. This workout can be tough on your joints, especially knees. I don't have knee issues, but I invested in knee braces because on some days my knees would hurt and I would have to ice them.<br /><br />5) Try and stick with the program. Did I mention this workout is intense? Some days you will feel your muscles are sore, or your knees hurt, or you are lacking motivation. As Shaun T says, ""just push play"". Once the warm up routine starts, you'll get into the program.<br /><br />Again, these are just my observations. As of now, I am seeing results and am motivated enough to push through the rest of the program. 5 stars!"
B002QZ1RS6,AIVY9TXTG0KKE,ashyre08,0/0,5.0,1350172800,2012-10-14 00:00:00,Insanity,This Insanity workout program is great! I have been doing it for a month so far and I feel like I am in great shape. The next month to come gets even harder so I am excited to see more insane results!
B002QZ1RS6,A33HD0KEFHXLEO,"Daleen A. Bell ""dbell""",0/0,5.0,1350345600,2012-10-16 00:00:00,GREAT WORKOUT!,"If you want a great workout, buy these CDs!!!  No need to do anything else but this workout to see results in a short amount of time."
B002QZ1RS6,A33L5WQG9EDH4O,Nyingone,0/0,5.0,1350345600,2012-10-16 00:00:00,Great!,The item arrived quickly and in great condition. The program looks like it had been barely used before. Nothing was written on the Insanity Calendar. I'm very satisfied.
B002QZ1RS6,A14XTX607E350T,leadhead000,0/0,5.0,1350345600,2012-10-16 00:00:00,good stuff,very good product does the job very well lots of different moves to keep you motivated insanity is a good mane for this cuse you have to be insane to do this workout
B002QZ1RS6,A3OJ62AAOR0FCY,A. Rose,4/4,5.0,1350432000,2012-10-17 00:00:00,From a Non-Fitness Guru Woman's Perspective,"*I ordered this from the beachbody.com website*<br /><br />Just to start off: I am not a fitness junkie.  I don't like to workout, not even a little bit, but I really don't like dieting, so I figured I had to start exercising.  I've tried so many other videos in the past but can never keep up with them for more than a few days because they're BORING! Insanity surprised the heck out of me.  First of all, there's a schedule which means there are several different videos that rotate during the week (6 days on, 1 day of rest) which helped a lot with keeping me entertained.  Second, I was too tired to be bored! These videos kept me dripping sweat and gasping for breath.  I also loved how they didn't feel scripted.  The instructor, Shaun T., doesn't seem to be entirely relying on cue cards and the folks working out with him, not only do they take breaks but even better, they don't have fake smiles on their faces the whole time! What a relief! It's scary seeing a whole room full of people grinning from ear to ear while they supposedly push themselves to the limit.  Luckily, this doesn't happen in Insanity, not at all.  I don't measure my body and I don't use a scale, but I can see the changes in the mirror and in the fit of my clothes.  I haven't changed my diet AT ALL, and I haven't completely followed the program (admittedly I've skipped some days), but I am still seeing great results.  Insanity is set up to give you a nice, lean, toned body.  It's not going to give you bulging pectorals or massive biceps, but you will feel stronger, more energetic, and you will lose weight.  Also, I am very impressed with all of the Team Beach Body products as a whole.  I have purchased P90X and Chalean Extreme and although I have not done them yet (still too into Insanity), they also look great and I'm excited to try them out."
B002QZ1RS6,A3405S79IGA3A1,Emily D. Voorhies,0/3,1.0,1350432000,2012-10-17 00:00:00,Disappointed,"I purchased the dvd and it shipped two days later but took almost 3 weeks to arrive, when it was supposed to be coming from 2 states over. I tried repeatedly to contact the seller with no response.  Once the dvds arrived , most would not play in my player and it is obvious they are not original copies. I ordered from this seller because of the high ratings, but it is a joke. My shipment included a coupon for $25 visa if I rated them 5 stars. Don't trust this seller!"
B002QZ1RS6,A1YR9QCCRSXPVE,eric,1/1,5.0,1350518400,2012-10-18 00:00:00,Ignorance is no Bliss -- with Insanity,"PROFILE: 42 yrs, 6'2"" 233 lbs<br /><br />Before exercise/before Insanity:<br /><br />Went for a routine med check up & after examination (blood work included) was diagnosed as hypertensive, Cholesterol level normal, but HDL (good cholesterol) was subnormal. Translation: Risk candidate for heart disease. And that's not to mention with the high BP I was also at risk of getting TIA(Transient Ischemic attack/Stroke). My glucose level was normal, but my HbA1c, or glycohemoglobin test was subnormal. Translation: Risk candidate for diabetes.<br />You can imagine how one feels with this new realization. I was depressed beyond words. But somewhere in the depth of my soul a part of me screamed ""I want to live!!!!!""<br /><br />And so began my journey...<br /><br />EXERCISE:<br /><br />Now every individual's height has a correlating weight range. For me @ 6'2"" mine is about 180 lbs - 190 lbs (you can Google yours up). Below that, I'm underweight, above that, I'm overweight. So, this range gives you a ""comfort zone"" to bounce up & down in, weight-wise.<br /><br />But I weighed 233 lbs. 40 lbs above my expected upper limit.<br /><br />I hit the gym for about 4 months. For 2 months not much happened. But through trial & error, I understood,rather than work 30 min on the elliptical, I stepped it up to an hour with 10-15 min resistance training (weights, dumbbells etc). My weight dropped from 233 lbs to 217 lbs. Then it steadied there. Meaning my body had found a way to adapt to what I was doing. So with a slight change in diet (oatmeal + yogurt for breakfast only, for 1 week -- every other thing constant) & I switched to biking (13 miles) twice a week on our local bike trail/lane I dropped to 200 lbs. Wow, I told myself, good job. But again my body began to adapt & my weight steadied. Besides the weight problem,  my love handles hung round my waist like an unwanted belt.<br /><br />INSANITY:<br /><br />We all see the infomercials. Yeah, I was like they (all gimmicky  health ads)promise so much but will they deliver? Then a voice from over my shoulder (my wife) said: ""Why not call & place an order?"" And so I did. That was on the last week in Sept. This is my journey so far .....<br /><br />I came into this with a lot of swagger and confidence. After all, I'm the dude who bikes 13 miles, right? What could this Shaun T fella possibly throw at me that I couldn't handle?<br /><br />Ignorance, in this case, turned out not to be bliss...<br /><br />Began Insanity on Mon. Oct 1st. Liked the coincidence in chronology, but HATED day 1 fitness test. 10 min (ONLY) & I'm already gasping like a drowning man. Correction: I was GULPING air.<br />By week 2 Thursday, I almost gave up. YES, I wanted to quit. What rubbish was this? My body ached, I was beyond sore and disgruntled. I mean it was ABSOLUTE madness. OK, I can now see where the name came from. But, I also realized my mind & body were in their final collision mode. A war of mind over matter. One had to give for the other. I literally WILLED myself through (an 1 hr and a half later FOR A 45 MIN WORKOUT). But once I over came what I believed was the last fabric of resistance by my body; I knew I'd pull through to the end.<br /><br />Week 3: Tuesday: My ""Aha, eureka"" moment.<br /><br />For the 1st time since I began this private boot camp, I finished it without having to pause (YES, I ADMIT IT!) the video. Initially, the 30 sec breaks were too small for me, and I was taking 3 min breaks by pausing it. But this Tuesday, I did none of that, and watched myself pull through without a single pause. Finally, the wheels of stamina had begun to slowly turn...<br /><br />Today, Oct 18: did Cardio Recovery & I notice that my body isn't aching like in the previous weeks. Definitely, something is happening. Something wonderful.<br /><br />Will update this piece as I continue to count down."
B002QZ1RS6,A3I7WVOHMLEDMN,BelleEtoile,0/0,5.0,1350518400,2012-10-18 00:00:00,Love it!!!!,"After I had a baby I wanted to get back into shape ASAP. I ordered Insanity and the results are looking great so far. I have completed one month of the program and noticed a big difference. This reminds me of military bootcamp all over again and I love it. If you haven't purchased it yet, do so."
B002QZ1RS6,A2JMNNK8F8YG4Z,Melissa Hedges,1/3,2.0,1350604800,2012-10-19 00:00:00,"If You're  Already Fit, This May Not Yield the Results You're Looking For","First off, let me just say, YES, I have completed the 60 days. I am writing this post based on 60 full days of Insanity.<br /><br />A short back-story because I think it'll help. I have been doing distance running for a number of years now, and completed the Boston Marathon back in April. Along with a rigorous running regimen, I also go to the gym three times a week to strength train. Additionally, I will usually use my elliptical machine at least twice a week. On any given day, I work out for between 1.5 to 2 hours.  That said, you wouldn't look at me and see that I'm ripped, however, I am lean and I am very physically fit.<br /><br />I started Insanity in my running off-season, because it's hot here and I was getting burned out on running.  I wanted to replace running as an experiment and see if I could condition myself in other ways. I wanted a workout which would be hard and challenge me, as well as lose a few pounds and get more ""cut"". Enter Insanity.<br /><br />When I started the first month's workouts, I really felt like they weren't long enough (about 35 minutes), so I decided to run 4 miles prior to doing the videos every day. The first month was somewhat challenging; however, I was very disappointed in the lack of calories I was burning. Although Insanity follows the HIIT protocol, I could not get my heart rate above 160 bpm no matter how hard I tried. Perhaps this has something to do with my current conditioning.  After month 1, no weight loss, no definition. Nada.<br /><br />After month one, I was a bit frustrated because I was seeing 0 results. I read that month two was much harder and that is where people supposedly get the most results. Awesome! Bring it on, I thought. Month two is hard (VERY); however, here are my issues with it:<br />- Intervals are short (3 minutes), I barely got to 160 bpm, and then I was back into recovery mode. Though the workouts were longer, I was still not yielding the calorie loss that I hoped. On average, during a 55 minute workout I would maybe burn up to 350 calories.<br />- WAY TOO MUCH jumping, I noticed my knees were getting jacked up (and this is coming from a runner who averaged 50 miles per week of running and never had knee problems).<br />- WAY TOO MANY push-ups. I could care less about my chest muscles, I have breasts covering them up, after all.<br />- Work outs were random and didn't offer balanced conditioning.<br />- Cast members really started to annoy me, especially Tania (don't ask why, I could write a whole blog post on these people alone).<br /><br />After month two completed 0 RESULTS! In fact, I gained 2-3 pounds (please note that my diet did not change at all during this process, the only thing that changed was the fact that I was not running nearly as much).  WTF?!?! I did a before and after photo, and I swear I must have bulked up or something, because I actually look worse.  I've concluded that I have crappy genetics (actually, I concluded this when I was about four years old, but this only further validates it). I will never get ""cut"". I have been ten pounds lighter than I am now, and still was never cut. I think this is also proven by some of the Cast Members on Insanity. Take Akeel (misspell?) for instance. This dude is ripped like Shaun, however, he can barely make it through many of the intervals. I noticed that I almost always out performed him.  Also, look at the various people in the video; they all vary greatly in how much they are ""ripped"". If you work out a ton, and are not ripped, like me, then you got dealt the crappy genetics card (thanks mom).<br /><br />My overall analysis is if you're fit, you may see marginal results, depends on your genetics. If you're lean, be prepared to get a bit ""bulky"". If you're a runner, you're better off sticking with running and do some strength training on your off days, plus, you won't risk killing your knees in the process. That said, I will continue to do Insanity a couple times a week, because I feel it does have some redeeming qualities; however, just didn't yield the results I expected."
B002QZ1RS6,AM9M0VA6B3IJO,Tommy A,0/0,5.0,1350691200,2012-10-20 00:00:00,Changed my life,I have been using if for about a month and have lost 18 pounds. It works great! I am so glad that I bought it!
B002QZ1RS6,A5K49HLED1LC0,millielg,0/0,4.0,1350777600,2012-10-21 00:00:00,INSANITY Workout,"Love the workout.  Totally meets expectation to get me on the road to a better physical me. The intensity of the cardio has helped me to improve my tennis game, I no longer get winded and I can move to the ball faster!"
B002QZ1RS6,A3QEVRG3132Q4N,Maneeka J. Ray,0/0,5.0,1350864000,2012-10-22 00:00:00,What a workout!!,"I'm not in any kind of shape, but I have done this for 3 weeks and I love it!!  It it hard, but doable. I'm starting to see muscle definition and my husband has lost 10 lbs! I highly recommend!!"
B002QZ1RS6,A2JK117MVQJMA4,Marjorie Massenburg,0/0,5.0,1350950400,2012-10-23 00:00:00,Insanity,"This is a great workout.  I am on my 4th week and really seeing changes.  Insanity works your core, I am ready for the recovery week."
B002QZ1RS6,A301CIJJ7M8ET,Trace,0/0,5.0,1351036800,2012-10-24 00:00:00,My kind of workout!,"Although I wouldn't recommend this program for beginners, if you have been working out regularly for several months and are ready to up your game, then Insanity is for you. I am a personal trainer and I'm always looking for DVDs that will hold my interest longer than a few weeks.  I can't get enough of SHaun T. He is a great instructor, highly motivating, and always enthusiastic. If you like to drip sweat after a work out and truly feel like you have accomplished something worthwhile, order it today."
B002QZ1RS6,A3GD20MQ3ZKF92,"Rocket57 ""Rocket57""",0/0,4.0,1351123200,2012-10-25 00:00:00,Great Cardio Workout!,"Really enjoyed the workout and would have given it 5 stars, but felt like I slipped back on my upper body strength. Combined it with P90X and thought it was perfect! Sean T is a great motivator, though not quite the entertainer you get with Tony Horton."
B002QZ1RS6,A38EPWYY7BJTUZ,tara,0/0,5.0,1351123200,2012-10-25 00:00:00,Awesome,"The product was amazing, very quick and good service.  Everything I expected, could not ask for anything more, will use this person again."
